Time,V1,V2,V3,V4,V5,V6,V7,V8,V9,V10,V11,V12,V13,V14,V15,V16,V17,V18,V19,V20,V21,V22,V23,V24,V25,V26,V27,V28,Amount,Class
69195.0,1.05437903291907,-0.764756419460614,0.160168078968411,0.665587189940565,1.11346638909702,4.77165573383805,-1.53660943363554,1.30648266765391,1.56505358775661,-0.349941385524786,-1.23849645750379,0.608002176754826,-0.249115332095802,-0.933969225867973,-1.40787345876443,-0.191382613222533,-0.180853248971067,0.226980050610162,0.537470403750458,0.0509954283993836,-0.0971381872974808,-0.0297593767698593,-0.171595743026864,1.04720109532518,0.698594759853646,-0.217938574202176,0.101969682398165,0.0401519539040167,56.42,0
80769.0,-4.80513393557294,4.3511913588915,-0.916134986044381,-0.900752101870072,-0.870777374371496,-0.78294625189835,0.328104178312201,0.582500806415953,2.74933555310759,4.72805980610613,0.455161855584439,0.649739859935223,0.930378839044268,-1.66332510046969,1.33473758918639,-0.283320988433802,0.152339586128643,-0.950771496415163,-0.935567070724312,2.16019258798716,-0.854485788247943,-0.758266454095479,0.147004927223613,-0.021274329407802,0.552659646599678,0.0083180195958496,0.431834957301001,-0.436239287568366,9.82,0
41182.0,-1.54983345195159,-0.26114315874432,1.55628863683519,-2.0378166824863,-0.36631531541086,-1.33431354978243,0.165405636874931,-0.0257820580238492,-1.47275050792732,-0.172838142241362,-0.59484191083985,0.0630591067564163,1.05418518287972,-0.171535170397684,0.192040889949481,-0.867482601496339,-0.348273763052833,0.743352274314413,-1.45467227791701,-0.347365417579605,-0.405655532909706,-0.951004628053346,-0.14775233987555,0.42410030798831,0.0818449986130982,1.10355919146344,-0.502271463804,-0.248822441782157,46.08,0
666.0,0.216343575258568,0.663182371945179,1.3035204929848,0.169218968089031,-0.404266108775601,-0.517287982713878,-0.0369380862682669,-0.838220932301891,-0.528674579279277,-0.174777481783324,1.64846623628807,1.11494709795295,0.20215014985674,0.479423825598821,0.226420310696871,0.456002712938967,-0.558257912601226,-0.101938542322443,0.0007581984734141,-0.184928818262446,0.552788328649449,-0.96120563560837,-0.0146422612183742,0.525962357437243,0.750876878027172,0.141542961308495,0.0451070269321751,0.127320759061877,3.58,0
160870.0,-0.27336528555437,0.825649098301864,0.555674288190172,0.384915218371207,1.34384167403139,1.98415879377063,0.3218079878532,0.510274985138214,-0.891463427930282,-0.1155611284497,0.952916294930152,-0.221254091770063,-0.867646480370609,0.974854665363153,2.44103526041641,-1.71102257838152,0.902399523638506,0.0222718377657048,2.09723168376532,0.172187966363016,0.346481868166299,1.16288944102824,-0.557535106107482,-0.896145793798315,0.503552711866272,0.555129095849607,0.129099226081408,0.0475707677085973,2.84,0
28583.0,-0.355558523211459,1.15216730144035,1.18038317377693,0.871709077027013,-0.11016670738729,-0.555447388009305,1.16880834494484,-0.304428762801225,-0.742217718220138,-0.18925256447652,-0.370770549608592,0.282446362629217,0.856522069494953,0.140151904765986,0.936969315561208,-0.349585541160572,-0.252451723150347,0.0101190725418394,0.420896999448055,0.0373879521669341,0.17868233387867,0.579649548273856,-0.131982338086352,0.427097216533404,-0.233495878453248,-0.34973808247273,0.0732847243810976,0.145505791233263,76.5,0
40280.0,-2.8754246415982,-2.90825639710845,2.76302737172799,5.47022622555178,2.75234817675438,-0.942683813894384,-1.80112008783208,-0.314516760686375,-0.438205490206813,2.91352338099511,1.12880391131564,-0.189111901142786,-0.479582246669664,-0.599050866400742,0.52302142815893,0.175708956682897,-0.381547654004708,0.840590222119193,1.20668202057157,-0.337012052715407,-0.0394859151628235,0.956967380529904,-0.399411264675801,0.630981290933587,-1.31212874862384,0.183928592626505,-0.247994538116078,0.0157257857767884,83.0,0
166502.0,2.03538309582432,0.0959663696675428,-1.80920827314749,0.236213226530768,0.63993293236398,-0.3752768417436,0.112440116704423,-0.0929281836335593,0.200144130232065,-0.223526854026835,0.926396588753925,0.925427679534504,0.385549537072955,-0.733618087819107,-0.511107796616336,0.583827345499157,0.0952851735007194,0.242888874521727,0.448614788071069,-0.0939150371996966,-0.322736834751066,-0.862695895109656,0.278417503878584,0.195904135436265,-0.24018790438227,0.170379775068596,-0.0663427023121033,-0.0412671775022943,10.99,0
87862.0,-1.97477416438961,1.75783025362284,-0.198483187707092,-2.63090859299818,0.0100963432616556,-1.65641754261049,0.859477999847447,0.227337194260433,0.889918335249822,-0.0750633666076382,-1.11367261848715,-0.225842685542953,-1.03214387002667,0.35299530843615,-0.356287399230977,0.345231092483917,-0.616021966606339,-0.761649535970656,-0.90931766020894,0.195245607212104,-0.366320085190863,-0.923971932861233,0.0198765110405185,-0.0584931758020743,0.113760065219168,0.38657039700437,0.395970167443823,0.333759911680837,1.0,0
82444.0,-0.41452532608084,0.548519005747535,-0.101306971633957,-1.09816040681649,3.01654170378288,3.19970376674588,0.416022656523654,0.716070553007451,-0.279604139956783,-0.134803695957155,-0.261446030428361,-0.251105032668496,-0.198689674485872,0.11829858687104,0.510323820858404,0.546561964876198,-1.30400724182741,0.16620006406384,-0.52371731368789,0.209043911239936,-0.226165982138532,-0.638127170663345,-0.0907505058111915,0.94551149916886,0.176846423504041,-0.728539815132911,0.118644018171992,-0.118223597249604,10.84,0
130365.0,-1.35235841611821,1.56314841875709,-2.84857522755838,-0.54428483449354,-2.12019321061507,0.262023200350572,1.10069373439664,1.11828225749557,-0.184876888786969,-1.27296609740656,-2.25562267225995,0.258311282952218,-0.327135984934139,1.25248615688731,-1.24097571970037,0.32485826579443,0.18293448797663,-0.280570704894952,0.0225169355266067,-1.04613378266945,0.217749360585084,0.566998513329717,0.461004881640813,0.542566129066264,-1.79469706857759,0.217097610415698,-0.33000766473398,-0.0718585993470177,365.04,0
60587.0,-0.972825220535248,-0.0016297052313917,1.07661820837072,-1.827726703405,-1.44495690248275,0.215024577536487,1.70980514603138,-0.261573413254043,-1.84202910065336,-0.041400706971145,0.678949216418923,-0.166635486318233,-0.0715570599691932,0.173333907054656,-0.330559624933803,-0.764435771752089,-0.643672433133248,1.63605262113455,-0.865408300932171,-0.413942189834011,-0.310548892663267,-0.54944755610639,-0.0767933640413337,0.0286992731537758,0.33147173976535,0.952115615162214,-0.0712194167010083,-0.0363118271601732,318.0,0
87125.0,-1.10333957614809,0.702393875132664,-1.10097464723721,-2.49420939067635,1.10305271026647,-2.09787675132087,1.60839357470398,-0.4215195584243,0.913302947336722,-0.218180745737301,-1.20743225372482,-0.432878825586205,-1.39538100559533,0.371934136657049,-1.01564550973002,-0.571645753876483,-0.511585068186609,-0.750991117028901,-0.831186825532175,-0.154944804659812,-0.0028058230275941,0.787495424735925,0.0705770615477658,-0.0288821739825473,-0.200343699892445,0.518187433268308,0.190251654481473,-0.199114287426957,1.0,0
8552.0,1.06857758531083,-0.0371991433100934,2.00288632251533,1.74375733863512,-1.12437194896427,0.489988660413052,-1.07602710989058,0.215161484513678,2.32872065070139,-0.627009278542055,0.65996320554952,-1.3586747803001,2.59143152719164,0.629696587261935,-0.465085772858174,-0.211408717622213,0.76539683300355,-0.0620162551623381,-1.12775510747033,-0.167300257159513,0.080148735683902,0.853703248154181,-0.0345635808441623,0.397918089385817,0.359366480750803,-0.205452014274373,0.0949882574093137,0.0373122438344363,3.0,0
80347.0,1.47031947493886,-1.30695795804754,1.08297034135285,-1.18797136625926,-1.9622382360312,-0.153578836152743,-1.56902834433337,0.0466152719518109,-1.0072258687507,1.25123645138565,-1.21085347074713,-0.77446572344147,0.495392078910945,-0.981530117846714,-0.205485001969752,-0.377898772463599,0.598230452120834,0.168630387972935,0.052974655348988,-0.318581042647662,-0.263858665419013,-0.194857908046226,0.0191751782439572,0.0259951647148792,0.294306108854442,-0.173672292669815,0.0778281761725233,0.0296628558614359,16.95,0
84100.0,1.24427646039462,-0.148640977285675,0.702794261031185,0.188324325129437,-0.423649377382391,0.42792215630085,-0.707683537281719,0.21810530953233,0.392592288589001,0.0506405965123097,0.314053162208857,0.609570642495963,0.548728876623861,-0.0246427999098857,0.786732059626811,1.2324908603887,-1.28062714069562,0.978671965862555,0.296056852132729,-0.0050075311490788,0.0482691244963906,0.149155570028757,-0.132267505712648,-0.784652105777355,0.298544049277347,0.509887328971888,-0.0037677365236433,0.0070766171950479,10.0,0
67016.0,0.190290663318873,0.311515991834706,1.60002830195823,0.424589287655221,-0.622008614550255,0.224567071975032,-0.597115762896034,-0.521859989539373,0.824576196288961,-0.53965816084183,-0.806230039632597,-0.104192869046757,-1.17537281188841,0.0384781753168693,0.37684905643642,0.306692116150939,-0.333482385924077,-0.285977888390402,-1.5583579783186,-0.478891683480651,0.817945361215209,-0.010773711858796,0.0313939962590255,0.0353592348499011,0.237315744945217,-0.526460062719182,0.268885661352882,0.276017382307146,1.0,0
114973.0,-1.59372881417669,-0.664025848347638,-0.627351115415628,0.0731430363692084,1.46704216801205,-1.72217575301749,0.586531555679259,-0.779907074263355,0.969014979071986,1.04786147680818,-0.814593449204764,0.0445335798733697,-0.0824582613171053,-0.242173958637651,-0.0703879214454396,-0.391624242569831,-0.473375767352864,-0.848823750100009,0.449728005851098,-1.05506797261485,-0.384366103690145,0.139728652140681,0.772529159312064,0.0260840992431107,-2.15745948034578,-0.114602822331711,-0.173938988715058,0.483193479614522,1.29,0
147050.0,1.9466007961525,-0.469071636589343,-0.268669964539906,0.372501383007292,-0.857058184807968,-0.769718990496358,-0.501959745908172,-0.0777348418997534,1.14409472369879,-0.0063033768009973,-0.84624506779303,0.210983673141208,-0.238015767440509,-0.0264931134089936,0.576044971019149,0.459701741131486,-0.486153926846706,-0.378335651422195,-0.0838804372970229,-0.159599561548986,-0.203728838304912,-0.548277963795604,0.404318487205881,0.032456676776744,-0.661683467840264,0.269284747984157,-0.042034893856342,-0.0386314539135511,35.0,0
130356.0,1.66493244334871,-1.09767691720389,-0.709087466549612,-0.77301219449598,-0.788090756561318,-0.485160296759475,-0.313369930694177,-0.107965570328807,1.04288165200992,-0.351783191744964,1.04470737728003,1.74540085492221,1.38309313250669,-0.0287391057051454,0.370531760780461,0.543756296117909,-0.927808589109466,0.180270548699973,0.604232079801178,0.312272368196237,-0.0170687381897359,-0.333757996369602,0.179345348187713,-0.281325132201692,-0.658685549817488,0.310228855172158,-0.0705417417709396,-0.0239865118150404,193.6,0
161585.0,-1.51569223875759,-1.23823408831112,0.758666456672071,-1.80184205043108,1.33434221150962,-1.49381489309141,-0.969457253835177,0.299324977163619,-0.732349513066758,-0.423207449492152,0.691135966721587,-0.804220615792451,-0.644537306107884,-1.89332943788033,-0.933906117335479,2.11542190878804,0.798093706603714,0.36304974993622,-0.0341907241002738,0.575777017780507,0.404110710148362,0.746803794967796,-0.0544977200553093,-0.467972303589899,0.105479254158785,-0.162311250007274,0.315036333765473,0.245886975450526,19.95,0
145598.0,1.99349083979782,-1.01416657484085,-0.449358460898078,-0.506247606079406,-0.987576842388823,-0.148209322803526,-0.887233972901397,0.0307520075277787,-0.324522937406736,0.937690023693602,0.519737127979148,0.902027364995597,0.740201553010835,-0.0855298665187764,-0.301078892440676,-0.871943397374927,-0.572602871281143,1.31627325438768,-0.47386256312821,-0.460871590335101,-0.555343818560898,-1.14648913963179,0.431354114829842,-0.438616164237358,-0.765248756079254,0.233816875636549,-0.0212428947079824,-0.0435785072536206,56.98,0
62997.0,0.866924080641597,-0.926949265733807,0.869153448050414,-0.984404790328554,-0.699114931329215,1.23328252698335,-1.01197324106737,0.587755472409223,1.80545445864133,-1.23337871252441,0.656343571852836,0.790406948740039,-0.192107196824717,0.10650894249486,3.3787164907738,-1.19047500094898,0.707006497749675,-1.14278745504512,-1.4602417392444,-0.0539662819049211,0.441147578393978,1.35729757737849,-0.0662422486439037,-0.924529436162292,0.128718825983842,-0.432309756844238,0.15587620594347,0.0424719524583242,100.0,0
158556.0,-0.630810521283638,1.06975115882779,-0.650168648049264,-0.577270535138087,0.935259943953943,-0.785936740760788,0.870589727787126,-0.245649021848793,0.392695366014607,-0.259462850794185,-0.708944797479591,-0.378580867423493,-0.471505621982594,-1.10213742272302,-0.0780276466114409,0.256291210047171,0.396795075075942,-0.270101203040163,-0.254749389352524,-0.140753149393284,-0.27839019587128,-0.854358821495421,0.245280054437916,0.480349226254913,-0.469456771760929,0.0591479339112988,-0.513762504881259,0.223167547122926,2.58,0
125024.0,2.03290096641118,-0.542057251587018,-0.712253473876024,0.270373111362958,-0.35932875384516,0.16257034815251,-0.77135300678799,0.160711418788351,1.73086743957005,-0.128021314712315,-1.88350584276757,-0.580644795830211,-1.2366289152245,0.0428763665333808,0.733052877653539,0.373552831935047,-0.689494667988678,0.642651949997175,0.0507370943767446,-0.264241830493506,0.125210792507797,0.511094608434084,0.0868203436084588,0.0674450431293855,-0.0358162381012623,-0.201185422119758,0.0260911544632936,-0.0394721884962129,9.99,0
164356.0,2.05910305423322,-1.32661114391446,-1.35317402734002,-1.45153523855882,0.967747130158502,4.04742827949638,-1.90647398907294,1.11148857304949,0.14193598755884,0.803590478269739,-0.323366381254315,0.0984903551842693,0.377117448897451,-0.271360474478753,1.00793270009611,-0.936258793337602,-0.456120532161202,1.200764808291,-1.17917986991624,-0.487425472253801,-0.347314195356621,-0.510406482114134,0.443335675193731,0.684226100834279,-0.676273605305591,0.484651409764041,0.0300555206031801,-0.0385543158118347,16.95,0
117160.0,-0.928804853543657,1.75160318047884,-1.25439099907171,-1.48196320445523,1.18407540609925,-1.03154222031778,1.49905082932432,-0.181596613957038,0.126826845283678,0.915415497488194,0.882693119997009,0.427750955580172,-0.670858410062196,0.694230945278144,-0.700524058332907,-0.582023925895691,-0.624826170218315,0.0239550843421546,-0.0361118279455507,0.454641845449676,0.179536795997027,0.89875935095701,-0.167730215172674,0.732327817272593,-0.144817269799561,0.05689774562103,0.807042799291784,0.504374911045571,0.52,0
45006.0,-2.38197114094983,0.362062918585146,0.793004093603347,-3.55115315149197,-0.88490043686147,0.415168716487733,-1.80893718570665,-5.4709816653853,1.44641516560946,-3.66076406181488,-1.32027817554588,1.47079737099263,0.369934454545775,0.2930929208238,0.437401402567928,0.378935504383854,-0.661825907241678,0.358969660781827,-0.52853762828872,0.750657165548289,-2.61408017742372,0.64835518363073,-2.83666104776997,-0.268585856537109,0.0536521233147731,-1.05784044572344,0.47435625306783,0.0577058961518351,451.87,0
41845.0,1.05979524540127,-0.251876406905464,1.09773868587199,1.53318559143748,-0.530131674649373,1.10205894718046,-0.675202534697757,0.479145198761324,1.08430261588805,-0.233737893569649,0.218748414460995,1.31627303194276,-0.757077906811565,-0.473549586036786,-2.32936456291642,-0.83271081402944,0.430724843235044,-0.694512549014205,0.590948018503736,-0.217058832620767,-0.390809297594424,-0.705372421757602,0.037176157936592,-0.313407190536026,0.423928678790157,-0.505251709745522,0.084047438534658,0.0142421660233897,10.56,0
28125.0,-0.757134798842088,0.415429558001041,0.661756415207692,0.0819737283476282,-0.565780611544719,0.271352013222723,0.371870936527702,0.682246082829937,-0.0990290615837142,-0.698727630570108,-0.459392886635499,-0.696985437439411,-2.62364922018835,0.819675911897315,-0.806882914789164,0.338663405730926,-0.196668324915914,0.627134609005747,0.937784336529027,-0.0471702095677864,-0.0786977553797965,-0.589757582829066,0.139380122542121,-0.561324548847719,0.0631125225838359,0.266946127072113,-0.186864585911446,-0.0607451008823084,128.57,0
145593.0,1.93839727426249,-0.68207168311271,-2.1246169141073,-0.64910885214852,0.242587401092625,-0.959864056911499,0.470447820543154,-0.413495894766106,0.878686251765325,-0.26436546991029,-1.66623271533719,-0.0814830463720481,-0.217391743745868,0.434877662370969,0.239014264168305,-0.162792734142483,-0.429316604669621,-0.485209300320362,0.889761236928564,0.0760516463084015,-0.139415675869019,-0.530836160687355,-0.0426486640402539,-0.942934069410836,-0.0148376605961114,0.817478698365949,-0.143246259240922,-0.0655143514263266,135.7,0
67195.0,1.13208230025549,-0.108570696646773,1.16065784965191,1.15108700488663,-0.781295097503444,0.310776982260539,-0.684736853290231,0.272291009963124,0.688871073672583,-0.0260925608780514,0.571709494777464,0.940707236602109,-0.218408285222964,-0.138031581701533,-0.472859410370179,0.382324740643576,-0.607186177473446,0.569518462071063,0.205174949381883,-0.125301984982001,-0.0348741724954191,0.0588630792909924,-0.0557321543029314,0.0020131143531977,0.421534861622532,-0.40532068539918,0.066623851535562,0.0244015777983295,9.99,0
121335.0,2.23994776370159,-0.358261739959079,-2.07836532848328,-0.80591841976225,0.16703600260872,-1.13458301624165,-0.0313287834573903,-0.463399049365032,-0.683444927771449,0.247927124223377,-0.773090096306743,-0.183240542356808,1.50440506668586,-1.57554693566979,-0.286397889961544,1.17427216416182,0.993814510679627,-1.25527284787812,0.912197087874728,0.119182331701704,-0.0668389107986648,-0.0953042267265482,0.0524015653696829,-0.772787810440727,0.130151912738271,-0.239789770040647,-0.0196241036916043,-0.0385645405451398,25.0,0
169435.0,-1.43538479309801,1.29831652591237,-0.496313656713426,-1.00827311425661,0.281347121427604,-0.692684299420804,0.372356412735625,0.709825598805466,-0.624705936349,-0.671690881483433,0.0617520143308727,1.18034442055316,0.520696461082686,0.779539862957273,-1.39097836217677,0.542007746866852,-0.656257672440363,-0.095307060437555,0.112127561059851,-0.298717805294245,-0.101343759182121,-0.455688383207589,0.110689651145791,-0.482956147995846,-0.521428638882116,0.0584391359667615,-0.110488069754681,-0.0093923560963058,2.69,0
58979.0,0.331669447030921,-2.31195725008166,-0.284209410779063,-0.32293783163176,-1.40389737689915,-0.237703789880316,0.145783142347376,-0.273758326907748,-0.788773873886333,0.372747134662212,-1.13007112224816,-0.163880519819555,0.97141840881012,0.0034395846540811,1.19169087969966,-0.701465537940727,-0.445960618756834,1.18007850820349,-0.623587497265314,0.743989832315745,-0.312989722990238,-1.74062579434678,-0.35237034474231,-0.424142085621892,-0.198697477060071,0.735209958371769,-0.148870772747749,0.110502310105519,578.12,0
41012.0,-14.9814924057676,-15.7321363042206,-0.218518864645964,3.24511939259537,4.85806373433372,-2.11247882631909,0.751714019717275,-2.11837464301214,3.62579774238693,2.50053950510636,2.45188254146346,0.574877803291633,0.396911125079291,-2.78856954867586,0.9660088674084,0.867014271410018,-1.10949671545503,-1.63127299217579,1.21406850550673,-9.01950493766359,-3.72615095794561,0.983686865887832,4.69243711147812,0.0336945757679364,2.08820639260995,1.08112800735355,-2.61536523667248,7.51225030804483,166.39,0
18128.0,-1.19771181062482,-1.07760865570232,2.16380387856565,-2.15306925205018,0.438751175701216,0.0231236620479554,-0.255595560345267,0.158479511380779,2.55437658276586,-1.96714494929208,2.6450346549333,-0.920161452593104,2.03674764708117,1.00175586942755,-0.301060451527988,-0.716874103022495,0.534699026485127,0.0785547083479028,-0.696019131776385,0.320405405226092,0.212689660295182,0.847355923098707,0.103805780553353,-0.288989840637452,0.13420586261664,-0.0739115192630191,-0.187902890974012,-0.208474603445423,101.48,0
30336.0,0.756171348876834,-0.660487226166387,0.420782565224852,1.22189647948162,-0.730386269024038,-0.197979951254911,-0.0010206196647202,-0.0793617506932059,0.411575141200745,-0.144777182550878,-0.940526887006552,0.0169261281364327,0.252008199210413,0.0918834076513301,1.31597337646573,0.612015980741482,-0.788484637000698,0.508813684540161,-0.479656801302762,0.39997622693797,0.28872196852274,0.337925851778906,-0.385369624430301,-0.118325901488891,0.516484965734452,-0.253682830592822,0.0014227835124743,0.0705577949677897,255.14,0
150957.0,2.22679487415542,-0.486550346024057,-2.05571041959882,-0.901276939876616,-0.0086370304232096,-1.6211487459541,0.279749641986591,-0.590428643046994,-1.06182107855477,0.90853185595473,-0.223835109439381,-0.402823170085577,0.304566280161704,0.325058175032126,-0.0885151527386653,0.338373614456767,0.449405868079966,-1.82930259691048,0.519942721721244,0.0165658828992175,0.379528788322213,1.04812072708994,-0.0059669948518554,1.2195223457658,0.423852578070977,0.0181155871768444,-0.0846190949195262,-0.0666010214903206,30.0,0
144751.0,2.37479169075485,-0.895085806448569,-2.38710784331864,-1.51896364546612,-0.276515514843561,-1.8420687673697,0.189542855269926,-0.800797647164224,-2.2628756439242,1.71243593452253,-0.820178303769817,-0.438834881586291,1.23202113961216,0.0815853249405186,-0.802224701025194,-1.47837821403268,0.731005841091997,-0.527473088813159,-0.0025316155012203,-0.373188446428985,0.135645050974639,0.96349881744912,-0.18453020208512,0.0655871326213714,0.690430594341796,0.297948038481781,-0.0664118575220319,-0.0831421362367151,32.0,0
135177.0,1.9420676624857,-1.25849393353449,-1.42492515453479,-1.06501782356799,0.0209432934714538,0.938215599378335,-0.788444326114015,0.243429009247978,-0.126513370420728,0.607754117729742,-0.548431595370474,-0.614327358994201,-0.260777945883327,-0.0881737190150312,0.818555987658733,0.162800317797364,0.966617149030863,-2.6228399943015,-0.313916943476442,0.0430020201669357,0.288383003371566,0.759105707271147,0.156985614420804,-0.544106584539413,-0.248407061330027,-0.0911261478564191,0.0094218840406697,-0.0503437014474078,94.95,0
136188.0,1.95950797388847,0.776830163657447,-1.10997848592143,3.82395640852691,0.7707381360224,-0.555780825862823,0.690898863776625,-0.393644869436385,-1.36310994006273,1.47610747987648,-1.06185032289032,0.423953739981284,1.24301146508371,0.143461060827839,-1.28746777589589,0.306342199441626,-0.673120324331847,-0.628149090795027,-1.51002868491701,-0.219819152855487,0.281978004030408,0.994294513022667,-0.0878623616167776,0.106815779084281,0.473141112265659,0.286067935347993,-0.0538671069187547,-0.0606398943047545,8.0,0
936.0,0.912120324093531,-0.548948009589786,0.343671568835733,0.522707917208512,-0.732583292600534,-0.422368469434555,0.0334228256698816,-0.0291443022349132,0.326674453760777,-0.1766470918236,1.03135471552287,1.04692762283674,-0.35759508873378,0.202442347551991,-0.803533773289733,-0.0810149138487086,-0.153247957603079,-0.205336432386587,0.594759792219025,0.19562983186979,-0.100750355455304,-0.496645069167255,-0.121345537335368,0.376959859500945,0.31208302396476,0.469908532438265,-0.0739126588249607,0.0243979594978346,158.0,0
151477.0,2.06509759600773,0.0216242895696936,-1.906365638499,0.197679649209743,0.620083748634772,-0.302617559262444,0.0046210343183567,-0.0015954470360007,0.419092592998179,-0.179300067063742,0.52651369129045,0.142871872820657,-0.936494009279666,-0.477621272528414,-0.34992628594397,0.701212174201779,0.103701568601469,0.468724651418173,0.531816952386935,-0.192863670145795,-0.356176590021151,-1.00357323599675,0.279257312275199,-0.0307804361989823,-0.257470219899062,0.187588942657504,-0.0737361145030409,-0.0476583033224918,1.98,0
43858.0,-3.31283471352437,2.18191462437573,-0.762963115703603,0.311522371381543,2.21539311285581,4.91332520719747,-1.9319668437998,-3.41249627516964,-0.214841593285829,0.663289609794527,-1.2184060930559,0.222701786250041,-0.419888720358665,0.116200630966447,-1.50971894037518,0.757775978138817,-0.445158595853953,0.076837065599804,-0.992308032803082,-1.42257585533965,4.61678121442013,-1.75298560174586,0.312909697483834,0.929583818486947,0.322801740875455,-0.137468873765092,-0.532371001001445,0.269681223617171,3.75,0
44102.0,1.19551273527653,-0.834803696582337,0.123166405354808,0.0871400231365763,-0.287121854746782,1.38940871360265,-0.907383539676245,0.379137612326381,-0.49492100880659,0.810880217879995,-0.665214103652028,-0.130661225216924,-0.179463755169801,0.0054624040390684,0.0703615839665154,-1.00195406975603,-0.623112614798523,2.12743621325919,-0.549453078148751,-0.407840202704273,-0.242305027218131,-0.238818776110458,-0.302513292575357,-1.73321086144269,0.604719438171354,-0.108566225229106,0.0707962915270502,0.013961657940769,79.0,0
50422.0,-0.585148088646995,0.96551695713495,0.859292445017378,0.719296361166498,0.712202404766621,-0.356167838395294,0.751672790920955,-0.250123702506816,-0.547698106499181,0.0066243853988474,-1.1287180129699,-0.0088058915295907,0.913979884623293,0.0762269208407396,1.0320404116013,-0.122903118849598,-0.552284322506774,0.270454255420803,0.762925869017943,-0.0446342080073249,0.115360950474252,0.401589967371182,-0.327479675698112,-0.407548677943798,-0.15143327901999,-0.307644727434676,-0.0472169376258362,0.161468828437084,29.9,0
156237.0,-4.48570519937357,0.783005034259583,-1.56649481557539,-0.536999797808055,-0.0459832256630866,1.36249763449549,-1.34941915903479,2.24379216195672,-0.50461008198854,-1.30533014707496,0.296819409720016,1.56990080540798,-0.0875620334322592,1.65231421759178,0.0163326878941822,-0.605118142775049,1.3287132402217,-1.15282343009785,0.245966181290175,-1.56804700404739,-0.0203249197944792,-0.199078881044444,-1.20681542695811,-0.58726900188957,0.278920289145504,0.118154443408151,-0.921096727165106,-0.788931615981532,131.56,0
141488.0,-0.657168077249935,1.37083471217616,-0.895394628963763,0.658570920870127,0.985514844554842,0.161397462499428,1.13651663977227,0.286926603296775,-0.930266589602807,0.0261956061023013,-0.520568109898868,0.285463203940808,-0.243413702723142,0.926675251131577,-0.93939128037312,-0.557914053907504,-0.292502457437158,0.542975516845895,1.45742999624782,-0.0534896061016832,0.137265586827162,0.564812406557127,-0.255177130024772,-1.14580651543734,0.178150047946074,-0.329689728717961,0.211679972697982,0.131463437360817,61.93,0
84102.0,-0.960502688572759,0.393849524552603,2.53210585478461,-2.14948649468378,-0.730028104285953,-0.876513717967375,0.0632237102584752,0.147239900289903,1.27847879348449,-1.66166689471773,-0.50306082153824,0.193195047579021,-0.128263278149775,-0.264745609085343,1.54113784917627,0.289249218280447,-0.818202189368402,0.81956718276246,-0.655162405159999,0.0528576950200989,0.276224788591141,0.924729907403295,-0.40048321267782,0.392689250247116,0.594955347177581,-0.656885038012311,0.351152306746893,0.143326209235121,9.99,0
89429.0,1.89375966882318,-0.475030439030107,-0.461039837566296,0.65426073234743,-0.665823793607922,-0.605944312812702,-0.398349182447343,-0.145982535756939,0.984186109987243,0.0370656283519739,-0.81444750147657,0.595097021436042,0.696297508130667,-0.209764332217832,0.444294553284383,0.176987904141577,-0.504284298436071,-0.0088144382670136,-0.506764955124359,-0.0714535955653407,0.355493278059479,1.16848891577807,0.0055497901169948,0.0763808255929728,-0.0795270686543018,0.537331775070963,-0.0204417888257153,-0.0408574546758797,59.4,0
130180.0,-0.52370314231176,0.437183805514881,1.6508951037503,-0.877690261115694,-0.152133842191199,-0.527900512640647,0.447490086620648,0.060978524287375,0.691361568456334,-1.16352265715142,-1.38736066209043,-0.285419514153442,-0.734774663159565,-0.191224525463527,-0.183184728354145,0.268163206763159,-0.735370848064575,0.43901558455325,-0.900377692333573,-0.20471599248659,0.32376707087218,1.0182067624615,-0.298966388507553,0.0557181802927474,0.0072380232376728,-0.260938780695315,0.146171110936564,0.150435164578994,22.72,0
70805.0,-1.23238550926024,0.623927335475296,1.50325507179937,1.47009990201273,-0.957659344865142,0.52988817129937,-0.0248356252353824,0.591946897404514,0.152596045650639,-0.358313942569582,-1.03748216651418,-0.407263191707377,-1.15739547700129,0.194076078582494,0.720288312843297,-0.627972617988004,0.644597710946428,0.0311793283605354,0.508309663029647,-0.293141608731875,0.244636516612356,0.862925253673227,0.143368054586963,0.0876022357327353,-0.18709064281779,-0.102232543999507,-0.13907730774494,0.11751278301703,99.0,0
136439.0,1.19188308229431,-1.34312753532145,-2.47105658730059,0.627988012260896,0.0269266450573412,-0.629675927110809,0.716087737129022,-0.179278331689054,0.287104802897919,-0.41310212553722,1.10948377944179,0.0069207385954662,-1.61350437748108,-0.262503920969327,-0.317985951879801,0.413237739267656,0.629542730508925,0.38832673589448,0.0784943575014002,0.632020012790238,0.0655698182403852,-0.778225147554419,-0.125938327727391,0.611302772951936,-0.345433188646316,0.388520393005261,-0.17660969008202,0.0261884218032142,436.95,0
147104.0,2.00194370330001,0.292347368817438,-1.57562719787012,1.38876068050481,0.543555182427284,-1.10960384906356,0.763448930181614,-0.507133493474845,-0.0230023196859472,0.208127976118942,-0.720798346487307,1.10851138475701,1.21279457968065,0.243852886866113,-0.678529713468587,-0.806653031811526,-0.210393620207098,-0.838430077173853,-0.238207082575005,-0.178110008329631,0.0756065779790267,0.487366755548671,-0.0321973074330936,0.0334135562159575,0.502632838678956,-0.495944687357925,-0.0077431686909786,-0.0563511922187581,22.99,0
44606.0,0.856796670060463,-0.446472067833092,0.439148014377416,0.777582888416946,-0.053028778972152,1.15167099059086,-0.288162276846481,0.463174545751217,0.527619460187488,-0.403121477497396,0.460435514099797,0.560478523327917,-0.904328304575882,0.239247733839164,0.947951476604115,-1.59734287251218,1.39992620810017,-2.65473140604043,-1.47750985523992,-0.141215887147588,-0.0478770541338081,-0.0362090533372833,0.11470284159476,-0.60778268757422,0.0391580839219372,0.370547742901569,0.0284377567019506,0.0147871155508331,92.28,0
125432.0,-0.436685616868238,1.59714887369495,-1.51411354372762,0.95416126146325,1.3970022189332,-0.963647058226428,1.26214854169187,0.039027645887745,-1.50866549646719,-0.442229642716527,0.819122080446681,0.489503327649413,0.244438703201303,0.0020483764665232,-0.326512841771547,-0.218460499571896,0.646268153418784,0.932532002038758,0.732021510217338,-0.158920177546894,0.354401961913566,1.00273319516442,-0.148047678138897,-0.465823289396954,-0.344842925442832,-0.40404465488114,0.011612026061758,0.163526712828292,21.99,0
73885.0,0.978998828293963,-1.48926175444777,-1.30066696005476,-1.64360578587196,1.16972107643158,3.3058180487719,-0.789614580684821,0.734566960258471,-0.950414563175356,0.551501603742657,0.0650745394041245,-0.657475995046683,0.268055878236436,0.0270139178521962,1.024619219319,1.59148358260717,-0.27981349306247,-1.09474680186693,0.900486899361136,0.707311857179712,0.0039020092381214,-0.82656986863708,-0.121821836506579,0.992184771998767,0.300458102169818,-0.492930099678567,-0.0342060101311681,0.059643804204474,259.0,0
75944.0,1.1597769978964,-0.166247688491148,1.2471885606783,1.35935357908362,-1.16135649586569,-0.250870475582297,-0.706063892683375,0.209577239318691,1.20477752002913,-0.139084599125801,-1.14194554836138,-0.616217807966065,-2.03262039302883,0.0503663741111048,0.404363090088108,0.174107854771234,-0.13002698388244,0.189810437333847,-0.196235917397537,-0.275247063368879,-0.0887901419950262,-0.140095871572663,0.0244916024171436,0.339248600818035,0.346659077151264,-0.401877252290522,0.0597994302662041,0.0331458431302613,4.99,0
125183.0,1.92483460794098,-0.532394912052735,-0.608043450131575,0.0560509472705994,-0.532955431002771,-0.363938484482632,-0.523720429315069,0.0717963464618027,0.761683656666584,0.248912500422232,0.511278980438933,0.305008879512982,-0.776277040646944,0.475332629236515,0.539085982747138,1.04543742394793,-1.06662137236412,0.438314820782433,0.231276320086033,-0.131051477879326,-0.159812737685985,-0.612064123665394,0.347070624190966,-0.534181427563627,-0.696511732280554,0.24742083159374,-0.063258792346511,-0.0521964496822382,50.0,0
58206.0,1.26159755589546,-0.668093194910881,-0.0290751498278056,-0.634701324185662,-0.950704794557516,-0.925465875662078,-0.259019964650154,-0.143364017010271,-1.14259192694322,0.881673360714899,1.00861419103214,-0.0850924787282551,-0.97533220264167,0.679048067239127,0.137773881768218,-1.20180814993855,-0.13084731368179,1.36909662737098,-0.390278937028418,-0.427845160765924,-0.371056595869271,-0.808861801660247,0.0006772576840277,0.339288860016235,0.226037610074296,0.990546585892608,-0.0983783944509579,-0.0013742064439033,65.9,0
150042.0,-1.54621743988306,-2.40065406787361,-0.0349303138229341,-2.52821684364796,-1.14244186714016,-0.608703053308438,2.59968390585693,-0.807267831710008,-2.93435502640476,0.282305209811778,-0.645689436846037,-0.71656130339655,1.69958069372097,-0.501823255728944,-0.626332246149626,-0.567496365762503,0.0333669665913996,-0.348145590574616,-0.936859570272439,1.26873330065423,0.132005609871118,-0.363086137297613,1.37578478569366,-0.104339486915548,0.357343694355143,-0.437211782579285,-0.322262633013912,-0.0529492589412919,639.98,0
140253.0,-0.29502155007939,0.794851020498718,0.816377828179823,3.23692720794781,1.10672973945997,-0.634798928215554,0.651077594794008,0.0080987565843325,-2.04632956201484,1.24958478038012,0.881473537226154,0.139466248299864,-0.263641985948065,0.588488244355392,-1.21237826543344,0.799979741908306,-0.926537713995056,0.366507907230398,-1.42150002285267,-0.0385676756750572,0.497332878259063,1.18205551860719,0.0803654007204385,0.532806705317885,-0.609198881051575,0.0292217040134358,0.0760778897243121,0.116508880107684,24.27,0
41751.0,1.56158677615681,-0.938498931605177,0.243752759772366,-1.44155762766983,-1.29648413447523,-0.745534903139162,-0.915768315792484,-0.225851136392717,-1.83001095964655,1.4396994295058,-0.901002388341302,-0.975268888095946,0.710114769483485,-0.362974842801564,0.588720202688206,-0.26300867058801,0.320886494570705,0.103878807918851,-0.0568142739154716,-0.312127597671665,-0.247808061507246,-0.302147729647416,-0.0253414001100585,-0.134543929486075,0.459297845110752,-0.175296307535357,0.03085878384136,0.0155463196901503,10.0,0
127548.0,-1.71379754549811,-1.47519292750779,-1.08232205407194,-0.472357717666594,-5.27825855581517,2.58877500641846,5.89883783652114,-1.00182780960476,-0.0340071394490655,-1.58411453962345,-1.16200778616007,-1.24779020668872,-0.798741806537948,-0.0451113383983736,0.702309776653658,0.492515753367007,-0.389319016396694,0.402471071088614,0.179538157531413,0.12040164570458,0.336561094034797,1.34001581597253,0.56728434249585,-0.0075277884938282,0.0118362251316219,1.66737867111894,0.510131492297981,-0.233636428762946,1376.56,0
48153.0,-0.66299456146729,0.209828604741922,1.37705352952704,-0.911523619162107,-0.181299399340982,-0.290370580526396,-0.0014114084506428,0.110865600676325,-1.76435882401351,0.863821844469962,1.69090345308795,-0.302817831423256,-0.353299585452125,0.231611853733245,0.621919859528101,0.494290706747823,0.731210359849823,-1.54436839056204,1.85188386226064,0.31738739163236,-0.160213488306317,-0.54913993721614,0.0789259698329869,-0.0202279668141321,-0.454761807482096,-0.509570253131456,0.256917277488368,0.169175924474678,30.85,0
40115.0,1.28335541626442,-0.583568196599811,0.943967151633016,-0.613951384471478,-1.25627516003849,-0.565512081845834,-0.79068683655934,-0.0557604318437396,-0.734629865642988,0.52035810873606,0.430003663686765,0.100338191039335,1.06979726725584,-0.437442624384843,1.10972085790542,0.963376792695115,0.477103905892456,-1.92626494508496,-0.0540106742633492,0.134327684693402,0.153806126360887,0.382512553355948,0.103485930349499,0.422559973933332,0.164615323034993,-0.329485728551674,0.045157972638103,0.031496201838529,30.0,0
55581.0,1.42343096629103,-1.21100903085841,0.441620673874848,-1.40121813826074,-1.56405594483588,-0.624574810145561,-1.0315049508778,-0.142101105799562,-1.66232199867842,1.39729866331137,-0.928052243389861,-1.17959538180554,0.297857855358415,-0.3313370992347,0.833901655956459,-0.0205031848113079,0.265280729194786,0.130402361448942,-0.0684008038076612,-0.209430970607796,-0.369726129782822,-0.859510531996233,0.0696893437363059,-0.179051870662713,0.164932387941843,-0.384025795158115,0.0291954965425054,0.0342450351798712,71.96,0
108102.0,-1.00390978793498,2.04575736916131,0.0184018174444041,4.50264262220584,0.377347261471214,1.42517922836441,-0.392147793947437,1.14669151079503,-0.646096753284387,1.27991656721152,0.415372271053781,-2.75300997105545,0.912493613658138,2.40182492607792,-1.59553859381713,-0.137812779238717,1.18207008314866,1.0101832171102,1.50895344999701,0.123815257683216,0.0605663860915071,0.495665810588795,-0.0311163704050801,0.16082091185556,-0.426496149065334,0.436553242108215,0.322109954713896,0.139540001729027,16.65,0
73430.0,1.28414318905861,0.462737541761059,-0.371276665397847,0.825644153349683,0.464455555827744,-0.466730859565166,0.459672785832152,-0.186235629193845,-0.549594340712848,0.204380534192294,0.787650060881871,0.882732581828941,0.417110738317903,0.642420999649379,-0.0105369649919533,0.161756209020335,-0.835324621711795,0.301954796550694,0.293297239832734,-0.098584263688547,0.0134403650085909,0.0843711475986548,-0.246710419454002,-0.325572860327501,0.927623346621639,-0.27245879796177,-0.0099978110272958,-0.005489192822563,0.89,0
22843.0,-0.900757250788255,1.6432195049063,0.384952930585429,0.399628170497124,-0.320460139330557,-0.342364298917257,-0.801501166773614,-2.33365844762317,0.399595074356195,-1.46423630876016,0.627763843359726,-2.30499845576633,0.75658585152866,2.62792591296279,-0.0480838966182908,-0.170300078505616,1.15985147234997,-0.451446565550014,-0.886921507874346,0.297757783514419,-1.28002136239237,0.465456726117291,0.280379529951378,0.32695990064894,-0.436132308180023,0.217819427215307,-0.168605632160803,-0.0082690736897516,10.0,0
75414.0,-1.4846315438549,1.47306527466728,0.565616121800867,-1.56447309515778,-0.347561060617949,-0.379995393632859,-0.16865096048036,0.970604990292913,-0.484085095023765,-0.720454476042573,0.335800510141727,1.12032158453479,0.965295229654613,0.500603501323244,-0.2825701561048,1.22321465909718,-0.942324199877497,0.379702070487279,-0.129953099847371,0.0223230129777516,-0.0235183886301663,-0.206264412583868,-0.0854039167932159,-0.44675033544943,-0.138526720479031,0.759764355539092,0.116976421076957,0.0891186352415212,3.84,0
58112.0,-1.03307272946597,0.782463077711687,1.81338677732346,1.19693402012844,-0.602142781610069,-0.0350073876720254,-0.427743550440901,0.739720152387308,0.133287997020895,-0.477529002783588,-0.676640545698543,0.138474890446199,-0.634029014769021,0.143838010996084,0.455582039798726,-0.719999446827961,0.672413945036427,-0.184420302767922,0.0752174833377893,0.0146233726279887,0.255231260980146,0.891383119612796,-0.133380541689649,0.430088898841519,-0.157238267801142,-0.158494704647609,0.333703343114078,0.106705787417757,2.0,0
58173.0,1.43056166900784,-0.510433151796086,0.106859568281393,-0.947756113548951,-0.57837549452866,-0.231974924079778,-0.637758615493583,-0.0680874971298714,-1.03785600612647,0.798410546637978,0.765054767177868,0.129589004474209,0.929932805046365,-0.181934639705841,0.0276126474427287,1.49232086574712,-0.349821334061479,-0.472408113762108,0.997680290196417,0.152328271058548,0.353946429346418,0.99186081485419,-0.296498337846264,-0.424391988306202,0.767485011428321,0.0351047169145213,0.0058701912031686,-0.0046037900215298,10.45,0
143270.0,-2.69698298460192,-0.567331489483923,0.651695439840665,-2.28667508029927,0.213026250700909,1.26958412978177,0.120063352578344,0.70142180132223,0.521817612837605,-1.27849008705167,0.748069092886645,0.591703608884536,-0.322595504492786,0.25539096514415,0.870524915394987,0.161906992015341,-0.263766299188665,-0.439324761303304,-0.944144204874498,-0.798949369410197,0.182015280339026,0.788345390763062,-0.455752868000496,-1.52727498743523,0.369941753764616,0.825137012573581,-0.466978681410292,0.0221668055132704,154.0,0
57977.0,-2.91949327304789,-3.00829382444659,2.05085264506023,-0.977505715648408,-0.0295466125829568,-0.324342257119417,-0.229710921543479,-0.0213102026981604,-0.250581968379612,0.298445789149176,0.503398960219038,-0.146894073916782,-0.244297307754987,-1.09071523115486,-1.6657099493956,1.2442273085178,-0.0345834878134103,-0.80076244844059,0.846998339027587,0.420049159358621,-0.0154146589207868,0.14142423819286,0.0155302614812212,0.0423894560597012,0.543487120158596,-0.330889594911417,0.148679968566247,0.0593769565624937,381.83,0
155755.0,1.7187116893639,-1.73410718946058,-0.648894265200676,-0.834787848188533,-1.38269818819715,-0.341268548744067,-0.899029896586748,0.0335122740074822,-0.0533215347810731,0.843081578817425,0.598424547775318,-0.399631203200144,-0.729914914396945,0.0157238308742936,0.0208141847798603,1.79485794369569,-0.307876844325972,-0.568958371338771,0.817321320081966,0.370033330251299,0.194824746072926,-0.027126546954778,0.135370654076701,-0.375711076688598,-0.608800532482497,-0.456570699275633,-0.0368349475945034,-0.0162738809090588,227.4,0
158140.0,-0.0437239069566478,0.479515588677681,-0.757924172856417,-0.699608994796369,0.511894416158922,-1.30329287278162,2.14364281130409,-0.568835048891726,-0.40885651196777,-0.880820640642081,-0.939928286637293,0.205214585149673,0.154780421073691,0.448951052262011,-0.66400736278685,-0.841036327582763,-0.208287853578524,-0.509604124442146,0.0242817116149574,0.152340493460582,0.29258758791565,0.751323446840835,0.0303602031676796,0.103175998448842,0.309876261718392,0.1832291980948,-0.0558606260640207,0.0280763229283947,161.45,0
41633.0,-1.05889985494358,1.03088937845868,2.5893723737172,1.74481174853389,0.647218254376731,0.235468847783519,1.18546632341282,-1.04723784217387,-0.144233353724736,1.80443350816084,0.420571925447925,0.113911183937186,1.27282965345114,-1.37618355357962,0.832299383941591,0.0011825644510519,-0.905172909066144,-0.632837603813326,-1.49950460933867,-0.0414468402712313,0.126430039679096,0.974942878479812,-0.129316294025017,0.443386946900268,-0.210146751097409,-0.130798542506813,-1.50753540199228,-0.805886006215423,10.65,0
44715.0,0.989539126770738,-0.269733385948962,1.22488882158331,1.62507694245151,-0.6546230339364,0.933148668970794,-0.585895878292286,0.409358951824953,0.950829565952901,-0.266578016912149,0.633750082642054,1.80669337416083,-0.0942785777271731,-0.590596344416035,-2.42953908242504,-0.958842654624624,0.509761987729964,-0.884578663305351,0.454888629762066,-0.132181719365024,-0.346063876801643,-0.598506832639579,0.0465938630797858,0.0208670913316565,0.395161026297371,-0.529903124136245,0.0845951733167852,0.0232509264260355,35.19,0
52669.0,-5.78177965143352,-5.61040263781975,0.806023433416841,1.80765695608484,-0.155928375410735,-0.185769659760039,-0.737711332046208,0.165588195936832,-0.662579708789214,0.863060146870764,0.995375356522871,0.519345955162934,0.28117695052485,-0.0600904999611642,0.845927310309855,-1.19287263579768,0.179557371720514,1.82127801260956,-0.327046963102656,-1.02497135905482,-0.476797289067199,-0.195331891665342,-1.95215468938043,0.245963564989854,-0.186914903871303,-0.152046096704917,0.913163268714248,-1.09962608833451,540.54,0
138150.0,2.08858415647253,-1.69149189852256,-1.59530380627466,-1.68569129231506,-0.759631799390148,-0.12865753249629,-0.790197438226191,-0.100672470153064,-1.54242054727829,1.6751698024045,0.130492951855452,-0.424898255769314,-0.0549328323340361,-0.0467953303687895,-1.18377192972535,-0.457423006266536,0.254085787900063,0.199776079902937,0.604272583750745,-0.189655797528249,-0.341850834057882,-0.817482737132017,0.193133918540351,0.141550658052615,-0.228937594507531,-0.392069829713402,-0.0377885656289689,-0.0427882023029863,131.89,0
165898.0,-0.559515982553393,0.812800780579878,0.661112268893882,-0.419727763876673,0.659502449053377,-0.991984951747343,1.01447275999755,-0.283861494154569,-0.273849581607748,-0.603641311763289,-0.904144522297843,-0.310913585882221,-0.277694940987702,0.426690344065213,0.799259479896854,-0.441231947105778,-0.34710591422453,0.164053048597166,0.15448155266663,-0.120521411735592,0.331280311094261,0.996496477609167,-0.470980947724464,-0.0396000861216058,0.324548204868773,-0.0134464366377036,-0.0043541220310923,0.116951760697696,19.95,0
72975.0,1.107732466208,0.219140122249617,0.250286787776941,1.22916158060342,-0.31319133901409,-0.913136756653666,0.301353705223912,-0.141675456930021,-0.0463660866825082,-0.013354159041826,0.167994685903522,0.0043437185591044,-1.01262439582691,0.715334147452015,1.08985017775375,-0.48358857608312,0.164230473982508,-0.813770364079789,-0.846052917151701,-0.183366438238042,0.0440439051043602,0.0820992563272913,-0.0187221571142072,0.59315556694289,0.542482645530377,-0.362395554712356,0.0083300311038867,0.022989782120615,39.0,0
122234.0,0.20297104107918,0.252656419821383,1.72903156729414,0.574070406863081,1.04443304841399,0.707954654659046,1.76458788812258,-2.23422934341349,2.31585950923136,2.92720482250527,-0.294701049204307,-1.14292504317532,-0.340617967905986,-2.07156615853154,2.19806637003423,-1.61580251935548,-0.753521424937091,0.184370568924468,2.77919483153752,0.503321984545687,-0.391865844054045,0.391667279952194,0.100617723437694,0.450588463855875,-2.12010394447598,-0.76154205380566,-2.25338423885175,-1.71190386351387,28.26,0
121666.0,-0.11326406604301,0.545813195306207,-1.10572113120602,-1.06875479519727,2.86183185452355,3.55526656565583,0.134715476159284,0.893067258177666,-0.272742014067104,0.0088186046571585,-0.0644069778745579,-0.0225747964134241,-0.25498262539548,0.392104426252084,0.729543811165657,-0.600081484729636,-0.0576991401486587,-0.717041957312869,0.942445887995545,0.150403994642434,-0.258055509877937,-0.682585911794637,0.0704940964988168,0.707885740358115,-0.476035454086925,0.352796222948272,0.178839028289043,0.0925451499691272,10.48,0
96536.0,1.85797104039552,-0.0283256779108508,-1.6708776668664,1.47428478279145,0.567249571850483,-0.580873915712951,0.491246483350628,-0.306004581879145,1.36463111261685,0.0440261839774679,1.24114649185235,-2.03608063221859,0.542027265374287,2.32684553393173,-1.83244121964047,-0.427449862360388,0.284821654837588,0.332400303606448,-0.0333590090565743,-0.214325038336831,-0.0317961654479975,0.130833538461918,-0.103223790445338,-0.469413962513029,0.391724638942381,-0.530874987534524,-0.0660094061304002,-0.0698850009990692,87.99,0
155832.0,0.193631841739547,-0.558099774146059,-1.17627537938006,-2.37488740356349,-0.220976423888254,-1.41513455772239,1.5619670844461,-0.718819279352086,-2.96409848613632,0.887012520824585,-1.00900659526778,-1.04541916777392,0.652631317804502,0.0831767766800787,-1.14185413497235,-1.47471756979523,0.707100332735947,-0.372092691366374,-0.327438611738381,-0.0220135116736961,0.309159912035935,1.10460455034907,0.0253672006769011,0.0341092393925573,0.482194625623904,0.223010751576789,-0.0517378956545247,0.0200670729513662,188.9,0
161978.0,-0.118605474923162,0.865243942278135,-1.06708058778661,-1.31655286353063,1.60598611045542,-0.811387915095672,1.55077722456696,-0.221939006933223,-0.598844022601809,-0.31551763398513,0.319615208993831,0.222123084843586,-0.564643037398171,0.945063763731491,-0.765577678923799,-0.296423481202096,-0.819663185421427,0.341600780361192,0.33248600077346,0.0277887950307734,0.279198984913538,0.86816772782697,-0.21108440985654,0.322064967606754,-0.258234511633107,0.0626080561396089,0.373525947952239,0.263924384223377,24.0,0
145991.0,-0.0077477398001653,0.895032901053425,2.12885245512995,2.66085670103275,0.358488322145,1.03562358097446,0.255654119923233,0.191067906996676,-1.03316388450816,1.03133369741754,0.0888940755018981,0.259627551818179,0.564662317678336,-0.598894317094326,-1.32470600724326,1.74321173735778,-1.70577120443736,0.746847656086285,-1.61856238527532,-0.0737651935282066,0.12639254077616,0.49051151688795,0.0006944473057875,-0.387038319867938,-0.7709444254341,-0.272381586530226,-0.0617462634775034,-0.159079442297011,19.72,0
117418.0,-3.34519047459579,-0.137878362182546,-1.78847204561839,0.940392305949641,1.79188769806793,-0.220238098453287,1.06979483079594,-0.26203336804986,-0.417127224679455,1.26264415036934,0.28464415111908,0.549776776299058,0.644188012706721,0.568296955665427,0.139619231631078,-0.0881788903426909,-0.748135092304711,0.378025234130136,1.41811007899709,-1.83481867317105,-0.322075500523712,0.751252671932145,0.817885572761532,-0.054680393627575,0.0548010578503724,-0.528109656600687,-0.362238092022853,0.397886337041057,60.0,0
84637.0,1.24109041727496,-0.456280616902316,0.644432788654428,-0.89517650299687,-0.81670032285333,-0.0620362628192811,-0.703960079101844,0.175053614202044,1.94848642740989,-1.10494142533013,-0.803717440268147,0.318881760615096,-0.58737690332055,-0.0291563190251171,1.63148110152389,-0.549099668165791,-0.0264139507337626,-0.0097145106697119,0.404386822346875,-0.179854668213816,-0.0271923919382841,0.178881137727828,-0.0651433368532341,-0.457375950215186,0.478097096338909,-0.62146669901323,0.105369721252571,0.02509998018791,1.0,0
147779.0,2.0437186108989,0.292669004014724,-1.57102461203226,1.3802708713285,0.479161059416865,-1.14046595460654,0.668828330012116,-0.446628107985757,0.125635762969073,0.246699918913734,-0.885604987599276,0.594618785281392,0.244320173170072,0.430832622362995,-0.575467946326635,-0.764308129583562,-0.15592671478968,-0.724596376825668,-0.224671419768708,-0.284691234321122,0.0511921284378515,0.419978055964052,-0.0012378367758244,0.0058765453566712,0.478070824097449,-0.490367115077147,-0.0098937492802434,-0.0622515926300033,1.0,0
166694.0,1.754304695432,-1.36106268800618,-0.778908839204666,-0.468115961509081,-0.394924976066708,1.39542717492931,-1.07397251482809,0.425722119858053,-0.0469140944605619,0.666923918528523,0.938532227934401,1.09372211998267,0.625029539481361,0.0137680843597947,0.568321900620551,-2.11887524245644,0.227650306834842,0.796893610478859,-1.84331337817629,-0.482584886245153,0.156462150704716,1.03677324286711,0.0364621627216193,-1.39740826596028,-0.271660668545761,0.0318247613516739,0.0869549447907225,-0.0447510161548793,111.46,0
15923.0,0.894001120798514,0.107164179717835,0.573334165545032,2.53335939471906,-0.0236343467279266,0.32127962138175,-0.000609174891797,0.0403265995465411,0.475115243224241,0.406647788273331,1.43767806061359,-2.43155919509347,1.07522674441474,2.00701571170682,-0.697724676227231,1.25764509050348,-0.393537178221216,0.625117809804096,-0.613620305642705,0.103541530523881,-0.357872416570253,-1.28075385315612,-0.0198932569527684,-0.485853248693716,0.126119268809808,-0.35591144861592,-0.0659705999757596,0.0330800336340069,154.27,0
144091.0,-2.89559480568704,-0.847084781321612,0.507533644791204,-0.544597191182496,1.93073014848634,-1.14303010901274,0.463778758157975,-1.39106304692055,0.753527071716597,1.00935593194798,0.503451291523284,-0.343893381719446,-1.70756670797851,-0.0327858744500325,-0.544203766373163,0.199815405988735,-0.893528853911784,-0.0806641515267674,0.665179660886536,-1.35497450584144,-0.0707717549320172,-0.816854388050377,0.512701784682612,-0.338252936452971,0.0860861394842106,0.229885205407485,0.266224809954469,-0.340402371557594,9.85,0
67107.0,-1.11253111324027,1.2662115466341,1.57775734178796,0.787857735737902,-1.02984034350777,-0.18283274042667,-0.245669619560713,0.422105759997947,-0.536483772585905,0.375846843866644,1.39372891225599,0.544217888854835,-0.0031740967898915,0.432449230525495,1.30739736791969,-0.0613874691649186,0.0619040088448375,0.830010678896823,1.66149675223863,0.0502286141236808,0.284330237427077,0.808456884115921,-0.104596228593014,0.591811266657437,-0.486239645143806,0.613495757937704,-0.862332242579898,-0.449407691047196,17.85,0
140610.0,-2.83791489593074,-4.60261794597684,-0.681607380250006,0.192140112345953,4.42415572952049,-2.52619688954351,-1.78694246960502,0.425444328429369,0.84045768509583,-0.258979164648377,-0.309609981135339,0.530685582978587,-1.07256973195229,0.628842748184352,-1.31432552154209,-0.214453846601103,-0.625928842239122,0.461950216631784,0.462019826189979,1.18662151297432,0.537695687437838,0.125526333472329,1.50360238972317,0.0782282576184445,-1.69924304813955,-0.470553870021584,0.132183216468224,0.443387707530883,171.36,0
36635.0,-0.401057838001135,0.968503314195305,1.13281034987133,-0.173757935035809,0.355882826344274,-0.019684913289398,0.467596966967157,0.281241381278919,-0.508344715091232,-0.361345506188725,1.27106835429006,0.137567799514878,-0.772985084006865,-0.0564089688917897,0.561665419333225,0.421703283100346,-0.0350373927741363,0.117986652932292,-0.0304086711570834,0.0472782965459022,-0.216412543715841,-0.591597437628948,-0.0304765588199429,-0.382490697507917,-0.248710800468716,0.107324984012,0.252728894108725,0.0794388718431411,2.58,0
139171.0,2.18241275671035,-0.337571841437743,-2.11289546371914,-1.70360089435714,0.461317494982597,-0.984481447704382,0.342766207371887,-0.411241634619673,1.43325762864067,-0.895518435676618,-1.05975082614643,0.954885457256125,0.873676149049943,0.265802455255857,0.623274361629498,-0.870246910969925,-0.327761881224457,-0.432355441962462,1.26168783890166,-0.105982048912857,-0.167203032768138,-0.237325477753755,0.0859359750266497,0.134543063526907,0.261344253649068,-0.309991446683898,-0.0305851459036276,-0.0612670022716818,10.12,0
119352.0,2.05743063894064,-1.26946081205547,-0.81609407940249,-1.03529153814384,-0.847925001096797,0.170757802058929,-1.17700007390668,0.183684340784623,0.0533703755965043,0.90704268264469,0.369758715949593,-0.534170673758154,-0.899498028489833,-0.0879997794989491,-0.28120130570623,1.4844831440973,-0.156620931412206,-0.437746422002856,0.810845083544953,0.0379345242130538,0.364631077274144,0.91591642912644,0.0905242297720547,0.299661223426129,-0.180168010156801,-0.113635605816853,-0.0117064335608371,-0.0497167925170099,59.0,0
75739.0,-1.74096190839075,0.0635977076997011,2.35395162249949,1.9554950103268,-0.137420559270891,0.513667614965227,-0.568289804165541,0.993183758043691,-0.0024736251120004,-0.617155613056014,-1.81046107992325,-0.515756573611888,-1.76123628378154,-0.192719260369783,-1.73527803955688,0.198225202320738,0.244338946876973,-0.415999075225024,-1.59317472493225,-0.148339541280727,0.205376515959798,0.339677986767818,-0.142225746523305,0.0667427810799367,0.162491013999418,0.0296909512653406,-0.0125852926426528,-0.0751393376714567,44.62,0
131543.0,-0.232703821313989,0.457568947225484,1.10436207631273,-0.797269498068961,0.399692351632827,0.0170151675182021,0.258821643677542,0.15235859053679,0.0598199628278094,-0.676824506369118,0.788297161845325,1.16891666000129,0.919608979933766,-0.0814768816813238,-0.267145656577571,0.408820966568588,-1.09948086148568,0.867808317628071,-0.227204164777917,-0.028934845169195,0.416395926413409,1.25324131423695,-0.0634783216091119,0.802223057409271,-0.749537395992633,-0.430984868160954,0.241322752973198,0.230760226490293,10.62,0
39293.0,-0.704586985972357,1.04488669504323,0.84723131451239,0.794175857940469,-0.162591821091102,0.0442888758187762,0.403070977314973,0.571989441254552,-0.9911330167324,-0.340933896759163,1.10225965477373,0.351888932238552,-0.833955736342237,1.05414056097939,0.616129610726024,-0.250465072051441,0.0500688436664099,0.317192330723867,0.351917303902008,-0.0773211669942488,0.299601231202557,0.655865140149312,0.0346245560091036,0.0058739960601597,-0.343201217138974,-0.319162978471786,0.0380486112008836,0.0903484323423389,59.37,0
124679.0,-0.830428539248386,1.42835776636117,-2.51822890178835,-2.32843930195749,3.44601073158867,2.8862160995706,0.769513023948067,-0.185872926452121,-0.0391293334343547,0.337436570596727,-0.103595204903552,-0.0396013153630365,-0.494573475271065,0.77794214875104,0.260983098737942,-0.78915596696753,-0.444144647251425,-0.527955938309888,-0.333808154273357,0.0793543630697616,0.967281895248859,0.492871250889521,-0.0680723847406305,0.731275992830027,-0.163432718011376,0.111139387711294,0.519079282729323,0.393773672970107,0.77,0
52374.0,1.16242844062259,-1.09101699498069,1.15932266819853,-0.497876905229496,-1.80611571479501,-0.284371348038314,-1.21210584114698,0.172326730727558,-0.249320381236156,0.668443468911219,1.17453232081014,-0.160449307907886,-0.721576916736002,-0.319607240409504,-0.254103722229172,1.37009410820607,0.185982979279363,-0.477983621716406,0.655388929248496,0.168321655242747,0.405782688492337,1.00599383853203,-0.142605064959586,0.580784599134276,0.344812722081105,-0.0815913500277749,0.0273662286647965,0.0280836804137174,81.0,0
40826.0,-1.7401995466033,1.2549071425809,0.75777655209818,-0.14455112558078,0.0775099566921181,0.635936310846168,0.298341692911518,0.946539251933342,-0.824665229383225,-1.21687674987663,-0.528989310649575,1.36307919151837,1.27924547950439,0.27534322936793,-1.55299250074149,0.6747603673073,-0.78556143879866,0.416919531505195,0.303584531520045,-0.205468270109332,-0.12376946149612,-0.594349004560783,-0.339654007249676,-1.02423544601611,0.768047614599798,-0.561845782658962,-0.291607116237184,-0.138708854996612,75.22,0
156350.0,2.09984638035945,0.189231007812264,-2.01770446358604,0.361949568682862,0.530525187241966,-1.09004884251325,0.276680500584016,-0.358789193878742,0.617636581343828,-0.477965974816517,-0.994339176759965,-0.0984447661793169,0.290346041763448,-0.804602677285947,0.935732316747667,0.414946273413345,0.114164024369993,0.726296648894896,-0.151948904585072,-0.160724843581879,0.151288609980322,0.613312941569739,-0.120122204954424,-0.774824425774386,0.35709588132793,-0.0579445262538171,-0.0033182117035876,-0.037447126998205,8.9,0
134329.0,2.13125434415088,-1.01996061377009,-0.749937615899646,-1.15154360901038,-0.599465803039109,0.238183637269489,-1.06902440069941,0.116153539005222,-0.201643027719993,0.854334106648984,0.460036963973111,0.251810911400836,0.6391775741467,-0.37135480640909,-0.43293082195653,1.65015158134356,-0.402553397039533,-0.820177601261679,1.15255543424431,0.0914113091945134,-0.0235161796409009,-0.149452003334667,0.309817214378395,0.0733393229697336,-0.420050767589269,-0.502618518422691,0.0016842512577622,-0.0452536099519689,31.0,0
156655.0,1.89817942164523,-0.326591796667256,-1.46499936808339,0.198214508114492,0.154166897162989,-0.505025665012604,0.0934544111409141,-0.116230275300636,0.413190922566224,0.145200872695785,0.986746726866438,0.762441080573413,-0.382187880629919,0.741094297442373,0.216453642217434,0.0058675391634243,-0.705341801975984,0.474582965624097,-0.0537676904001619,-0.0998760161905601,0.348629281487396,0.935642679838732,-0.0205352825288111,0.734054211874523,0.186087967544066,-0.157764617508997,-0.0369438331976234,-0.0502084663090534,68.0,0
139387.0,2.14506284500158,-1.40436636361668,-1.8376534295974,-2.04196023796726,0.112521775662473,1.01392275141778,-0.923644977693185,0.242113351986296,-1.96479600999332,1.68465205831516,1.20775375223855,-0.194271565616118,0.130433304974518,0.312028777073634,0.306938032912555,-1.23157992331687,0.940097934814067,-1.17190613167915,-0.792447676699075,-0.451506036289905,-0.191129277252265,-0.169361085014004,0.337953159212572,-0.780691268573068,-0.383425463611108,-0.244807133517838,0.0147319873706824,-0.0715003217250251,43.0,0
71399.0,-1.03900267932237,1.05954346942908,0.755489096141757,0.123509954360281,-1.10817295878746,1.03236149068439,0.211319834084751,0.895595482658182,-0.279491271982622,-0.519541433926442,1.32684448820892,1.14308424093962,0.223866233929044,0.42767056118356,0.357041618814851,0.616611479744703,-0.492736928606187,-0.146408654036016,-1.75304229423377,-0.516439510663145,0.271865952471969,0.749780248932625,0.231996788173481,-0.318319625621038,-0.825304486928377,-0.70941225202637,-0.438962910484094,-0.352014914900354,166.0,0
118070.0,1.98360752719271,0.0395328040699091,-2.22856297520921,0.139876725811438,1.42756786583491,0.424070954166251,0.525929032824777,-0.0689221213643205,0.201573330033393,-0.181616150229252,-0.0805537962771666,1.09711603389049,0.792997542433166,0.524365967979616,0.548351303061357,-1.82678021412619,0.67473298673368,-2.0781138080909,-0.950841044447631,-0.27800327062773,0.219299470230098,0.996830678467543,0.0274026359751252,-0.269539270270855,0.39381529480102,-0.0043133926989015,0.0022922784552475,-0.0774787818168439,3.55,0
47081.0,1.09928571000347,-0.344919291618571,1.17336298789465,0.839818722343178,-1.01384678141148,0.150195316575837,-0.745119324144469,0.26432414117555,1.07808697404943,-0.263769854861114,-0.68366442658082,-0.0120646415139658,-0.984908972757292,-0.172616334834273,0.565437771220333,-0.0794526609054835,0.162474306062234,-0.556375163030907,-0.398320889298766,-0.156764562610089,-0.0637943032248976,-0.0492924009208994,0.0558413420963201,0.0959236542887263,0.140102023243939,0.347374286602956,0.0229997827451309,0.0252006785184764,28.75,0
74745.0,1.27217636743458,0.169924868948852,-0.179971298699766,1.06222071624288,0.521139909833182,0.614676125292514,0.0177680037673261,0.0877893183146951,0.419398252766815,-0.114285252410093,-1.82494213558116,-0.0450813958286661,-0.0980619863075033,0.0227843866013123,0.0310377913114099,-0.305479689039372,-0.233494536751007,-0.496386171767822,0.162940223829284,-0.167845299137762,-0.199115063570227,-0.329120895842635,-0.228424916838263,-1.31353652088698,0.844640503745427,-0.224776171523925,0.0375361095596427,0.0005805125609157,3.76,0
80955.0,-0.382669426454933,0.638895918651475,1.91439162533357,0.01751106760567,-0.254844529983029,-0.0419097286727248,0.4495304887841,0.0798248566789428,-0.35800110040656,-0.629112520517927,-0.0695631923027064,0.550122797710476,1.14760708324446,-0.235388616398384,1.23861796406993,0.152898396148187,-0.314792650124482,-0.525180206209838,-0.561101206102499,0.106323179400992,0.053232663485234,0.118612965605075,0.0796914796819382,0.109222663450298,-0.293799186015333,0.197836711336864,0.0258212959415899,0.0343209610280432,53.0,0
38603.0,-0.114068711925449,-2.36845730028805,-0.894009148958065,0.405112412914486,-0.791225188528957,0.0578835385514557,0.87627768534745,-0.123968438086522,0.109894036741483,-0.427383192941929,1.02435475330836,0.599551065028425,-0.78154677805061,0.680154572008077,-0.106682155808614,-0.207108839529399,0.0495592452516889,-0.368286203843363,0.202911199772948,1.27722721850403,0.385261664673995,-0.37074505395622,-0.719188436935907,-0.197567564347795,0.199785191879801,1.08279709333797,-0.221489687751122,0.0956301343555098,706.0,0
144977.0,-3.94344138056141,-5.66500471720344,0.663471608200121,2.71406360342599,4.63431410213056,-2.79390189085276,-2.72894814508978,0.665982816229868,1.04332521982673,0.0270739782979904,-1.93496250536805,-0.459465126241037,-2.11433190973052,0.41809754168739,-0.596620220291723,-0.885348011192532,0.435645532945478,-0.105448239295347,1.10933140734451,1.64151663421735,0.194148983329978,-1.23588745727082,1.93582984715204,0.49548645562876,-1.25564575445447,-1.16108431090061,0.0748358230084341,0.419924739801792,219.99,0
61375.0,1.26626966272815,-0.117306104402357,0.473608007543132,-0.252962899623993,-0.61468785855351,-0.521662540475403,-0.355945254579784,0.0333884914062856,0.238621390546165,-0.0272071253445554,1.08387963067095,0.520649660141003,-0.425355729001507,0.411236748595617,0.633525058948377,0.724383754845852,-0.705712417175078,0.249831953468784,0.447699687616082,-0.0801913243534533,-0.111173953159394,-0.364616739790138,0.0511882826794665,0.0457921246340486,0.11466302466199,0.909525900943378,-0.0781829963718187,-0.00548886576297,0.77,0
144124.0,-0.0294762134728752,0.154580856417309,0.908355807912334,-0.816014022671343,1.00224258199974,2.05463974349112,0.0271534066265534,0.444691453404185,0.955980356799963,-0.705834381453596,-0.192947704948171,0.550775979738258,0.310710902713689,-0.546966009584685,1.17344871974295,-1.19885837850562,0.384140937176665,-1.62674535214815,-1.94739746819089,-0.230467303895189,0.331087848574999,1.41141518485372,-0.0037826708445536,-0.660083121686967,-0.617376075129464,-0.227932404828169,-0.142522991236716,-0.221112337888035,9.99,0
60553.0,-0.31919974178294,1.14627819023555,0.813204787823828,0.936871590976888,-0.366514916664537,-0.676953499063079,0.173471576358673,0.44513698549456,-0.839707806986862,-0.165584614386153,1.09314698131218,0.382687678038924,-0.874857121959329,1.00186974666927,0.356930529398785,0.026482384902369,-0.167900916040105,0.649182900819331,0.563085786936088,-0.206781075518638,0.224271383611239,0.501881507446535,-0.052197772477013,0.523708649964059,-0.223397391338837,-0.354890830059355,-0.0499763295919441,-0.0287377973353953,1.18,0
71370.0,-0.588988650095799,1.20832231954011,0.388198879086259,0.796487520792535,-0.438062336114796,-0.12409234936729,0.556350108160115,0.30684186867851,-0.771359699408793,-0.0218766558061854,0.735535738894423,0.469001607761147,-0.207318900218106,0.77617457317307,0.367158070140862,0.172641324641158,-0.42490293510459,0.746979126936431,0.76571732668445,-0.229845380436516,0.204904011361676,0.45589199545448,-0.0539998959216683,0.0044143996355513,-0.139656270211526,-0.344774657070896,-0.259934490086536,-0.0704718668895254,85.25,0
55098.0,1.30133695523532,-0.608985639130298,0.557922005191952,-0.770696739111143,-1.04982506186221,-0.447603686306436,-0.746205546821967,0.13352537039905,-0.895994665499951,0.775171654498318,1.70392989003477,-0.417000969010751,-1.337836692653,0.394817079097167,0.461959052052036,1.10758092854659,0.418951536523389,-1.50866549837439,0.510787897984587,-0.0406270248244837,-0.0583257576327667,-0.375588837525074,0.20736670262461,0.154731109494968,0.0448610812879209,-0.512668883013733,0.0095659813975535,0.0080729609131691,12.9,0
111572.0,2.1459345859406,0.210323288307606,-2.40648761095422,-0.0043653580119744,1.18860156801736,-0.905706341772237,0.759160475016063,-0.626374701265999,1.36755259415138,-0.398065781513084,-0.186433736265464,-1.98700210917838,2.72668627263076,1.99131393178315,-0.377249910978909,-0.474421649826899,0.126927455984898,-0.117313027340991,0.179402255037042,-0.111275348589295,-0.0288436656616906,0.267578241513059,-0.123599220599999,0.0587699320691645,0.559229065960853,0.205613654729345,-0.117137454676305,-0.07872131173971,31.29,0
148711.0,2.2384134085548,-0.319051549199046,-2.04317180550647,-0.823463364065139,0.227951575557723,-0.96952776759689,-0.0886338401032051,-0.396281498843448,-0.734299147270461,0.24266802913316,-0.384461028464963,-0.0477202491150434,1.50541301085831,-1.57787889658819,-0.282212438144439,1.06853923347003,1.12686676829675,-1.37290776895875,0.759917401577442,0.118954045081218,-0.0489029351488534,-0.0605517577367935,0.151157242448958,0.41609222953037,0.0955112894796462,-0.300616651997705,-0.0217489940603145,-0.0286374699789693,15.0,0
76000.0,0.213728886498821,0.62313565650925,-0.259558058640646,-0.152126985209882,2.26208811819354,3.57971164734521,-0.187220393936421,0.877580378192651,-0.697998235361168,0.110296857642762,-0.0491632089359495,-0.264466907956961,0.135283123524967,0.42736092401731,1.9011352174835,-0.0665204473248544,-0.32574376761293,0.291244699689966,1.96060128608571,0.251489805437697,-0.193588404864573,-0.663298773827501,0.0886749672797734,1.00532555031502,-0.6764117987035,0.25166074710035,0.105657956710504,0.088634421831781,1.29,0
43034.0,-0.4855881185707,0.287403392020315,1.2336300130935,-2.15015365959616,0.372407290043687,0.257327390906822,0.16185111044094,0.134850155515864,-1.26185158811064,0.0051912116387334,-1.25602805478287,-0.745969543080757,1.12869336574111,-0.597836375293541,0.478383217807774,1.4811976788819,-0.283953493662034,-1.61521108425616,0.193594714043935,0.298954193414994,-0.161419313374941,-0.510452790818049,-0.251421426476969,-1.33800412836068,0.52935177141469,-0.429691277574787,0.21811519315391,0.0222226594298987,15.0,0
71578.0,-4.62160506997466,4.13182412368737,-2.10873242608184,-0.184792759617378,-2.5169282100131,-1.15823811636712,-1.94112721190173,3.14138031694392,-0.306617276987647,0.548996297926271,0.63761099894016,1.81492356768584,0.482837102529951,1.41740808616755,0.0478629754029334,1.27782360440297,0.863462608838711,0.492009429809651,-0.0800511126764948,0.38040343291175,-0.16023945690747,-0.843983902381061,0.382318734036604,0.246195372467895,0.376790439646171,0.10452094214379,0.210864105220585,0.125956555039474,10.77,0
85875.0,-4.96793034088359,5.23499305294493,-3.18686652845762,0.840855609840958,-2.4233627601889,-0.282937925388365,-4.02388047485112,-4.93326228898338,-0.45897811352566,0.340325248741928,-1.15922284736619,1.70416048835788,-0.0677518428620463,2.62748112280642,0.288422916641349,0.163305384917757,1.4615456608216,0.0500015886749058,-0.183107369157337,-0.289687118347876,3.6022590885966,-0.668063823901443,1.38022417963698,0.590676705170002,-0.303266463356582,-0.378469239889091,0.369106669006822,0.252871788614366,0.89,0
138244.0,-1.85902281059947,2.32297827508082,-1.55970600406405,2.5964050360574,0.928619780896606,0.535157911308251,0.0865278581220643,0.36158614878184,-2.29260108098536,0.719887849179703,-0.780694814338013,0.585944940904331,0.141094121245156,1.29644892663424,-2.69753509331933,1.040094523065,-0.622400885529359,0.139107061655017,-0.992777649421467,-0.973951959011079,1.02877157804453,0.188286225188778,0.284145109772745,0.170649672650941,-0.671189176863559,-0.225299264815933,-0.434570847008136,-0.0045430999835734,34.05,0
37890.0,0.357507749512252,-1.46897339196417,-0.111645888870791,0.86105674049841,-0.671098927129735,0.380668568742948,0.274500660297117,0.113432583842921,0.337272580666152,-0.250312913430851,0.812868387432377,0.632931138351563,-0.988605551720777,0.420116675693203,-0.465466303296287,-0.174814293581306,0.0220837897196384,-0.377912615435333,0.178677430563146,0.672410086041508,0.0660077797228596,-0.635557510563627,-0.365784684474328,-0.262931116469391,0.183889968491766,0.36531676217133,-0.104383574899293,0.0658126939200997,429.04,0
89779.0,-0.361852904155368,1.23413300946264,-0.903425564046686,-0.79227566469505,0.8948288703667,-0.311825037982204,0.670585475579638,0.31375282482637,-0.0099290339029158,-0.352665921846252,0.472663890759473,0.163516131858514,-0.606435156353454,-0.681437392273768,-0.8276148858586,0.708899125852662,0.0476877031795034,0.495986632339781,0.199135352212734,0.0890748316096206,-0.367827311988261,-0.86543246095971,0.0532698766102226,0.0702333999536373,-0.367698604991965,0.102729975927134,0.0420348941772419,-0.169821251294459,12.28,0
121839.0,-0.161038910836218,0.784084437426721,-1.56688031786143,-1.62506484921115,3.15064949120303,3.29664173538482,0.604788755511125,0.570951775391648,0.247687768605504,0.367467559419093,-0.0632225762126188,-0.168867483748627,-0.280126655426144,0.326011349170105,0.939463141120121,-0.627110462753379,-0.674271127336063,-0.0007751390263521,-0.10772500404547,0.228924014379,0.300324555665873,1.21266441220313,-0.103625749583829,0.734447521611024,-0.740269552394967,-0.235187580415041,0.337481089174,0.150364349907945,3.98,0
33723.0,1.19645900424204,-0.141609888694833,-0.0583544654583319,1.00819040504127,0.229643811639462,0.855361454257573,-0.255928235219914,0.243228531351815,0.553275622725351,0.062353363006768,-0.884407493729886,0.0399388581377664,-0.927513540765481,0.154496241983031,-0.889508709229877,0.376885452567179,-0.825491217841952,0.797468220251204,0.899267405880394,-0.0849143200938967,-0.132597410395408,-0.294794929827331,-0.347294952979912,-1.39681525704174,0.85460645518767,-0.209652502759898,0.0202506414968643,-0.0002273348131828,43.89,0
152375.0,-1.00536416531808,1.53683858117457,-1.42970237089247,-0.688998320330159,0.459725964667694,-0.482108124854478,0.0856308753772466,0.90922445144386,-0.271953361987491,-0.671912206446437,0.344270503854739,0.513554488352727,-0.393055284492622,-0.219260084219094,-0.901720822427219,0.876382629193745,0.332647480125653,0.509534786405335,0.172842617236692,-0.14599412365486,-0.266205799240304,-0.86533604247156,0.244785050949098,0.157841965492015,-0.312510040022977,0.11993888124003,-0.0349744341025159,-0.0171150730248495,9.53,0
154845.0,2.01961946901931,-0.577082824770441,-0.293905666337945,0.410126780558141,-0.596768481400191,0.242417284748151,-0.95441702259915,0.186318348265212,1.61026250589923,0.0151336357922893,-2.01358925138244,-0.411391979186213,-0.579916511831634,-0.235225429904982,0.729528032221079,0.827080612662251,-0.857888633941684,0.374327623700278,0.0094175776602542,-0.227429453614774,-0.064363517899458,-0.0275696154350655,0.197730998524043,-1.07675463800728,-0.429394219557762,0.246454116227936,0.0072584746773618,-0.0467737981498154,9.99,0
36166.0,-1.34840360316074,1.11285854240084,3.00964096723073,2.64603045292869,-0.471063505363421,0.322539837885491,-0.0096552450233004,-0.0394685954124942,0.175950276060565,2.13185478722864,-0.539012061112159,-1.29079404471365,-0.83031648970286,-0.666108511527005,2.15024548700746,0.387053893959925,-0.452392258265181,0.865643497333283,0.347744033545498,0.727025724951089,0.0124197602873119,0.758462116035417,-0.170217550646441,0.353371461765848,0.124327638374986,0.379319777903944,0.329455016079631,0.0278708629603559,10.01,0
118757.0,1.92422111609533,-0.0672481222579929,-2.65599578131289,0.650897973273051,0.777193695502418,-0.596315459863573,0.258626820709058,-0.123245262167554,1.13035519095314,-1.06639274606724,-1.33739273666078,-1.02566495337632,-1.67024413007422,-1.82136252450112,0.100602545993205,0.402736911760185,1.44455824056251,0.950537723671362,0.204152479542557,-0.0686962815301007,-0.203264293696561,-0.582720062304373,-0.0522329626599244,-0.246435647961596,0.225984325553904,-0.283550653748551,-0.0143281289518588,0.0035070707393705,90.7,0
156263.0,2.03379875513686,-0.0794357017812645,-2.02048097342252,0.155098896843747,0.801086197731705,-0.349900750753235,0.450114276037113,-0.220863769086277,0.291319184935223,0.0763030258245331,0.372823785275216,1.13469954824861,0.239282798731109,0.559362619492652,-0.9729955020551,-0.446321613648957,-0.576313356298502,0.0222179023888218,0.725226371185213,-0.135443963878583,0.0271685705207488,0.21592179665357,-0.0369451707508264,0.232367940571872,0.426329196650985,-0.245322578777489,-0.0477002732839627,-0.06981296028062,29.99,0
133461.0,-0.996253262554061,1.23362385509337,-0.081327102126723,-0.0101355111241988,-0.0547202488211287,-0.960672967083839,0.368642682328957,0.18668872407327,0.111844227932114,0.105789280259511,-1.43774409341246,-0.921165225161368,-1.82461782472452,0.799332703939668,0.473847450130496,-0.362331756094882,0.237172519206962,-0.287161695186485,1.20279431298657,-0.209668080668877,-0.159971662461624,-0.633832547978855,-0.0108483136682701,-0.143252849297401,-0.834793334916028,0.275483793198422,-0.246513969836499,0.105857938814937,4.48,0
71423.0,-0.338761227587808,0.81247954645324,1.37248573749522,1.52081309979366,0.40445784173089,0.220659541113305,0.688004134762759,0.190332008775569,-0.836196759672242,0.176048496485675,0.181811936692614,0.558370783794398,-0.21050413372894,-0.042557248520991,-2.15019375029497,0.73883367629604,-0.953916400996857,0.0408339850200627,-0.845737802554575,-0.1466229743513,-0.0442793188100895,-0.160493794318683,0.230304950578026,-0.0350523138438415,-1.09144143816563,-0.535858579986684,0.205679111671355,0.232267730458704,43.22,0
159625.0,-4.8218513707028,5.05181470428753,-2.02770968692494,2.94222965938385,-0.765531840897053,6.17498604688532,-12.3654826473218,-25.6144738207851,-4.36224861893787,-3.84277923746354,-0.793967807335811,2.69386666520336,-0.999739367031002,4.20922278269137,0.766515203524797,0.445132787074039,2.81717392670701,-1.61319143291225,-1.165032398689,6.59832951358291,-12.3048601067165,4.75350089315334,0.691749962193427,-0.894155135438449,0.0416224453801679,3.06790743126568,-0.367346896775555,0.506198574870543,0.0,0
124279.0,-0.609115695508934,0.614060496052785,-2.55155138566177,-1.0371176446509,1.14926669349158,-0.526056794158483,2.53684811535831,-0.648276114226407,-0.24788802698672,0.380962302476408,-0.0871382962010438,-0.212471288188003,-1.21287404145709,0.864008534023549,-1.71568158366588,-0.0997578718959193,-1.04847569650315,0.193371028183841,-0.309171305477795,-0.783077866052619,0.336227414994824,1.57593555815483,0.158451019781966,0.280814089433385,-1.00452937587476,0.255918211315804,0.212649707950873,0.25554458290796,200.0,0
164152.0,-1.88893925328232,1.57406658117726,-2.21940619327966,-0.418753835979779,-0.0934779477299102,-0.331682428318542,0.154690483013332,1.07197117816605,-0.317929696962723,-0.923531684310336,-0.397573931642445,-0.222411006067868,-1.09952237774332,0.406301241323275,0.223329923104984,0.88485270498453,0.40285382745692,1.72534281365816,0.514941469922964,-0.511770563145831,0.394233223608617,0.838004754389726,-0.367501050212267,-1.23302665308705,-0.369733986432705,-0.132422297562317,-0.370458132478324,0.0639694295468169,102.94,0
147394.0,0.110518282304463,0.831192453563742,-0.393743149914667,-0.862921012606327,0.763155086221956,-1.75368945115168,1.5106077142746,-0.401031268309933,-0.722178104576213,-0.476629504947174,1.28948255865797,0.543343574831196,-0.864590593569895,1.02477021475731,-0.762605288987023,-0.570041420917691,-0.383893697889306,-0.0421292137960213,-0.012951079945165,-0.225577762885805,0.312878861827997,0.898742315888936,-0.236261180316613,0.58929572297362,0.0648981504191998,0.112392371223121,-0.0205545621076017,0.012110171129037,7.7,0
21308.0,1.09811466852726,-0.47303215337111,0.992274188144557,-0.719987695559202,-0.783075258866349,0.47488673879522,-0.961383714988763,0.351748217004278,2.95131892898984,-1.35331135292171,2.53157749220207,-1.30292716764396,0.72244490146491,1.69214299694931,0.424629319776994,-0.829360079053044,0.942962865478103,0.145091423265241,-0.0801430975270315,-0.24820000150797,-0.0571350727017003,0.304774557788382,0.0234522999963185,-0.34402016268151,0.269959511295501,-0.681964687601683,0.0893117132993653,0.0121872931569856,11.85,0
142816.0,2.40466311881484,-1.12614363955712,-1.81581276856293,-2.03745972882321,-0.179734887146158,-0.0388275926301848,-0.83692625844339,-0.205782084618891,-1.96503179682681,1.82396907482808,0.113059936155904,0.0234952697979659,1.79438895153711,-0.243284283081508,-0.540263299917698,-0.158994662526424,-0.311117803461501,0.756923077300082,0.346369621772475,-0.318208926814166,0.0542653921130274,0.671778300183582,-0.0362665300441494,-0.249296429724,0.264687999488233,0.0777114836265869,-0.0126884990240098,-0.0742610084958809,0.01,0
121935.0,1.22428053821118,-1.01009152060374,-2.3871487100973,1.498378239064,0.446393133146395,-0.708583065501311,1.34509385133588,-0.525581978657894,-0.437749319010613,0.259143582462849,0.64793123630817,1.42219829634375,0.907886159879919,0.726810430072581,-1.16978865453155,-0.42121269081817,-0.635640349703673,0.0364842882697202,0.0438123349222776,0.65505263291265,0.443940071886683,0.547897685388421,-0.522243065724539,-0.262732209124581,0.506023199320135,-0.434831074590827,-0.107394249141098,-0.0046884747189231,429.4,0
152530.0,1.91334891175554,-0.0608516268408712,-1.8201307845759,0.587495838799459,0.0727971885232135,-1.47324896408056,0.347064309474868,-0.3890168001217,0.648474111451313,-0.495328419821947,-0.473217572492922,-0.171608187867862,-0.389442095017964,-0.63333082749565,0.956900944208457,0.24977086805864,0.399948517192273,0.585720603174541,-0.431055488806964,-0.0748244703097812,0.233227333421456,0.656111159622627,-0.090619115632638,-0.0952789483492852,0.219483791915116,-0.106435911508425,-0.0195930862340229,-0.0192838278697161,80.05,0
149744.0,1.88303938033771,-0.32375926127137,-0.105341871574807,1.06350615460596,-0.292998318657256,0.750234422703167,-0.869825998816677,0.314995134050308,0.853811675528906,0.282174896104855,0.483964043344833,1.17264711144275,0.660512670097204,-0.15332175213953,0.036248581418299,0.837085879459555,-1.16973931441395,0.786334047340637,-0.316387498630693,-0.134733010626007,0.102859460711125,0.387969798307448,0.23836893662242,0.260447454644189,-0.303459075353141,-0.777656661995987,0.0729725285197389,-0.0235375481225611,22.0,0
46438.0,1.00178479988954,-0.182761729409014,0.670964213404462,0.753736846025453,0.0220146616626296,1.27581240320439,-0.444907779132585,0.456221469371979,0.520841403564998,-0.42736813667844,0.555886783493563,1.22997033871872,0.313608635449039,-0.164889966478603,0.631769878320238,-1.72124540840015,1.37366593739383,-2.67990439334982,-1.49177268786253,-0.226632964676576,0.0415215774617035,0.525895917883119,0.0875734100501716,-0.565316235147611,0.206675101086717,0.517387800958464,0.0604251937741802,0.0027641024837178,12.31,0
154460.0,0.0833763361545878,0.630100840120181,1.25566440616407,0.159580517184355,0.495148754688751,0.202409531574369,0.714702342435506,-0.0794789643078896,-0.104485126719462,-0.190973594507395,0.620313789893352,1.14608603600527,0.96130613678406,-0.326773643528141,-0.746275428413985,0.46467481244216,-1.24027564067606,0.27950492318317,-0.282603284553487,-0.0251439075769012,-0.132775195542207,-0.168175742037909,0.0683580829614918,-0.454725834341501,-0.622992751648643,-1.0822032532675,-0.0367280921868413,-0.163401014202055,24.95,0
11045.0,1.29854441409745,-0.147471857415625,0.307922744216064,-0.0996889337709414,-0.191025718599387,0.2411025171017,-0.625560445587394,0.0787278804391185,1.69924762154668,-0.324151490898959,0.979542461994294,-2.57990076151284,1.09050792981333,1.75995301722453,0.0718999861295589,1.11964319322929,-0.401483357918866,1.1983435670109,0.40407033512661,-0.0807818991316996,-0.113906820768807,-0.137991204466006,-0.185887207213014,-1.03692521143709,0.329181481853782,1.10100314581707,-0.100559305920612,-0.0199950762230059,15.95,0
52750.0,-1.65250477662094,0.727561119458535,-0.587404428096311,1.00899635835934,-0.431443956618478,0.229914913857376,0.781181320867943,0.653322122132221,-0.972893752760442,-0.367384491596739,0.120829104234437,1.3612307508823,1.26950614406369,0.716408153932826,-0.680705299351278,-0.0608760381615159,-0.202475419443921,0.546266089516539,1.22272885445597,0.0026863389071566,0.170597174412212,0.503448369933438,-0.194875583727803,-0.418180769570898,-0.23415795644553,-0.304215472324113,0.278629271075391,-0.1178773768205,238.89,0
148908.0,2.21146531071316,-1.75810064177421,-0.0497767558106181,-1.64259720761348,-1.72635779496216,0.273268460665775,-1.92255845655845,0.0246047420353486,-0.580698566078852,1.4334362378279,-1.76967663030301,-0.306253691864824,2.36663522516827,-1.37143595085255,0.414369179664788,0.401194508799812,-0.313953073884244,0.831456007312176,-0.221603046954885,-0.198738838941701,0.0413325912975308,0.669447236641089,0.091764045260973,-0.969159900538351,-0.359703467891065,-0.0382355985307247,0.0817312871357459,-0.025761032569392,56.0,0
67735.0,-1.16001181258398,1.3174618173256,1.26681441012262,0.627668879827615,-0.359436029168769,-0.922366319667589,0.125173405863894,0.407840749527207,-0.591384099385345,-0.4429269985343,-0.462428271315772,-0.706416673059378,-1.03980359031949,0.196884173447624,1.63461159461781,0.152228413329187,0.651273577954419,0.179597248434833,0.972062617953651,0.0662546459756085,-0.235251116066487,-0.835003230181673,-0.149552975902988,0.323434632116926,0.0113044504249977,0.285126911205936,0.0547079397591144,0.0273427413711955,2.58,0
158719.0,1.81155513007174,0.455357573253997,-0.909507058443418,3.48360422426825,1.30765094764417,1.68101732535514,-0.0110186768979985,0.405052635807879,-0.954190455855575,1.29131883413756,-0.685531236988167,-0.0822719136955572,-0.258441852786943,0.383123716671624,0.0138149537256096,-0.073527165313144,0.0950872228397767,-2.14464831258012,-2.39961406783125,-0.382874241893245,-0.206804697040114,-0.522555129449077,0.466503579790872,-0.522734325028803,-0.454332860767156,-0.269027392326711,0.0101547444805986,-0.0496525648884398,4.36,0
56217.0,0.738765686849124,-1.15151518873152,0.823369417895618,0.727329398263888,-1.28385468566079,0.120006740234657,-0.456014956585064,-0.0097192522865011,-0.872842566620244,0.618541815463813,-0.247136246659027,0.554778480238102,1.50738860282904,-0.230739307116773,1.34463757170574,-1.21052999119423,-0.183386141835049,0.997484248766968,-1.83265914316144,0.0500079110622307,-0.144007452487274,-0.442922168549108,-0.106051009140192,0.0614867654335611,0.0794197250718208,-0.433874424676588,0.0532615718566717,0.0890023211231919,273.0,0
72155.0,-1.6402716015364,1.58751191171565,1.34571679205946,-1.81908395235363,0.214886061653293,-0.780946109586528,1.19401788537586,-0.632203131875899,1.55418945084097,1.74552640986367,-0.468448752807115,-0.2581572212857,0.317103364961306,-1.19234543810998,0.690962393747157,0.357057987419497,-1.23843377949676,-0.403215753752991,-0.670186874133947,1.04475182115348,-0.449443556062096,-0.305852024763125,-0.188277701073736,-0.0955122920535359,-0.034555695507462,0.690732454608507,0.389913493880091,-0.102751939136364,7.68,0
36903.0,1.45220148029947,-0.483243890062088,0.0176298634708227,-0.827356132692993,-0.607039699284117,-0.581805673918305,-0.470219287190929,-0.228335893424377,-0.809433922140528,0.62621200429309,-0.941516631524527,-0.591877419687613,0.932560726407651,-0.329324938935678,0.707498781609998,1.27796227868666,-0.0817991927872152,-1.0280538332735,0.748834165441199,0.161649091731549,0.259884704778426,0.715284697318153,-0.272480728174776,-0.391335512663771,0.773083504734054,0.0082768233852385,0.0036619627986043,0.0071999900897954,23.4,0
44326.0,-0.420525491996572,-0.413092241677876,1.61219997473775,-3.3185587209134,-0.707116547694192,-0.342110277139281,-0.227035010935773,0.133369300159583,-2.26400214379253,0.623362485143303,0.133997599255591,-1.12174712663546,-0.570827023259651,-0.24732342656067,-1.05817753956797,0.794989844560983,-0.662372708286103,0.727873419076799,-1.24686820216528,-0.492593543364985,-0.278126007065309,-0.658542677143554,-0.064858303128465,-0.454522836241272,-0.211501640491663,-0.719542565414173,0.0846443315836901,0.102021419106675,20.0,0
65350.0,1.09983191601393,0.179667962981262,0.652446403079719,1.24932483681025,-0.267071661353501,-0.0085289909563035,-0.0945888384075396,0.136081437365228,-0.0561539573308515,0.0720955534319974,1.51167407631612,1.24936951756297,-0.148634304293396,0.342443486117348,-0.287777990833042,-0.274187604601089,-0.108895113434588,-0.495783642269028,-0.273517415618436,-0.168745788494081,-0.114111436971908,-0.221650961260653,0.0588859532769784,0.202146014629814,0.395324155963582,-0.49817991845519,0.0404783748658649,0.015074758005447,10.38,0
59038.0,-0.43415116008189,-0.0403449581038715,1.71472125556231,-2.0631591713104,-0.8925951879827,-0.250459719666998,0.245269130605856,0.205846782100095,0.758281512441861,-1.4454720927774,1.80477290079971,1.01162737831491,-0.278012697825895,0.238023306108465,1.42585574445231,-0.324179317652803,-0.203462938797857,0.370747586929154,0.514552975963947,0.130823424253622,0.219540026542718,0.54581225008098,0.111419467582519,0.248940675437534,-0.234279408274279,-0.11927131070579,0.0397288931505962,0.0262449873019636,89.9,0
73622.0,0.802979116824704,-0.643329647588507,-0.126184752035983,0.754579969123403,-0.561225013795953,-0.636275734660801,0.367920961265098,-0.121937220927178,0.0294698475199922,-0.0202628034016498,0.981071017583149,0.487502646436534,-1.10836043880461,0.634359807170884,-0.510120397653431,-0.0570015657200434,-0.200866223651291,0.0282654380627455,0.354081365339967,0.277342190175367,0.108176263519186,-0.123049991593298,-0.307195193342113,0.376170520668676,0.518626076772736,0.516943072907791,-0.10505194604337,0.0275626915181774,226.0,0
130190.0,-1.13687058246137,1.17356511257691,0.837808111885377,1.24615775371805,2.99012097242369,4.90004619739393,-0.364721180599044,0.503543865879165,-1.39859454434026,0.497857330845135,-0.631710697680137,-0.492914796946428,-0.311988927266964,-0.0944094005460415,-0.5659625714662,1.46631369313417,-1.22114774580518,-0.412795519652164,-2.33726985064781,-0.397364840737897,0.528046783956207,-1.21167506386769,-0.0698789536330479,0.592462281363684,0.432528611227949,-0.320233375440693,-0.110968800126531,-0.066062865608859,12.36,0
149061.0,2.27575902235313,-0.615874650243172,-1.74413656396297,-1.16575575693582,0.132945618951839,-0.49976925621387,-0.293389542909988,-0.347985882619873,-0.709845847235769,0.824013823513052,-0.984105594208523,-0.131150576207038,1.73905282117896,-0.300185284802224,0.315460130442719,0.989658968321246,-0.155480015689786,-1.29780639905379,0.619390089051443,0.104535893287805,0.403201049118422,1.22472066834535,-0.0756860473662705,0.123456732968144,0.348983401724597,0.076493772608808,-0.0327895823908045,-0.0630582663652266,15.0,0
137800.0,-0.611331907995601,1.51040958591353,-0.335223497177364,0.661096249915947,1.04870161242627,-0.348432551240315,1.23997824165755,-0.0703039049231216,-0.42576073562583,0.808547376034147,0.213618864042227,0.196589970704759,-0.807794811567137,0.626716815420589,-0.898443726185622,-0.917507725811277,-0.188929122884761,0.288099523062713,1.14064750986842,0.275815949971798,0.064975046222346,0.617106898083668,-0.341019930477667,-0.468519574500713,0.132160522801494,-0.356103883183296,0.650507374340189,0.356115223317983,8.68,0
88045.0,-0.721029582557585,2.4832339787239,-0.11763214542444,4.18672266163187,0.782185756411707,1.51412469444835,-0.741510900278252,-2.08138233347647,-2.4900115236562,0.944506688939275,-1.92544797473379,-0.198874128049544,0.695854764331227,0.89025662397518,0.221133317006289,0.148601924660069,0.218558174146736,-0.0342389065078515,1.4755389489587,0.873626294242023,-1.46156742733031,-0.121723009374685,0.306460508312345,-0.0230549952468354,-0.843140558322441,0.0310035888775891,0.308979912170637,0.257388028722216,0.0,0
130951.0,1.86376696477578,-0.970884201405584,-0.977913892896038,0.803180710547322,-0.780858056059713,-0.367223241689121,-0.420856602324177,-0.0117113210294281,-0.325582390415388,1.14496712630184,0.096508547923923,-0.0554544768729433,-1.68145131702797,0.504616608769459,-1.29569606940215,-1.79423367125353,-0.0105261896426119,1.64780719390113,-0.810998502164972,-0.61489246321792,-0.157595157998989,-0.0005825279125238,0.0382713652674455,-0.0535606698314277,0.0656892027603224,-0.483657315631807,0.0186604395016566,-0.0427526162323564,100.0,0
49700.0,-1.56740120152842,-0.950655698957002,1.31418185885444,-0.0633637435616564,-1.44392521682178,0.197503809291026,1.86912590393332,-0.0026411012745813,-0.213708556438107,-1.01835852913237,0.118505224967106,0.594573817676918,1.0929443882772,-0.28444951144359,0.82613399763513,0.441500441495917,-0.499915845809164,-0.482157045275323,-1.55240955162871,1.24739328360347,0.373095789979088,0.217982694788826,1.30256503137293,0.376284980738662,-0.146215848976769,0.18219678350217,0.0923666745684458,0.152680926104131,521.15,0
42815.0,1.17005517014038,-0.891557418094984,1.02065870906969,-0.707492500523084,-1.38037120713654,-0.0210968581815703,-1.10080522500331,0.170180929221295,-0.746541245297951,0.694929057729221,1.85695704316114,0.43679172827704,0.612136157100152,-0.284829474076412,0.610756627256473,1.31060354115838,0.134598486889743,-0.915266080714371,0.0573115066479707,0.201071180771023,0.511801816474338,1.3278943371654,-0.112648836881858,0.294591866005183,0.291908917577456,-0.0572722992212241,0.0430403059850604,0.0247513530290595,66.0,0
72168.0,-2.11454159304741,1.87840377993422,0.460177234398991,-0.0491343577019834,-0.504130266777094,-0.800643501987888,0.334236368791252,0.400064482555986,0.349899099441634,0.682405267124548,0.260438919632611,0.245344658545872,0.0276300260754459,-0.423870956553074,1.20305938877714,0.0547969673593592,0.509761583336496,-0.73147266707512,-0.656372739200455,0.231054064970393,-0.337943657248224,-0.591439287548303,0.320422520853608,0.334972574977136,-0.0193294373125917,0.0911396432615367,0.363674646374358,0.283192533645783,30.44,0
103900.0,0.0092839355331044,0.583046250727724,-0.956293884789758,-1.08974656758438,1.85056984246875,3.89298254494759,-1.33821048526018,1.53972197733469,1.81822532263369,-1.39875038876828,0.944793350549312,-2.60615966672628,1.73459066910297,0.277067474511861,0.710695950067085,1.49374861419049,0.631176462451869,1.3409222255939,-1.56935930989288,-0.258056687163134,0.192402526453954,0.581040897299178,0.26044727037767,0.545726744498351,-1.23588705464741,0.108943464031276,-0.156847790973398,-0.0139081841643696,8.27,0
165185.0,-1.87278633262516,0.397890827284735,1.41380185232526,1.23546126871077,-0.72007739895603,0.4792543279585,1.31340121781982,-0.0280059274626991,0.6219012437591,-0.0101628010549453,-1.4417982362975,-0.660316940478393,-1.72245895684861,-0.235905978353938,-0.458811540741505,-0.781802250920523,0.41996768814406,-0.533978080619125,1.31622997576786,-0.402722885571233,-0.793520275655903,-1.32194952313068,0.338152360782939,-0.104852146567434,0.507234358731142,-0.752728763195179,0.512496879005486,0.0715550515404653,216.99,0
140797.0,1.65281193891985,-2.32749423897025,-2.08525755462516,-1.74465325236888,-0.462245370553211,0.680478572595525,-0.600068809731201,0.140528468960991,-1.7574650313145,1.62069699165537,0.744317895997451,-0.969498274651197,-1.18260875108141,0.641638098035551,0.408702925963806,-1.03051084211277,0.90886211825533,-0.813731462137423,-0.715939818397052,-0.0230125171972181,-0.0632384818098955,-0.430168550832387,0.0535403321904057,-1.70617305494503,-0.499360579950645,-0.22644886670838,-0.0427141749324752,-0.0374313373779944,305.0,0
51541.0,-0.812592024396404,0.926897529556029,1.22054563509543,-0.634765018639557,0.534400520511704,-0.725816697860853,0.571492543490737,0.0802293457702622,-0.437282091003843,-0.469659817648028,1.07562579654961,0.416058512200601,-0.220591383143178,-0.296394080366044,-0.226240551828647,1.00813615123061,-0.672045406538805,0.377440139767454,-0.516807772786668,-0.0319824629340795,-0.2438076159843,-0.760467244617687,-0.148640630931556,-0.0646804547259993,0.0427220443365478,-0.0530571333558229,0.0963627953709221,0.0537405174101017,1.79,0
116554.0,2.01901006936518,-0.21552525954166,-1.21243078378785,0.231612628328467,0.0074144744982992,-0.637903152586326,0.000341577400082,-0.0848091590640624,0.456710296242886,0.260809351647075,0.540034225309623,0.495639170563274,-0.987622779387981,0.662968767066795,-0.476018834433394,0.17732519350154,-0.543254039430415,-0.229159630691049,0.492171131103075,-0.259774741683204,-0.260673254677588,-0.710982200099959,0.29981170465851,-0.423129810464953,-0.336934332114748,0.20662886242876,-0.0798480760421345,-0.0749477103564809,8.99,0
76891.0,-0.33920124219459,1.17899411582287,1.30655208120011,0.0559140414215187,0.0778575849598565,-0.9660671329751,0.759246881002937,-0.109195368163188,-0.489783299680949,-0.530739878550388,-0.104928790903927,0.250971432703917,0.738972753051556,-0.552998369782639,0.825518243636506,0.353400225157027,-0.0269303736426224,-0.214947778715883,-0.095693611359956,0.153973982092171,-0.256517513982457,-0.638027504457461,-0.0214545430903831,0.351208389914815,-0.139561022597493,0.0697484510272787,0.24962147384786,0.0996023220933567,3.87,0
153507.0,-0.284705828385834,1.28216344522166,-0.0782031402613814,-0.134389200316268,-0.170046348149839,-1.80877464140354,0.768982308992064,0.034052303284466,-0.322082937348414,-0.518883042692646,-0.196288744244978,0.676566475398834,0.41296958077137,0.692532630311058,0.294950617912611,-0.607005618588172,-0.0092335949144793,-0.156854900243073,-0.305907744811582,-0.134804517210862,0.474616911087734,1.53759059320422,0.0202695627894816,0.984531933986928,-0.869138089877388,-0.276679923220904,0.390320391671883,0.270226179267537,0.99,0
58242.0,-0.253136845735613,-0.247507204041298,1.22247302118079,-0.802274353984153,-0.558344942134324,-0.811129837642439,0.832380150917701,-0.510597192578298,-1.53401275589849,0.50979928753018,-0.189461728067069,-0.713342740995585,0.829822581323261,-0.430159241403219,0.720492024722168,0.525845110771091,0.381450345314214,-1.17398314597787,1.29023808470007,0.651614305306871,0.389180116053602,0.997210035642595,0.13354322771198,0.438549052490517,-0.252536382880598,-0.157955347765661,-0.0578303986815842,-0.055185626110382,145.85,0
147415.0,-1.18298298640685,2.40681610474539,-0.0212673723163839,4.21176746903368,0.235606398321275,0.81025030805657,-0.0473335146008396,0.97874273973992,-2.33001012351864,1.91495940079041,0.394738611030598,0.471966669586814,0.395525373197323,0.975336401442719,-0.413292405838549,0.0539028391141985,0.278578142182007,0.216160059099974,1.61059847042294,0.184127867570651,-0.067024709654806,-0.332220255130917,0.281593009852574,0.714495447779124,-0.858643486833109,-0.0350321428206374,0.0483682990518938,0.225921473887026,10.8,0
144147.0,2.02424281134334,0.481115606087763,-2.52835471793982,0.566531085618094,0.764822347784819,-1.18721277978785,0.214485633151139,-0.18315419641469,0.354128916635377,-1.0227624887876,1.49913499707423,0.065378175757366,-0.567494000557763,-2.2509238742492,0.504264760520773,1.0501274839503,1.46049186189343,1.87169203348399,-0.326846134375039,-0.169897015501657,0.12274984544884,0.50454420472662,-0.0962478428525507,-0.69497124667019,0.248215303240711,-0.0884597902655209,0.0155047239860134,-0.0080740035833781,1.0,0
56727.0,1.09981305894881,0.127705400332063,0.198405144262319,0.972733560240514,-0.294383327471067,-0.138711711546124,-0.283350912814105,0.197978306055782,0.379289835418833,-0.637203364873884,1.6454738571384,0.803766743565435,-0.761076047612016,-1.23813212574663,-0.649508964906374,-0.0309159897082167,1.26275879019865,0.0696719258677668,-0.160151350808156,-0.129985308680966,-0.0928364304235698,-0.0489282144096696,-0.047772504955838,0.151087628318734,0.402129460873921,0.412605791483295,0.0114535182714904,0.0305339414900078,12.31,0
82111.0,-0.970236378603936,1.10095931018898,-0.984512781416862,-1.17403196594736,-0.215554686688163,-0.127285853567152,0.113399410416601,0.908709740719312,0.0098162099585251,-0.492745341643692,-1.98595478124275,-1.04519333619577,-1.40457740146536,1.07824401113027,1.10222627834207,0.373576034933262,-0.0030375086196031,-0.248540435028691,0.419528155703815,-0.0761735570286466,-0.047765101469721,-0.246262794077111,0.0356417639327163,-1.28759329367667,-0.444406395858091,1.31296547725953,0.113097434210656,0.0168285539568846,69.98,0
57965.0,1.04069143882025,-0.0560402344346842,0.132970455175209,0.687002269321224,-0.465726222920146,-1.09916683964518,0.376830643130784,-0.165555670786995,-0.0339656392097855,-0.0994437653765686,0.262685657692984,-0.166094305096013,-1.41196169288978,0.827973553637616,1.13090593219435,-0.347363998449569,0.301955706733949,-1.32280921815729,-0.4681682469651,-0.0688354071715206,-0.286123294347136,-1.08218627790778,0.184771803726063,0.561408600575763,0.065838297229042,0.13091359504837,-0.0712244669474101,0.0230494247623762,89.9,0
40257.0,-1.25369451317863,0.490067596242562,1.53292346192585,-0.960645920857862,0.70037468465914,-1.51923984691579,0.565158761925859,-0.180469062559714,-0.0505449257451774,-0.678917833086624,-0.673377190875127,-0.147344859248822,-0.490079945726453,0.0908529220708409,-0.12882728669879,0.866826785576223,-1.05211626540405,-0.530408853292929,-1.64987575804123,-0.508872734503138,-0.183374916456007,-0.642253984538753,-0.174192803515473,0.356790872839407,-0.38487871225282,-0.285478338469742,-0.120255509152987,0.0960082689712227,1.98,0
91369.0,-0.747291305123589,0.561746710560423,1.74292394210418,-0.410690894067473,0.162478617375546,-0.346204268619792,0.356015487707549,-0.330347337401755,1.99193014517048,-0.540401679307157,0.0085746636672989,-2.28570348260243,2.27813581985886,0.646920397709956,-0.759440692409862,0.0432901941811255,0.0722563960596434,0.265611772943657,-0.661365235693598,-0.0225940324527015,0.0721105344912029,0.922935846255369,-0.315786936023704,0.0199128260548897,-0.414675665618019,0.511948261215778,-0.027760478150483,-0.0028199258659303,29.99,0
136383.0,-1.53456354502265,0.468851270034861,-0.97071052878878,-0.439146943282426,0.471610421369777,0.888590224009458,-0.0234649037294115,1.11714035360391,-0.292770716056556,-0.789773013511911,0.540321237799475,0.366585879706117,-1.32575989798982,1.43282719315156,0.582655111550147,-0.807459983193542,0.537484552829736,-0.372447217153878,-0.583596965942264,-0.580747635785588,0.637800035358368,1.6864705924748,-0.313941570692072,-1.36750258919616,-0.639799674804642,0.007396911950763,-0.161485568478577,-0.056704487323868,84.19,0
156780.0,1.96393367238767,-1.06456249780494,-0.790225697854925,-0.581190489571031,-0.730493218882067,0.112824491479289,-0.878836915485339,0.135542709171033,-0.139518959214295,0.873246410540501,0.291552564582402,0.166808430749863,-0.376563161515618,0.363509568986075,0.538393376413446,-0.690713763856814,-0.861215184196004,2.03169677703117,-0.541335030066989,-0.468549460385192,-0.467879070592477,-1.10454880534879,0.387664400960196,0.159250150108656,-0.590509392674213,-0.686551710499505,0.0219629208797563,-0.0220177904957721,82.99,0
151980.0,2.01439795613605,-0.0388457920867213,-0.987637510174538,0.314204117312697,-0.059599991425457,-0.923642853270605,0.137257764693597,-0.239132369714897,0.154554138530237,0.218794462408098,1.17715571131113,1.58289249609883,0.761839895643487,0.318498437693621,-0.754978067620386,0.0264939138236529,-0.55059600436915,-0.502790389388608,0.395280329026767,-0.166193436084741,-0.222558571415639,-0.50376193465586,0.330152730018575,0.0993083356369282,-0.313719344284629,0.170069798612925,-0.0691111419140854,-0.0675415030975513,1.29,0
135852.0,-0.771009784966522,1.87488162061149,0.316805608216161,2.37541454953028,1.48594045484557,0.830408852290949,0.925702013284589,0.24908831202445,-1.94443525297656,1.17451496638314,-0.0004741878911291,0.537459443171454,0.75875088398308,0.196400787313458,-2.04933240383176,0.996360375207267,-1.22542398931821,-0.174178432697664,-1.05711928837267,-0.246251782015993,-0.0673495290276006,-0.367485600671482,0.109460207788613,0.158442353920686,-0.90449679034689,-0.565244210197875,-0.509244220439908,-0.0757455557044476,1.58,0
70126.0,1.27755555150036,-0.610815880739109,0.892277751290046,-0.544744503868719,-1.35965238605782,-0.732516105505149,-0.660553259609786,-0.194665443666349,-0.792412224419559,0.568565789378066,-0.24004630532057,0.718484942868088,1.9779075957739,-0.441594359787578,1.00825113799623,-0.974182825608772,-0.275268246795836,0.880359238169834,-0.89313169221151,-0.273881637751809,-0.432290945229646,-0.800227082265979,0.145739446346418,0.441356195836802,-0.0513006436828104,0.848746209093093,-0.0273605569269234,0.0323477333926582,51.11,0
144493.0,2.06883502168195,-1.13672763431052,-0.324444404279939,-0.860117165209177,-1.36287519176755,-0.562176232072991,-1.15842045797565,0.119199222613432,0.0763295736144533,0.915753986498365,0.818026014776301,-0.557368678791961,-1.59827421398287,0.106364824871853,-0.254487876378209,1.45067788552544,0.0595680803716349,-0.92597256526422,0.812296450011183,-0.112152966202439,0.0088045548597525,-0.104208519872271,0.399068883274104,-0.0557343393402657,-0.619071140801705,-0.500541069368069,-0.0019529519275367,-0.0508413790296896,26.28,0
109263.0,1.83322741504736,0.364711481733582,0.451165543318176,4.09191681217164,-0.227508888232812,0.374195778329377,-0.583237199172087,0.0234169297468118,0.954938225046667,0.97332753162266,-0.319594437143187,-2.43228825481083,2.1801555234059,1.08166530539998,-1.32365792508353,1.08635367472259,-0.151795041581642,0.166036327768187,-2.02490744385989,-0.275786432118333,0.0415770646072421,0.48568516958391,0.189123119996945,-0.0844020125522669,-0.264452616100063,-0.0099445297258421,-0.0064837183101886,-0.0345345296325547,18.96,0
83350.0,1.29534490376235,0.270522972189286,0.314077554894023,0.499626913009705,-0.195986526263572,-0.696687143845679,0.0835027966836111,-0.200520464483113,0.0078646020179234,-0.0788994480270448,-0.58105939627673,0.455317144513593,0.873173459153755,0.115768194873258,1.01663723261729,0.426001484297864,-0.630988669437255,-0.437551566326409,0.0655804285734054,-0.0465774648181513,-0.284665436793566,-0.797689272600559,0.0690827109245922,-0.107027522024707,0.29979703070323,0.123891923680534,-0.0266672201410567,0.0150110901634777,1.98,0
167602.0,2.03368324862704,-0.0277293550913734,-0.884669598026911,0.513840911200203,-0.337297105144258,-1.45243272344979,0.201959032381835,-0.369369494250831,0.492799285430399,0.0690601919958104,-0.341527031619517,0.647636724377923,0.121451889322903,0.274460817592845,-0.0053051741024518,-0.234420060315702,-0.142276173555067,-1.02344972040503,-0.0135493767164469,-0.230688305290347,-0.260334893399038,-0.610400446234159,0.391216776553387,0.463331974379653,-0.350036762065559,0.16939663779195,-0.0692261727460645,-0.055465908527622,1.29,0
33823.0,-0.552155072413876,1.32854787992974,0.841709213882394,0.721366917975767,0.0817503821113718,-0.289918968268225,0.390540130193198,0.390521996662444,-1.15893034645401,-0.291624663448954,0.831724432437976,0.925631908043099,0.649177097124356,0.719325764072391,0.229184659167096,0.0595026359368923,-0.423329027334993,0.67788828228093,0.836180521477988,-0.0578212086922291,0.236325040039371,0.601101130540297,-0.174093736798967,0.0362086042207267,-0.200373027133883,-0.331778920683994,0.0484561980147884,0.0897287918076176,7.5,0
36960.0,1.16713019538562,-0.060249181651089,0.704566332790735,0.826946848887968,-0.703375150341793,-0.397757460241325,-0.248168411428861,0.0477341749039353,0.387227260172258,-0.0366150682695855,1.04608315463648,1.07582298602737,-0.471227009274298,0.0745209191792155,-1.08408908670219,-0.215319997213945,-0.0706454643041749,-0.0997448434197445,0.40177806770863,-0.136573754872725,-0.0265871380017448,0.120108084479043,-0.0723648554547933,0.601925463817531,0.519100402722532,0.408671998096447,-0.0213914917278199,0.0022894093615318,6.99,0
55326.0,-1.43584386422767,0.372467996377593,1.52681149449059,-1.62817368906901,-1.26558591853479,0.131469336933411,-0.385453047257238,-2.73074886364612,-1.73572125148383,-0.798762337755139,0.0506123920757339,-0.473609845623322,-0.271075170464107,0.175129939742071,0.437203186226262,1.24874425657682,0.528321684027274,-2.00882249382893,-0.575427085094239,0.659204570108776,-1.26670887994459,0.107082348499997,-0.530021395239105,0.391453938919218,-0.107221522647528,-0.586770520472921,0.156965454479735,0.0610439279314408,264.39,0
143400.0,2.03346627601772,0.0307955584391563,-1.68823787984241,0.459040211718129,0.315593682841811,-0.687101285333674,-0.0106071627948326,-0.142698273217248,0.967477084708693,-0.594037899186136,-0.838205502455693,-0.16372961107624,-0.441295476032619,-0.957632534071376,0.583434547228403,0.3091484380628,0.457468761708622,0.468803250974269,-0.0836499599782417,-0.175602819549017,-0.0844734885986826,-0.115431549432721,0.13205567394411,0.358183868615956,0.0480777533487509,-0.356296767824936,0.0064945031504513,-0.0167029332216967,15.91,0
140872.0,0.0530391628938239,-1.29346032173998,-2.67147892844137,-1.60962432956079,4.03273329883276,2.31065440191768,0.214723698236499,0.33727061863608,-1.71498282514561,1.00501047786796,-0.285504900652411,-0.528500133187186,-0.120990786002422,0.648440400470135,0.100632185561661,-2.72123352572527,0.177961656408732,0.719152695000782,-0.240555081368812,0.0264252454870067,0.059217469781899,0.441832947616218,0.15640971889699,0.763980653871167,-0.0520800492510939,1.01026815260794,-0.2471869440492,-0.240114811504524,69.99,0
171446.0,-1.58764420644328,2.24528028443907,-1.80320863141502,-0.814927050244397,0.064435499531189,-0.877673005577163,0.202510853226525,0.741514746499517,0.854688156067013,0.848491399788149,-2.25870330582443,-0.685089756964224,-0.938475872426789,0.890203535337473,0.660198676820367,0.0522221122926626,-0.486357841021843,0.647146715501678,0.276086348266721,0.361986952368858,0.225656792040376,0.918598895476572,-0.0763617271313111,-1.02030598195049,-0.388173551180843,-0.126080627581128,0.774379989565443,0.48512629332,1.79,0
54850.0,0.617998243175888,-0.560485063994621,1.2923017195616,2.8094709179247,-0.880053526731991,0.85757551115709,-0.49811174970371,0.399079174962823,0.11226018781382,0.403156219128218,-0.302950205700838,-0.261563227568683,-1.07707787585318,0.0345198674658542,0.770656787999189,0.177980099523228,0.17956827244173,-0.762332763035095,-1.97142856289391,0.12788135457402,0.295409052648336,0.507858681154957,-0.115864697618811,0.0843887379281551,0.0872992876916432,0.127391081913025,0.025613764607165,0.0646730570863587,210.82,0
78660.0,0.820500488722959,-0.564921146560336,-0.329037335157922,0.217919599746395,-0.307072332997622,-0.827771552231786,0.621782722307893,-0.266631445525325,-0.13853441880993,-0.268597130074062,0.0385676487145248,0.270491993082976,-0.11080924831962,0.577934975964722,1.08133361685903,-0.227699653453427,0.123560902440861,-1.38347006953883,-0.153474327310003,0.352324887343188,-0.216595081635332,-1.15966263044407,-0.0221153451917455,0.116580787177344,0.0462900385090042,0.709497050158514,-0.135600880864781,0.0363028900827786,238.0,0
45000.0,0.973589263027401,-0.643712630932315,0.793056909613264,0.495458658411392,-0.710463411170735,0.655105426236053,-0.752266346821802,0.26268189099225,0.845503904151115,-0.191252847287346,-1.15554592462078,-0.269114656090905,0.0963109870674503,-0.150692034394443,1.97805669004269,0.879937673608839,-0.757799865607421,0.372345555332381,-0.636293724663514,0.166280546708203,0.258214142454615,0.534308786359634,-0.237443725200984,-0.89025848725888,0.212321542857115,0.551106873409899,0.0103633341574636,0.0403289416462825,134.7,0
150591.0,1.53888800811006,-1.04362006879051,-1.7326799365209,0.252799048700198,-0.15003341893932,-0.579058668373209,0.325718996737067,-0.181457215344947,0.245239253483119,0.238000048931181,0.878864748503523,0.340469781173827,-0.863140228359402,0.848477663805536,0.100458919123954,0.326386378535998,-0.673142609643278,0.395044043296055,-0.0206807149056853,0.314771399884343,0.407629729528067,0.578788171454749,-0.146252017820917,0.827726677737284,-0.0869475681212341,0.705979297525862,-0.154598905913651,-0.0290104938885959,269.0,0
82043.0,-1.32133624966025,1.12619877780957,0.364603258443326,0.385406660642964,-0.0044552763491726,-0.185457668640054,-0.457120111806748,1.01424699601197,-1.01358619189971,-0.684898810912885,1.05857406213848,0.672509638600637,-0.142053095302066,0.582438073434611,0.769685134429573,0.371498687886945,0.503958486495706,0.237676350757428,0.66155994244028,-0.24052982305636,-0.011367983889657,-0.380316048293521,0.0064995035906245,-0.342304982259937,-0.806071303210308,0.111749101651444,-0.169541847000892,-0.0738174470312016,2.69,0
31654.0,-1.19692106957658,-0.854872180662191,2.26881623121074,1.7395875634433,0.916909358628814,0.0066778764888951,-0.558592259754932,0.310276962432823,0.270948409364207,0.0723969531728205,0.849647740909473,0.572469810908251,-1.22181164638205,-0.171947502992646,-0.948856685830807,-1.23738599393074,0.595126264217181,-0.0256808065423635,1.08952181453591,0.380182488821948,0.154981329507237,0.518719449548159,0.128581333155988,0.235083760225831,-0.300952417499248,-0.251545035207657,-0.0003590396342623,-0.05134169502836,35.13,0
75058.0,-4.22312683869477,-0.950192489901366,-2.2142178938409,-1.84148246516389,-1.57164188231206,0.85746569768285,-2.73781745291719,-4.35752869859019,-3.2395063397311,-0.526052646454317,-0.894734283621667,0.623234303688326,1.05612098246759,1.13476259786721,-1.84730342056434,0.739395283239415,0.469084016904573,0.74041828125436,0.0169132785116467,-0.470653020149254,-2.84589312394201,0.985622150642011,0.193454574524512,-0.911488932984752,-0.309476828427782,-0.285837147943038,0.424483682677039,-1.0994017333371,175.5,0
151931.0,-2.34346207349933,-0.601199224083393,2.62990240781367,1.59682349520766,-0.458665396177011,-0.799297708255661,-0.834634282369658,0.661975535995702,-0.151332274272898,-0.645218685319654,-0.175095351681329,1.18416985897683,1.73671438766497,-0.311939690585807,1.02178410284606,0.0634139530350462,-0.0240692439142989,0.539346357765828,-0.145150316601931,0.807323187685107,0.522607757657602,1.00026023911447,-0.0634821502094516,0.973341952905331,0.384300376251844,-0.344366375432458,0.281408671849652,-0.123444311757877,100.0,0
63236.0,-0.237964445817959,1.12510407720627,0.329518728605644,0.819391061227485,0.0410907109735596,-0.365589119450757,0.341818977634121,0.346592351814878,-0.547185943708776,-0.357891811179328,-1.50435591168124,-0.549756292543186,-0.404599256170771,0.705263398773265,1.11323322434732,0.129367924970022,-0.309333664769667,0.478146714462977,0.659948466415733,-0.124421380553464,0.118914167832666,0.212190019365721,-0.12065121101902,-0.464546788976515,-0.0385747818100472,-0.274112138540779,-0.0536860029389727,-0.0271492706505928,22.61,0
160690.0,-1.45666764184813,1.86411490090017,-1.0566875307139,-0.550766792348147,-0.782892209675647,-1.30101193589496,-0.057941771266873,1.12531068060598,-0.0471932180889959,-0.45451385893901,-1.45221724415607,0.201693175908662,-0.618266728710896,1.08122663177777,-0.395559483712845,0.278102792792325,0.125540725577903,-0.56890182531974,-0.157806429213662,-0.176124769101181,-0.209322399843893,-0.716371730580888,0.256378726132726,0.0096122817605181,-0.344833582221173,0.157181014965128,0.0967625498811625,0.010330908356718,24.99,0
89897.0,0.0465314244274357,0.920782267278826,-0.64761941816732,-0.700202780675905,1.35633290549101,-0.406561785452612,1.03639874815608,0.0111162826883232,-0.498494142427072,-0.949171350930107,0.646995802929999,-0.145180163105596,-1.04767672145218,-0.685063431225964,-0.854148715683254,0.467886055655845,0.353745537773047,0.545495418532235,0.149662022384288,-0.135259834738672,-0.137085716447278,-0.429997346115326,-0.101678885355482,0.178505108520489,-0.280273409467206,0.281341115658866,-0.0023046950657765,0.0602301722469793,6.55,0
63043.0,-0.418607509149142,1.53966095524851,0.132976206743289,1.08944222005166,-0.0089132504927392,1.42462416140452,-2.0820878317766,-5.18836542438674,-1.32099403720239,-0.862817208262313,0.313011884766817,1.3678577077975,0.760266276067931,1.16902496832687,0.54273169516955,0.669724644706584,-0.617886321691288,0.798207377957368,0.845897198828789,1.41083564851511,-2.56302450001534,0.691535788564025,-0.0045537196744223,-0.846634799056582,0.75437976240429,-0.222907701563114,0.0991883051669366,0.271723211851933,20.0,0
71225.0,0.834048955605014,-1.22847549880236,0.782830756834562,-0.281137908002126,-1.58309805333819,-0.383634436558157,-0.501219956822456,0.0462836693151842,2.43589936673636,-1.32445790721827,-1.07967952564412,0.654198836449879,-0.882914520656928,-0.438763561613834,-0.203683529784713,-1.10189440711591,0.44828204520677,0.0880569454839774,0.911272685693881,0.205328202317763,0.130337660181473,0.402548069282125,-0.347216597162506,0.452777447586763,0.686366289465656,-0.493378393577742,0.066485087474929,0.0615064281349649,200.0,0
9642.0,1.20436877738736,0.735112115693589,0.253187300888728,2.90748574998296,0.383391068824842,0.203659328773066,-0.0756727695904724,-0.0670167938943773,1.04609576039157,-0.320632757146397,-0.420088815834992,-2.62939553034975,1.97210924072472,-0.0030453156466185,-1.49899304434401,0.654487683198005,1.12802683789503,0.473429877823138,-0.675076507822022,-0.129994801542708,-0.340805632333316,-0.515834138901433,-0.196683045760315,-0.589354779709755,0.725704315298596,0.0902581537812581,-0.0038369779423687,0.0314405025145232,7.6,0
147633.0,0.0336410505889061,-0.475450792156909,0.82861954758509,-1.30618413278701,-0.598774666787354,0.055884392014593,0.379193390599441,-0.113133206764511,-0.883191565663055,0.635288428275161,0.300090261240573,-1.44919226949368,-1.82350853732601,0.0242073113182276,-0.180038077559781,0.775156283737208,0.2316175006201,-0.327519137959052,1.91667040701466,0.366550677884299,0.352620096581539,0.949795424059387,0.060597806889159,-0.419232176271224,-0.659824588048997,-0.0829261675918029,-0.0083910418870853,-0.0430612057952693,118.0,0
68349.0,1.20219586271638,0.16251077191121,0.607268692114586,0.558868523049871,-0.574124892898246,-0.798874619302974,-0.075733095205201,-0.0387292373392815,-0.140922172783223,0.119783238119042,1.56678649639661,0.817173212150944,-0.384918539075422,0.563537627628275,0.380059245405828,0.466823054469765,-0.56633554785486,-0.0424960109429448,0.0974287731425274,-0.125559065218566,-0.19885450902959,-0.641876571921146,0.156086177341801,0.51449511966656,0.140395026511896,0.0663874618586582,-0.0364312702201793,0.0097015150995437,1.98,0
3740.0,1.283764435061,-0.564344477595484,0.756329770807307,-0.491698862520884,-1.22851226825123,-0.806045926080242,-0.774962730393146,-0.0804844415623978,0.417595407362382,0.427900112394893,2.43911100563647,-2.94399386367994,0.479109855468738,1.74269724832521,-0.498345548560499,1.40641617771749,0.844314503603834,-0.71981501885194,0.61523832423014,0.022483697958604,-0.173694868200244,-0.552549433139446,0.143849919614666,0.428800158670079,0.0951276112036774,-0.549919333050632,-0.0348454515146182,0.0117081433843725,44.0,0
71344.0,-1.31550916002224,0.902687262791534,0.732329705627227,-1.19647929992935,1.35040063414516,0.678378115632389,1.00515922152271,-0.131379819689246,-0.134318413468194,0.315005757240485,0.121418821976084,-0.0443577587781488,-0.181058321940511,-0.0191688299689755,0.196883870408212,0.696067251536542,-1.28549204706872,-0.249971643418946,0.17261514594006,-0.0841512907408058,-0.575357299896071,-1.62958713470555,-0.0981554529769645,-1.76427612935891,0.287681867964755,-0.047248487249067,-0.69640168538243,-0.117233821402913,22.9,0
116600.0,-1.5088910277147,-0.455224523466658,1.6287816471467,-2.28627066402729,1.33485892815915,0.986524746137919,0.112967796607074,0.659473098327956,-0.0274619813789235,-1.37872545115073,0.694959415492092,0.452163769743351,-0.605709309757597,0.0949078539364685,-0.19884857312076,0.381090773402503,-0.482572278680702,-1.17285052904095,-1.54799110720243,0.0389839607747746,-0.121673123010867,-0.689350889813883,0.0601804993702761,-1.64211532917749,0.0473832960718779,0.905933420653456,-0.0977781144585528,0.0245688029624335,65.75,0
143902.0,-1.22722955418053,1.0146922605371,-0.7204581095384,-0.718104205832189,2.80937353803391,-1.50431559343907,1.37246959475045,-0.164083353406867,-1.35932144569941,-2.00876480976232,1.70407522127569,0.314478592616475,0.124684118528755,-2.4464389443093,-1.2888467901475,0.57662680048247,1.76314232341013,0.983764043941724,-0.638957378889095,0.18484209861029,0.0542453025233941,-0.0175413110466425,-0.589646095067581,0.547476049496872,1.27126734967931,0.701062324536261,-0.0943775738401687,0.0884041746669146,0.76,0
138235.0,2.05698903919182,-0.0542084464134742,-1.07508764782669,0.401963410892698,-0.0959654317537125,-1.11408360142744,0.17083388349315,-0.309363643571088,0.536347071661324,0.0641998514575961,-0.70707909464763,0.469494046278274,0.100657170959834,0.272148358260814,0.0851460550230697,-0.158234198185154,-0.242976209517214,-0.954952993404174,0.0838037221090527,-0.229380344025481,-0.285178259997001,-0.676670694618522,0.344177287557757,-0.0375886009129551,-0.308514928558324,0.202604096602212,-0.0671845396942662,-0.0608325787249018,0.89,0
165395.0,-0.661436210493349,0.998289288916661,-0.534124256334003,-0.557279130980282,1.35468662803941,0.805073475688647,0.783276301657535,0.589574538337505,-0.564471785615382,-1.08567506002728,-0.658535588142801,0.186792259504126,-0.312363041771529,0.860496791268977,0.643487369100437,-1.72945496898836,0.941523916870736,-1.38197475267927,-0.686648268965394,-0.2526695682669,0.498351423026536,1.53792122422477,-0.306611251656941,-0.276234987439371,0.217234345534039,0.163387010671102,0.0409212376033517,0.0688927117915994,24.64,0
113404.0,2.00678515603739,-0.118138156365809,-2.16166403899104,0.259909628663711,0.373965741992133,-1.68342909530698,0.845162945949734,-0.594527352653222,0.0411952926503572,0.206633664119445,-0.851125016699464,-0.160237535869784,-0.515135791755044,0.868578766309135,0.296136440575392,-0.342316031808036,-0.28605963324729,-0.580523406223328,0.0346447880721895,-0.107681576987157,0.152710137670609,0.376352531033895,-0.0822110032714509,-0.0396490143208465,0.280091263466092,0.799157072154596,-0.146521928272912,-0.0757658896802857,74.95,0
47855.0,-0.875354368200055,0.278749112526078,2.35598339474696,0.187343817881444,0.212235673919718,0.0968206069580411,-0.0760564111185306,0.333388825804993,0.0553676428628764,-0.674871417060897,0.434571037225705,1.05730285766537,0.383620447769308,-0.395777967344287,-1.17759520720689,0.468555162900931,-0.877296699117576,0.597464980645018,-0.287156825297538,-0.0010528532612505,0.10501725065166,0.317747862500529,-0.141773665651976,-0.0046015777231596,-0.0824403952622502,-0.580042793732129,0.148197772555573,0.137771695234623,9.99,0
144480.0,2.30993538607009,-0.536278273267937,-2.80904254197529,-1.17890356014169,0.633231134257506,-1.05305797355634,0.374677266003721,-0.498741064929937,-1.20279179618337,1.1181348250177,0.0251231536116889,-0.473770007981715,-0.301979148201825,0.634369635870246,-1.13665899240944,0.562614420348664,-0.0489398602491639,-0.903235258574293,1.42192139397237,-0.0337433380794963,0.464127261764964,1.37122735417369,-0.37131296433061,-0.940544013052795,0.858142438530128,0.343922029918485,-0.103914049006805,-0.112681929111795,20.0,0
27312.0,-3.82660587278889,0.653608392435471,-0.843401642562444,-0.746097658687872,-4.19906759356859,1.76969631727867,1.34643762223257,1.35536308988753,0.542122030077374,-1.59641987820255,-1.75584023747636,0.505514998468436,0.0307106502930923,0.277725617029023,-0.576804320844974,0.774429528950022,0.452142992707657,-0.724128707869125,-0.412484221880288,-1.12318113872263,-0.348879812651677,-0.417182007844293,-0.361037682591128,-0.317184673457779,-0.0413396277011377,0.842259284653179,-0.0806376196633992,-0.396458610638542,579.5,0
136019.0,0.0386614419920483,1.66617568596372,0.736708302183463,4.10419798559209,1.15625016488686,1.15716205608263,0.658624662782324,0.218895067947461,-2.30374443513475,1.83457670768492,0.288191996244836,0.0359316620367219,0.386643115951676,0.453136121484458,-0.347395815019367,-0.034362265529091,-0.18549556521461,0.300137080115463,1.79600761954923,0.343640670841528,-0.173643364274052,-0.360075633722147,0.0744416704056013,0.308424676854524,-0.886325688180913,0.0058056812184047,0.464928979320962,0.274685559180867,3.81,0
34943.0,-0.732630775034576,-0.529750067804637,1.10228238299688,-1.54563693206542,-0.39173402210952,-1.30471019330301,0.575249714122756,-0.215096716919282,-0.979465985011209,-0.496713125919811,0.327158323759667,0.395965832239824,0.310944807232967,0.436063161000857,1.61421553443741,-2.99789988650634,0.874126365181241,0.445674088554906,0.285185193516008,-0.0281625722200935,-0.458587407405547,-1.11193653976805,0.522585198553138,0.516476412102975,-0.415436171622208,-0.87373529346753,0.136419565768348,0.163900469226612,122.25,0
34537.0,1.21439051375148,0.294563438558368,0.273817028333668,1.1342792936373,-0.313355701442633,-0.96983930289642,0.218156788171038,-0.220055789373786,0.0269194595343694,0.0168074493612858,-0.444381273096176,0.0271970375979177,-0.30466841826307,0.453369835859983,0.95490078174371,0.0649359360981021,-0.407875954692599,-0.111545732252964,-0.373847762038482,-0.132246185969062,0.0333365785148725,0.0937659863901996,-0.108760023435637,0.390399440041344,0.671586527650901,-0.3290574129573,0.0088477673367856,0.0223902896375567,19.72,0
168410.0,-2.78635823520282,-1.46341185756789,-0.275936941010365,1.11820445376132,-0.729984614485804,1.75113114681432,2.23939397871019,0.358924690331282,-0.478850822446992,-1.1140477316722,-0.416940960998814,0.371890405413793,0.471017792562801,0.31704343836012,1.02232313240255,-0.718115550208285,0.477524232762201,-1.20452574801492,-1.16059693983396,-0.362812634738914,0.159128986904559,1.00286721346497,1.65928541263665,-0.981231996025925,0.0322484216015115,-0.468967769420055,0.413441080807667,-0.194945931625761,600.0,0
40034.0,0.848529286635759,-1.05251882717011,0.795158454545178,0.145554149832864,-1.0645522312186,0.621171769455385,-0.724785517426396,0.396278785808023,1.14739424359204,-0.359900270713353,0.608139914451985,0.541692113297132,-1.37234273950677,-0.0510070469170597,-0.562237673230386,-0.0378814378033913,0.133379172171338,-0.291140015725002,0.480085092563044,0.142486400783196,-0.0976472272277238,-0.436703130867335,-0.0634950015184288,-0.249779954472851,-0.0244833848078403,0.96269132762301,-0.0594168875616456,0.0215991114997611,163.3,0
28334.0,-0.478676606642067,-0.0510499150117108,1.11332466562613,-1.51967359075917,-1.1530672674079,0.130969245754582,-0.970045457486138,0.385928872992113,-2.60532650039015,1.07517806151793,-0.84562333718428,-0.669581849495714,1.74621183042625,-0.389694028428463,1.19355535264725,-0.821949330725286,0.972979056526985,0.216351193811536,0.537192799844747,-0.226693964976992,0.159331554587026,0.82043502569876,-0.172213414203314,-0.408112398652291,-0.324150472082082,0.0889730611369452,-0.0286205178712744,0.0554784450044156,19.56,0
58592.0,1.04472317243104,-0.259239463316642,0.271799792018463,0.366156971131803,-0.341820177906311,-0.0276368907724886,-0.159293741200591,0.192177482454167,0.0879204990226499,0.0504105340129937,1.13165048698912,0.0977262604611682,-1.5303701566607,0.813973392165622,0.822158661560395,0.430372934759661,-0.395078810838891,-0.261670833556498,0.0032874240926884,-0.0524057747856919,-0.267709994584614,-1.06024226776916,0.132856900676176,-0.35644036630779,-0.043693881074752,0.132035118564013,-0.0503817171337534,0.0127085411731878,80.97,0
121408.0,2.30256298604116,-1.16267776811783,-1.32874628091272,-1.78815579193239,-0.726987321476029,-0.521556824101049,-0.88039534553907,-0.22338769661886,-1.97764656762787,1.81083916875047,1.07305609377234,0.310882350501659,1.47102477241663,-0.17327887235156,-0.518117530174607,-0.479125693578071,0.118378985206515,0.387436581341268,-0.146716142318021,-0.350499873160664,0.14676871546458,0.916456021695759,0.0952947183350067,0.750563768946895,0.0869223827414316,0.0240601346705672,-0.0071857872289707,-0.0619587774819912,7.85,0
55645.0,-1.86301789185314,0.159841338275252,0.827882539491221,-2.49092946940411,-1.52397130925383,-0.239719508989829,-1.1524176289259,0.784522179171919,-2.14388421938496,0.867189606863248,-1.03923413534675,-0.700139207149115,1.07365428366645,-0.267598424454625,0.39993282942456,-0.0063035475879301,0.547694645981734,0.0840111477767577,-1.23413483550287,-0.586249397611061,0.134952864767169,0.579848314134306,-0.0782639067536884,-0.271950608119856,0.0741550000654223,-0.186231164652684,-0.391708566699294,0.0912544420851183,33.0,0
74110.0,1.25390621224756,-0.112308438368814,-0.342853879339682,-0.412628819677517,0.336692336645764,0.122325984571499,0.0788425306550883,-0.0902698538201314,0.145268109969572,-0.295411262173145,-1.06551927413897,0.383036923855208,1.27305356825347,0.0356609265561552,1.3026002160945,0.289619564451055,-0.547650639411889,-0.763689053014265,0.312475990541157,0.111460321967608,-0.252295734965551,-0.756907544561191,-0.0905399614190211,-1.24433772628173,0.298294580391099,0.954361196081911,-0.0764475189072357,-0.0020263026127459,56.0,0
41650.0,-0.557767840782417,-0.468766022771525,1.00679718292846,-1.72957746639881,-0.324506033276808,0.0746446621815461,0.418797435547418,0.114177469581494,-1.05369602022262,-0.0509462019788807,-0.0892263331320839,-0.652842662878345,-0.794747718368128,-0.275408042352097,-1.73971154423771,1.24315551872302,-0.126797280191579,-0.739833585225829,0.950124087021521,0.297761650770091,0.168644348980873,0.187300428802738,0.084627947689375,-0.546595527297885,-0.0805033135489649,-0.432380516217325,0.0726367969411626,0.133376455294647,134.0,0
142629.0,2.04311234978041,0.232773909289555,-1.58821461842527,1.38830473004597,0.405376757741177,-1.16013621076135,0.612736652233253,-0.399658568796674,0.250819733158664,0.270982599369539,-1.02659777660066,0.154915762840149,-0.582440298604393,0.595368208537749,-0.484758148746696,-0.725526475465038,-0.108681990452991,-0.623162801363133,-0.219089472799823,-0.337662203963857,0.0416863881481255,0.35226826242361,0.0086857308986898,-0.0167594399127619,0.450096935542101,-0.487596582089937,-0.0152984841594563,-0.0640272081176638,1.0,0
156110.0,0.119655631354733,1.03626735711895,-0.408200409721012,-0.54225677699628,0.985013043057214,-0.818924468948595,1.0181645830315,-0.143867435704953,-0.138617674226765,-0.854970334597141,-0.60874137016482,0.19935555436222,0.623209526601326,-1.13835635932991,-0.303044796759232,0.310712039483713,0.322439068915628,-0.279693035544588,-0.224950183269652,0.0790338920705373,-0.330498645765376,-0.791359506109617,0.10447664264841,0.574908483467062,-0.39338778399203,0.11147999605229,0.223249225121186,0.0864192268695719,9.12,0
150792.0,-0.212130339712764,0.867432944593221,0.0988587434261135,-0.645056622001732,0.35642805734413,-1.13271106275348,0.854993686303291,-0.0985801753249182,0.387798756896484,-0.0514041097751455,-1.28963937719944,-0.688146427894397,-1.4497005926443,0.330690345386604,-0.211442776106266,-0.0022882639259508,-0.385397525339107,-0.533524587470152,-0.0470565794721827,0.00482031799404,-0.315727029914558,-0.745552615262601,0.0859275008055702,-0.161759972002986,-0.46612488155491,0.157052948370873,0.337888829757436,0.165317122586115,1.79,0
27307.0,1.12563707935329,0.208499276583889,0.401726437438885,1.40068057554986,-0.085570522795063,-0.150841644187085,0.157693767151674,-0.0725412135331395,0.149662323738664,-0.161220222557838,-0.379841605343169,1.01798629899874,0.789218755812352,-0.111995560805826,-0.191938318709349,-0.763420610330399,0.211826075720262,-1.08644388624287,-0.380478853799663,-0.0895461924557193,-0.078789213133785,0.0078038515519604,-0.0911208159535084,0.121021216568884,0.686671045116406,-0.318079390956495,0.0419764795807773,0.02159783312705,29.0,0
124145.0,-1.25127862430602,0.0375855043738242,1.7159704568855,-1.31330599734262,1.24260030075671,-0.0670318275915842,0.516304861925895,-0.13050793159151,0.226470616491293,-0.794695072360092,-1.46790191682244,-0.254479022776624,0.309400450752156,-0.540210486829376,0.0775849429061653,0.726414974277094,-1.11129461337025,-0.225337643119215,-0.269247365387341,-0.0907150915256535,-0.387471721034103,-0.994257012552729,-0.377504271902585,0.0964328450049902,0.293127116913475,0.244234287416456,-0.220550550364674,-0.217894826010154,46.8,0
136294.0,1.97539074243658,-1.41724114633121,-1.15371306225001,-0.848717484158871,-0.899079800880796,-0.347258686975477,-0.814925914135876,-0.0032454078460187,0.270217961569227,0.746007520625805,-1.39329986202923,-1.70361408886114,-1.85647513993856,0.0696699709790845,0.383555438806481,1.17550069767801,0.256004177320143,-1.0651489800763,0.61086639613609,0.096682242427748,0.22778448147719,0.329554843517598,0.100704854936745,0.384589745269066,-0.209040650132926,-0.196133986513867,-0.0421118269248932,-0.0325764544378479,129.0,0
63304.0,-0.653513024875676,0.518890916315238,2.23170040418493,-1.24360923087301,0.128383830990746,-0.651272202453677,0.647047996450814,-0.248299944446214,-0.0620017033864595,-0.77065317373976,-0.649319311619512,-0.125992858939409,0.527895908176512,-0.426167469558326,0.823340035372223,0.596803495931241,-0.867953311270225,0.0130725297316449,-0.417639011618982,0.108709773069139,0.0669503882825509,0.301752673433198,-0.397471193796326,0.12227354755473,0.273666478411689,1.02032899845541,-0.209727663808786,-0.172194228131798,7.7,0
68703.0,1.24358697264877,0.26077829691794,0.16036773959914,1.37872552492338,-0.29974990110557,-0.895832500387958,0.208787354004478,-0.148760977302568,0.284281237082764,0.0413154101117003,-0.899973300209552,-0.496494859092948,-1.65009728474162,0.551368524725094,0.156152961870598,-0.305470703629898,-0.0253825764395557,-0.252629002871648,-0.118563026224575,-0.269496512080648,-0.0541001516249497,-0.0624314715086367,-0.126257915373994,0.372437159333348,0.788901539870347,-0.255868826880682,-0.000305044657201,0.0101776716169727,1.0,0
49785.0,1.43214677299161,-1.06989328963139,-0.540290371720822,-1.67614534322158,-0.60474131500121,-0.290332348326305,-0.46784735752211,-0.205324609708008,-2.43624384621001,1.57736347066175,0.343763620499898,-0.30112047307727,0.93753402582163,0.0176992859675002,-0.353292656577441,-0.12966690284967,-0.0423754224673964,0.277878410068826,0.733547152027566,-0.104298893209304,-0.478013207595183,-1.2274227226235,-0.0790274755741732,-0.884073201234888,0.450196083742238,-0.4041782914734,-0.0145133464149364,0.0082080288826488,93.69,0
65667.0,-0.761536623857599,0.338202571426777,2.51269938521439,-0.325788930521449,-0.298468023059319,0.305729634657803,-0.0922293296953225,0.462686129361547,0.192368249789306,-0.776822649485422,1.00675754493642,0.676566312308869,-0.82304689526393,-0.184385477960216,-0.863257883728017,0.186726939544074,-0.293955873151373,-0.0831159376181627,-0.729895066335085,-0.170908279644623,0.0960963438111736,0.339898307816618,-0.0751643378286017,0.243788682608505,-0.37878779076746,0.143872751447269,0.105235635824879,0.114421817900756,5.74,0
71797.0,1.20203196625205,-0.900703847343242,0.658953270044623,-0.460855450311586,-1.39053643334374,-0.546380858742088,-0.726252015592328,0.0472662183988331,-0.5026520443162,0.644178849119999,1.12690654201452,-0.102156664803868,-1.07920618272139,-0.0872940542754634,-1.01169566814528,0.866817913092846,0.528928242868545,-1.21274915527783,1.14094192537791,0.117592746730628,0.0041303091266157,-0.143958552509845,-0.0001688048323029,0.53522077663261,0.325183122655413,-0.366628438907879,-0.0015024439684625,0.0184302123200199,74.0,0
97943.0,2.07701424244755,0.212319499428514,-1.13550850437423,0.561447059236647,0.152638640819073,-1.2960588561964,0.2581827291099,-0.564867688628409,1.67609481907659,-0.395039719075859,0.491603012854825,-1.48607612948619,3.05781423793811,1.65346432347213,-0.146132731235546,-0.312007310234051,0.155287753984178,0.0393772454109731,-0.447532875938689,-0.202201343304217,0.110858008142066,0.802036441453997,-0.0036722529319194,0.0597180470659417,0.289672903270537,-0.154351528056918,-0.0375018513739651,-0.0620167366248526,1.79,0
142364.0,-0.931385210914302,0.392807912746742,-0.337961872368678,-2.47367117177558,-0.0496458161456157,-0.701706100701505,1.54932135269046,0.0839152012903136,0.152092865848475,-2.20775367859951,-0.791850286539645,0.743488867828094,0.584545641394552,0.533655895276023,0.393839153923311,-0.939900312250924,0.0964909563404561,-0.436903015034551,0.915794835626114,0.289935240563751,0.0008466139561101,-0.349108134229447,0.0753353299771358,0.624220484167365,1.15586307275938,-0.202559118469884,-0.280667425563809,-0.123934045998799,196.0,0
32828.0,-1.08058226469911,1.30809810722578,0.779710204275418,0.981146604660791,0.439788364120051,0.254439205152958,0.540131263880084,0.309476118843407,-1.11133430656468,-0.299428035508083,-0.720474789037522,0.546739984667099,1.45131557523711,0.391649372996276,1.47005422396044,-0.254921206368817,0.0268749987932633,-0.732971080519913,0.927991952223573,-0.0725367071330266,-0.395756473237022,-1.29697081130982,-0.1642601397462,-0.78590272942427,0.158803681022387,-0.600650599080104,-0.273635112222099,-0.166950315808197,51.0,0
67623.0,-1.14317679715565,1.06967734233815,2.53506458210252,1.27103045170706,-1.39871777158458,-0.0426155025318076,-0.138117980029151,0.571628694740038,-0.463693028035662,-0.429872013634989,-0.226057475848457,0.4896816173219,1.16799138129235,-0.0791906009833227,1.79405539735002,0.299871449118104,-0.138616444048151,0.733424956406597,0.16419610222305,0.373313259830337,0.384038592955059,1.04450268869592,-0.0528584139266463,0.752454618682895,0.259609607468834,-0.0638872515910608,0.238757356599976,0.111284927275473,89.9,0
96918.0,-2.07744616826886,-1.70865612409517,0.753904842526471,-0.323448194134533,1.90846766804674,-1.39590690147876,0.48592321733459,-0.328795572904466,1.81211977232456,-0.835500075450568,1.452600912589,-1.96390188886447,0.808322147453787,1.40857240323716,-2.2783120024102,-0.44891859444967,0.153179122970237,0.438599782764691,-0.0285015927563029,-0.532809777609961,-0.082317912193421,0.907696026584848,1.49342077738735,-0.0332865861629976,0.14710695856196,0.0267218706139954,0.0854037126859823,-0.259274602216647,12.8,0
74737.0,-1.94278889352181,-0.641156757607794,1.99535361990796,0.755716352894704,1.86016443285482,-1.60806467324835,-0.0507339683873478,0.0298532576631121,-0.394905569093358,-0.743867283572857,-0.844126987582922,0.696933083540059,0.678512392436788,-0.209130631014492,-0.943858071486115,-0.372029511430421,-0.239299633222514,-0.485744363508689,-0.463510321771768,0.370160924796774,0.0734595976066347,-0.154919046939347,-0.0646915320306703,0.39376263938824,0.850206717945527,-0.423783382054783,-0.0172084701854829,0.0962918452383209,18.04,0
123237.0,0.0716394764113578,-0.0268285607192445,0.82980642966027,-0.489777932060026,-0.410702070789403,-0.0093863769079021,0.163630607835359,0.223370477396227,0.897640686015977,-0.648974436059968,-1.60240808099922,-1.16162772060001,-2.02857080473243,0.017464935236477,0.188053115276698,0.512871715450711,-0.530463587698758,0.456688427798482,-0.465725276637546,-0.11879113104892,0.234023904226255,0.567062575156892,0.140785330121209,0.715836822409165,-0.515641861651014,0.467486516002176,-0.0207062821503504,0.0119740546320833,74.99,0
72574.0,1.0912613010589,0.345036630039926,0.996964173553788,2.84091337912725,-0.532519530824044,-0.329124983750943,-0.0152969059559022,-0.0425329839791572,-0.232558812480335,0.505823035027014,-0.709809975172416,0.322770309491916,-0.0944214254739657,-0.17814409195579,-0.927386733619959,-0.0013660897614248,-0.0324703646750527,-0.633588922648996,-0.747379039576158,-0.137607715964165,-0.0440367795578804,0.0181329058365799,-0.059716219898172,0.728305756975256,0.575946492384988,0.0550140852677526,0.0054272817187332,0.0276135495780285,26.47,0
2714.0,-1.11806243568674,0.734916164142042,0.727496372340013,-1.3523625989697,-0.475746460090778,-0.584192171994791,0.799607603349027,0.456526398025849,-0.56090317983794,-0.855734815151373,0.687109694815734,0.363388463208511,-0.608690081127771,0.7150571307038,-0.343366594299952,0.875902204900373,-0.755986723062013,0.172298347410381,-0.16651494799989,0.155650272855854,-0.0423609501258005,-0.485423286102305,0.242937864381675,0.0040642793896125,-0.253099027011868,0.659107390684549,0.0702988298511654,0.105612630248332,124.85,0
53755.0,0.831850000421372,-1.02474982566596,0.812184605934322,0.21140090706757,-1.18707899839089,0.182985377260769,-0.529657196778562,0.185492138845551,0.981395782427916,-0.362580987135631,0.571539965009824,1.0421587985811,-0.246736159438663,-0.291082249427283,-0.931402883532049,0.207825396934803,-0.207966977444964,0.0299704979383159,0.822338434173539,0.308302407470208,-0.0937414827145376,-0.477322406739223,-0.135106473273588,0.0751188972114548,0.0742205702239959,0.926847589893478,-0.0745636409048805,0.0326738918072332,194.74,0
88288.0,-0.414059927580022,0.97891462242053,-0.873859082296214,4.98331256341584,0.532468207069103,1.34169968357841,3.39086743345762,-1.49587570930833,-1.27130031493362,1.4336598319468,0.309489263933516,-1.11591672714936,1.07723334239866,-4.04544956975083,0.649536493863536,0.506890459457024,1.87254992341902,0.671445448804935,1.06343021547246,-0.512223305278325,-0.893649265665171,-0.59710019274352,0.568467503523892,0.442973910764621,-0.570500603199317,-0.040279477885566,-0.458365527698044,-1.15728681997376,407.69,0
67549.0,-0.390600269335215,1.05865700476728,1.25690916096084,0.0168777906566888,0.185964405745783,-0.512539400411532,0.633860613597194,0.0755229485762111,-0.369773538572665,-0.553135171555515,-0.0244154895989241,-0.102291264908422,-0.103326052890886,-0.360376460345385,1.16813570833597,0.100224493296446,0.298188926483006,-0.561423986488456,-0.449138200918651,0.0772625367939315,-0.236241896069714,-0.591545786315715,0.0259465815045202,0.0168304060660317,-0.238761108105427,0.102125515338792,0.25950556150483,0.0947196592785296,6.99,0
129551.0,-1.56892687256583,-0.404557739631701,0.696721868140509,-2.45939743149651,0.267157615035194,0.0009105499630573,0.25853351771984,0.511135779781354,-1.92434402355454,-0.595260453344046,0.343069164829634,0.188148706914893,0.974916821131225,0.0567354060684809,-1.01728792610782,1.85453388236646,-0.452693001068123,-1.03769849117167,0.703830641737203,0.513400014077878,-0.0708877147314323,-1.04543945723749,0.13755927182882,0.0354567751503167,0.491337793451058,-0.674386099893321,-0.168486617565471,-0.106434036110058,143.1,0
50116.0,1.1670686971407,0.170850277627123,0.31105695528641,0.878191879498353,-0.039469961330429,0.0737389951486421,-0.127842252571309,0.161747640432412,-0.0734843083949176,0.143323063086829,1.13249634270424,0.492174088689073,-0.749669925888507,0.684237175789426,0.678813089666216,0.208411192567692,-0.524943207138524,0.0786102099240014,-0.312925226707034,-0.194411725198333,-0.0040626934308828,-0.0234264716317562,-0.0350012792408462,-0.334554686490521,0.4574803296827,-0.404038973832759,0.0295386200325326,0.0073938868110231,5.49,0
67834.0,0.348414694531663,0.757396632722111,1.11815885936165,0.799890874585386,0.16982052279953,-0.195680376337869,0.532319543737295,-0.225031930388788,-0.621191185991989,0.508474999469952,1.19547981080171,0.606912419277068,0.472977954331668,0.227093611428983,0.902346945809978,-0.228321621667029,-0.365157734588979,0.404685071588564,1.97919588390301,0.205937130961067,-0.0771711726185334,0.0226063463920296,0.181109079468641,0.0110130038969843,-1.603858765227,0.080413905908676,0.0922273330769782,0.0203588902117458,1.29,0
158616.0,-0.967129285655209,-0.98123216743905,-2.20631062742442,-0.662683566104135,4.19695420584349,2.71604246821714,0.365448492660869,0.706136401212901,-0.10190475466469,-0.183052012605566,-0.5389669201287,0.15659679521124,-0.395315484589553,0.58685423837596,-0.671298882089339,-0.164490004796993,-0.898506648682082,-0.556693053355692,-1.16303089275441,-0.266458555863304,0.139149700364589,0.297639994182014,0.454120628083041,0.672871026640694,-1.59978590401576,-1.16741884901842,0.300530170576892,0.463924076123623,144.0,0
73077.0,-0.356824055686558,1.10233896655949,1.18786712316533,-0.135261067268591,0.281255712672382,-0.467385142967403,0.616282207592807,0.0771190511508839,-0.680500541815204,-0.34968458038311,1.24923462854675,0.67427834982412,0.414360125380143,-0.317137324332791,0.181612653916428,0.658844342283984,-0.379824387540346,0.422971708095017,0.320415780438695,0.151098915545892,-0.231287339664496,-0.610398329298514,-0.0772485529806332,-0.0388793680705149,-0.136945982304381,0.0737500365727164,0.244337768936972,0.0853112683568827,0.89,0
135143.0,1.82526895993764,-0.59865527969357,-1.53823675414405,0.836734898088167,1.88517768137855,4.17877652811273,-1.06235918996315,1.07668340030751,-0.3688990293143,1.06015222261053,-0.183437395596212,-0.12380125828208,0.0404027650415236,-0.0029946506891271,0.181634395608325,1.34947121064451,-0.755501711811352,-1.07895421217988,-0.983819029275214,0.0573147282876053,-0.293348071922573,-1.14901295087241,0.538601662758172,0.732557407172568,-1.05037531071376,1.83359746972287,-0.159877160571938,-0.0547025451374133,75.99,0
68878.0,1.35415144387752,-0.554671254507848,0.0183577496786554,-0.696534658112958,-0.782436316587445,-0.944680823854541,-0.289155131621277,-0.293046399891856,-0.916419102884783,0.626755865572516,-0.531161985799969,-0.605261398244606,0.484890511996747,-0.129698454416975,0.66044870404941,1.08969924480007,0.148070185335224,-1.29200163140906,0.636650644716511,0.19915882404239,0.22204852708817,0.477937534605663,-0.205523741107698,0.0824262236203662,0.669395265796173,-0.100881189515051,-0.01434307804981,0.0163091762627873,61.75,0
146160.0,1.97786699680627,0.575926883387437,-2.16320602912501,1.56817841414525,0.909059183338471,-1.14228426622254,0.772364839649461,-0.423248802340929,-0.0676596357863991,-0.400672699195215,-0.0319250530714573,0.71657813135865,0.745584874749834,-1.1879242009801,-0.469561893573309,-0.384132630758787,1.0737608335541,-0.218169592018802,-0.58113617675164,-0.139246430531848,0.0062347205309154,0.245662194373357,0.0288680246741331,0.994126753170287,0.463911043929998,-0.550146598222159,0.0038202584324242,-0.0136512161869873,21.74,0
48884.0,-2.13905055735992,1.39436766175691,-0.612034894995233,1.04932705568948,-1.1621019076536,-0.768219363115428,-1.99723740081007,0.574996543366778,-0.98083177624058,-2.49561924548174,2.5555891530874,-3.53043627008024,-1.01623381526368,-3.45519657744236,-0.0563633864076254,-2.46773703008032,-7.14032596614864,-1.27128002161365,-0.0017219235416342,0.0254265126136498,0.696954881120808,0.740003045389771,-0.15511524943514,-0.0506074460808317,0.268368293338874,-0.469432841163864,-0.405813768055179,-0.152170846988601,19.73,1
38301.0,1.24753757812307,0.392733206446336,-0.103612679236166,1.01420409791311,0.149515716224029,-0.768675862928797,0.449304891698419,-0.302601473288072,-0.209201923375635,-0.008313536668999,-0.705040848070725,0.418315622131749,0.761888043651832,0.308971344225593,0.737863086800541,0.0330695293242737,-0.578451839263968,-0.225527837133551,-0.106656852391496,-0.0422199514994232,-0.0403087302481545,-0.0853689575135418,-0.184533470827306,-0.0981387978221722,0.810130723789631,-0.331614484200202,0.0031656944295668,0.0171261599648528,27.0,0
119911.0,-0.283984411419347,-0.0097244478283679,-0.392931610578425,-2.29414774664929,0.659394650093129,-0.988781610789678,0.78832105008479,-0.129509160489766,-0.862093201152782,0.122539015268096,-1.7821817053531,-2.08960578552078,-2.27507771295399,0.27456696550608,-1.21855957072108,0.676060992521382,0.237408950059117,-1.37372533015119,0.31191919329274,0.0629318625895184,0.218312057695656,0.536576018541273,-0.167514999099928,0.451617854148727,0.0287281184906909,-0.216288923304156,0.324533219175186,0.226703874543114,34.0,0
30292.0,-1.29920099416885,0.322248910884202,0.962436144738499,-0.767961721298623,-1.89587140202314,-0.282472908987448,-0.894044651434967,0.871280679892009,-1.53407162539888,0.331419151078016,0.66529319106543,0.172550835285968,-0.242103586554999,0.71862970346701,0.620708254070842,-0.77890174445877,0.152112115496126,1.96908962160414,0.227763875783756,-0.694614743703614,-0.222466731976655,-0.516938028903648,0.141665766910745,0.341611271390139,-1.08560038430701,0.817524887046349,-0.298482935025446,-0.0591932813488381,86.94,0
155224.0,-3.97275745356459,3.83110304139018,-2.70032590953812,-1.24386621102374,-0.835736283074373,-2.35849066851659,-0.0372151877771843,-0.748350997448338,1.12092503147607,2.09455636325038,-0.367345262992524,0.791083517525862,-0.472962147247164,1.11462072837835,-0.20762717206213,-0.733267622054407,0.478728638087378,-0.685142077334674,-0.812956533944229,0.423833590970596,1.62849619041953,0.281485353779428,0.219473417753536,0.923972539220565,0.160727343006467,0.0960718420974984,1.19624940256436,0.671313626414718,7.7,0
97435.0,2.00719221227889,-0.48649483370288,-0.313960948966737,0.0918425207120435,-0.158391525669761,0.903496830730347,-1.12381738373441,0.229063375323327,2.40890924565384,-0.24019939995266,0.857876521972288,-1.65061971699244,2.37044788786809,1.14622922523752,-0.59299262765874,1.1518790676248,-0.591190070695432,1.13074756650707,0.187880025925291,-0.10462028180906,-0.13294951638591,-0.0427056254596416,0.211292113528979,-0.373874061962305,-0.47780721186946,0.453902492948323,-0.0476295365669795,-0.0561513116213674,15.95,0
57040.0,0.0364568968322075,-1.54940862574018,-0.244187757422008,1.6890353452358,-0.991976001714765,-0.922289433700555,1.07209314612035,-0.440747319196675,-0.184662146567438,-0.285316490033434,-0.0107551857320584,0.576612692212657,0.529608788629585,0.452166397325004,0.920247195530394,0.0120584254037734,-0.316604498986156,-0.191497429294291,-0.692919799630766,1.12560489451814,0.426211341286272,-0.0977065316944468,-0.605143622261185,0.768703023420815,0.435049443975881,-0.41567486273652,-0.0986164057209808,0.131528003211477,617.88,0
80924.0,-0.968352686022447,0.961653346632157,1.87251444742815,0.211388719774831,0.234257283334744,-0.549288544063046,0.785948187734245,-0.151481813472698,-0.0954528837738599,-0.665598817949597,-0.752883859332637,0.839143644248481,0.970158779251679,-0.505460485863834,-0.912160420899905,-0.182953162481852,-0.411129681652276,-0.613980909501758,-0.484083638306994,-0.187473226497597,-0.151524894128703,-0.331251455371306,-0.194350319527287,0.396536596586006,0.0731373954943404,-0.737053833183196,-0.119802568840239,0.126235027340163,19.99,0
82608.0,-0.601835619813693,1.20131229894383,1.05845033689577,-0.1782125551269,0.176098615642188,-0.493012652326933,0.576330148531361,0.119392663219414,-0.395484868604148,-0.0257488002287228,1.16220069286635,0.352099928103268,-0.202071563025567,-0.264608438037093,0.26720990603792,0.671393867557573,-0.356147468365646,0.485110945479008,0.296694847255901,0.238228859311114,-0.270013888860508,-0.685144575595296,-0.0580520953400645,-0.0644948757914206,-0.105517216252802,0.0810867442709475,0.352307990673718,0.140869547694382,8.13,0
169961.0,-2.55895363179547,0.121402917490538,0.1437904428904,-0.420825911596653,0.146260982009666,-0.402620057222048,-0.155784474116293,0.898363659284026,-0.230261159672328,-0.976903798877063,0.173741072183678,0.368528338674098,-1.44835820635096,1.05119910788165,-0.730473520417711,-0.200460763968603,0.219792210273529,0.315700337117261,1.15201149253264,-0.203522395373515,0.0268950089490413,-0.51095562950698,-0.495688320317768,0.775080600268889,0.573260042995761,0.0074732585109152,-0.752031690110791,0.0243358511872446,7.12,0
170142.0,-1.34327364618961,1.43959879585133,-0.985841502417685,-1.50065219425762,1.41487590283522,-0.762062369779095,1.42081449998973,-0.207078874070199,-0.403637849306,0.066903707909125,-0.214016068341463,-0.128887012568296,-0.76992530014217,0.885928617152337,-0.520165008499273,-0.149112294064704,-0.896147794834074,0.500959431003757,0.697570210773319,-0.149984984472977,0.195058493818435,0.479488162397488,-0.652477274446428,-1.0562242504776,0.69732284337445,0.222949277302428,-0.72224315578631,-0.113819127490706,7.7,0
146296.0,1.75142317226406,-0.634599275581609,-0.15140455820082,0.884399966652122,-1.14251445510914,-0.467008229104116,-0.939062070173177,0.0925439362268889,1.52361021557836,-0.524207099812911,-0.631000186582013,-0.0434988869217262,-0.064959785736291,-1.62305165825394,1.0666060835469,1.21274694445811,0.216225247552362,0.990142001227915,-0.785668853031169,0.0259016635826002,0.206525177537206,0.573401116880984,0.137622162550038,-0.0278545164277785,-0.550289103609022,0.319613676249081,0.0216576529956946,0.0131569815707685,103.41,0
165072.0,-0.229325982496635,0.800511493866521,-0.001089969025934,-0.818219737728866,0.453797864566253,-0.643310103359556,0.773627250074983,0.074860929415585,0.186782232316835,0.11818259420592,0.140364184741316,-0.24760952784627,-1.79950555950917,0.572995984779569,-0.860298557596657,0.282635598367756,-0.708143296017841,0.0797516964129452,0.334501599820796,0.0038672127297141,-0.284381431630145,-0.7016893594326,0.0513294150452714,-0.46633784899419,-0.473720933116951,0.1557524574171,0.335905739131861,0.146971262042102,9.99,0
162943.0,2.01185243133228,-0.160838686381982,-1.02279122643369,0.330832326998622,-0.207849104916521,-0.962735057411965,0.0259900259391882,-0.145372383512277,0.404840806466067,0.267038446204589,0.895180019039197,0.703514871433401,-0.891558030137645,0.647725823293597,-0.573471670835957,0.104148229292538,-0.4560860991995,-0.299781866248572,0.406223843700034,-0.270730217781685,-0.2411519597145,-0.639545695501484,0.349391699711599,0.054071770707476,-0.369920472474262,0.175537274509172,-0.0800509850681989,-0.0709725928352101,1.98,0
147890.0,-0.916753872173387,0.423935183358803,0.360956235532921,-1.94660105495443,-0.447066316311439,-1.06129485088389,-0.211248431706622,0.441458448300649,-0.776222567996921,-0.960356176559361,-0.981916600408431,-1.3667815149791,-0.533338756822465,-1.82519637742167,-0.336830279703405,2.02874853215486,1.25207727051518,-0.187897500343734,-0.411937093480899,0.137788766467099,0.306175273735705,0.731708250083959,-0.22465669299408,-0.236706434116446,0.0756141187276687,-0.155896409525285,0.246430087385169,0.13895875488625,34.99,0
60329.0,1.22500955535877,0.0514446544711777,0.6178162710591,0.88632467036576,-0.580585588989586,-0.584611928088767,-0.0873215804977108,-0.138468158894466,0.521993008270634,-0.232108354564068,-0.677813009113488,0.807814138721378,0.565926048077395,-0.316726890545929,-0.469388809978418,-0.395538554958507,0.0538957912123828,-0.641375089901216,0.182589676928591,-0.0823277934779127,-0.0810945848013465,0.0453428950925158,-0.0960265078159616,0.476965538782485,0.607331897479239,0.435651717829797,-0.0118453109353766,0.0123773571790863,6.99,0
83275.0,-1.13481709354764,-0.625041930297509,2.16902619125773,-0.773826678662221,-0.0184267328495523,-0.541713689456181,-0.281833467394965,0.291096614830788,-0.674244526478891,-0.177936979917314,0.123416517368409,0.614630794676036,-0.709854539011478,-0.432876226548429,-2.99267860397683,-1.38360227360048,-0.355980826594014,1.40364662885043,-1.96451414753548,-0.558628395634004,-0.24566592173174,-0.297385663528173,0.015349079179031,0.485915360797187,0.0184989116734706,-0.694808621872838,0.122524267647176,0.144344290853541,23.95,0
131624.0,2.10451849686827,-1.0627630901071,-0.579002774878889,-0.979563651152145,-0.923156563470071,-0.0562582148697973,-1.15350904760406,0.11169594163335,-0.118721539402125,0.895841034438852,0.905564744328964,0.121704704688655,0.0013208657412545,-0.267125408336574,-0.423831882838253,1.31296661677614,-0.0637112250465518,-0.700676286154402,0.661110563041986,0.0078279375529403,0.379380101626834,1.09281689286489,0.164209697415043,0.737942542921605,-0.187761203207421,-0.138354874487192,0.0026200558359222,-0.0502247331879715,19.95,0
121794.0,-1.18380237120875,-0.466273014903426,-1.71299360647558,0.0316866467289143,2.33531997619674,-2.1924031013978,2.05437011189831,-1.33270963170842,0.343947824000912,0.93722681609243,-0.672715487689378,0.0837629921120998,0.292982390817358,0.0798739253552849,-0.312481112862794,-1.3993344723216,-0.433230381018256,-0.566143987802576,0.436028135589912,-1.04781763686614,0.0846498894536908,2.13299172345555,1.00047823425085,0.0964853322278467,-0.819468162187394,-0.156685332767323,0.199628682626818,-0.29011905476646,1.0,0
134174.0,-2.08685474699024,-1.2561704629165,1.3707286751711,-1.73867636360442,0.0877231320868291,-0.955949242420478,0.633298196674762,-0.30710470238416,0.700150231786387,-1.53282646091727,-0.66410675000419,0.636782074345934,1.29831531425404,-0.401415954414338,1.15056313889968,0.0493729953767577,-0.617579209935714,0.261156976944908,0.409773401580542,-0.121172227029272,0.123289306674702,0.645205454514743,-0.514750976331329,0.0399162096350564,0.608285330256934,0.459709286658971,0.222246606098195,-0.0906726056746767,299.45,0
135203.0,1.96480947892329,-0.508280745062105,-0.415937038274906,0.309947519510802,-0.585035273472057,-0.0371547746505052,-0.746804278612043,0.142719164577019,1.32301958999844,0.0197824030363345,0.194787951301392,0.734574968724951,-0.419003479525623,0.0761066492354723,-0.133495808865506,0.432722684806855,-0.890444825133691,0.911544577445224,0.238441408259271,-0.229380966396889,0.208340572930773,0.80008919887539,0.0543007590642715,-0.481887643809476,-0.0817158740048304,-0.201374895064833,0.0338355502275633,-0.0523870548197793,9.99,0
54581.0,-0.606820732470989,0.365953508172986,0.942199091893506,0.86213050272553,1.01462646981632,-0.62810737911121,0.496608772796102,-0.0829385214647528,-0.585448220917888,-0.194281083884729,-1.26434875235969,-0.310083404359168,0.300174618621656,0.303050472334394,1.08335154004947,-0.0957175633435719,-0.489404288649239,0.399433278343343,0.744186618997893,0.249723241743097,0.170722171774585,0.328178040261801,-0.0888213164131288,-0.453531642429339,-0.104619430398531,-0.283693772877649,0.141904537939906,0.169788423004953,36.86,0
82198.0,-0.967577280003654,1.15133036435134,1.18904959748493,1.00081030781995,-0.411037042231664,-0.0878531298384174,1.26839419105313,-0.272374616759474,-0.476753048779571,0.213044123683553,0.17778011515029,0.236773771505941,0.375300293587323,0.0823150707794287,1.30980866186469,-0.58794288224977,0.0610025673036177,-0.715427997643503,-0.0154988203493685,-0.168683783189071,-0.0648249768559298,0.0960389760680859,-0.0462808435442419,0.405932457549246,-0.676090445769369,-0.635337262674318,-0.545814075666403,-0.403702538220147,135.0,0
80570.0,1.14742909924076,-1.60324046325325,-0.456148254788678,-1.61439545265208,-0.728696232415063,0.430040388046058,-0.6617566390427,-0.0438131229154747,-2.28531760782993,1.47421517013623,0.540529352803064,-0.0696384119745824,1.44103719401078,-0.191891274161966,0.0717490256668995,-0.28352636704354,0.107959956558696,0.318978763460017,0.059610302019582,0.1419968060802,-0.016297539362864,-0.047844074983578,-0.345433140631327,-1.1114399447387,0.529326571724892,-0.0548043849639568,-0.001099691522731,0.0266314221531047,211.7,0
83282.0,-2.44207019526406,1.69343219641922,0.492283553882365,-0.101943771460511,-0.359053639693462,-0.490218328750026,0.299441902497863,0.390886116322615,0.917863398473167,0.98339256686081,-1.32697379971794,-0.0374209142092331,-0.303335136293683,-0.303204722700302,-0.252540165118865,-0.250104571902165,-0.0378231076998933,-0.39706318151126,0.494680964728031,0.292880825756793,-0.402618794707324,-0.436093416321704,-0.0377048987946793,-0.106857983731989,0.254247847994775,0.223159427804526,-0.0390541179225086,-0.169387342384473,13.7,0
78118.0,-1.64623718919903,0.758046191882891,0.645143132428809,-0.548661122949237,2.12324429370388,-2.35738855922442,-3.79236598025427,-2.05752791045679,-0.174378288879708,-0.436894803092526,0.692624236643377,1.05425661262163,-1.59886062803698,1.33857686014018,-1.25648520781263,0.194549132079008,0.119178090452883,-0.287694678673889,-0.340561403714138,0.212375923519583,-1.12325820303653,0.0624016316926115,-4.41729605656521,0.81813012464612,-1.74815290059763,0.686195883478884,0.371797781907958,0.331011114702842,2.0,0
4116.0,-0.591014887082093,0.870752643702138,1.69365580413775,0.0825763950894456,0.591238988951247,-0.0288752288124215,0.923766622730263,-0.516202949290351,1.82514202506318,-0.180225993270897,-0.556981030634941,-3.21620213124625,0.876306051890694,0.851703754652063,-0.939158480752809,-0.358312506880182,0.305271993464662,0.0319871306674406,0.521677090247202,0.124513667901934,-0.475478698407215,-0.622417519235943,-0.291223121676198,-0.510489712941942,-0.0231813628391032,0.173741221878117,-0.310855806425405,-0.276505374625543,15.25,0
158332.0,2.00997045125587,-0.248481269394283,-1.07042318150664,0.300037268596296,-0.19348418665844,-0.939268007827046,0.0918151143609802,-0.324682975877835,1.00166169947,-0.240986362864614,-0.84632947619475,1.05864577875485,0.823463425088354,-0.129061845747802,-0.494880711041773,-0.755589293319656,-0.0417269712093412,-0.64526658951422,0.18951693535597,-0.162274301239756,0.105514051057464,0.656814274519858,0.0167714713548791,0.0759789719701757,0.211528897087645,0.192758996473109,-0.0196736858372902,-0.0582564161010281,20.0,0
2989.0,-0.768678105455388,0.825054393151212,-0.69412616508679,-3.29849132486591,2.60052413599764,2.90805862503008,0.309915149384161,-0.213293232375516,0.954486630828545,-0.712577631211628,-0.0977175907559624,0.133324589521754,-0.262332105412973,0.173120775273196,1.06629041268529,-0.271470896181579,-1.01694102178012,0.483746700873898,0.2245156093272,0.126236539742846,0.743052263504023,-0.0319050994211978,-0.203091521813305,0.990945991330831,0.304558571948309,-0.813822087003589,0.379557926628101,0.0481223332527016,1.0,0
168576.0,-0.649564014296384,-0.277577147894437,-3.02997408330416,-0.634859999429199,-2.94545596705099,1.38279937429551,6.3975641734778,-1.3099469644393,-0.80015479538852,-1.37135670482966,-0.936618234536502,-0.502910975239617,-0.0705946122881139,0.604365372948106,-0.321998738881193,-0.490188580311337,-0.426398251408859,-0.262434024208326,-0.0917817018297027,0.0258663391713519,0.292347957721745,1.09731924948775,0.413345502267428,0.775155450813094,0.741596691824685,0.364121398258448,0.228031250892979,-0.291909019225443,1103.0,0
109831.0,0.0264371822416897,1.07286300208852,0.0758116145240803,-0.194361544458624,0.841331923337058,-0.515123771355608,0.824810210176866,-0.20980131904193,1.34115775219973,-0.733755405397946,-0.0584264104241727,-2.79466945954593,1.34849703188096,1.9255565358564,0.250335619380671,-0.682258967099663,0.42082181756872,0.634991099724852,0.265739277473127,0.0008962602517272,0.200163507410935,1.07345071058134,-0.212008110294739,0.565769920292146,-0.409180551024519,-0.464528541943596,0.468987725742517,0.284575217690884,1.0,0
72433.0,-0.551209145384533,1.24103389620176,0.814870906017818,0.731550039545426,-0.0236497961232953,-0.317671477250732,0.303252891705753,0.461579021819813,-0.970528011602086,-0.254418847595855,0.615397567835978,0.264849414257387,-0.589450339353961,0.96556700834161,0.365518244955403,0.119072008835348,-0.354447694333567,0.831407494777461,0.846859603131291,-0.139000433516718,0.221185793087481,0.498634121836915,-0.161995699971957,-0.0031745602917374,-0.241935563572806,-0.32725313785027,0.0406563375481861,0.0869458958906673,6.61,0
140040.0,1.9888952117453,-0.931780477412619,-0.759598411906813,-0.299092806634482,-0.898585930624721,-0.741084008128576,-0.461689773937406,-0.293990579819932,-0.367082338787559,0.77372370414774,-0.86380172062166,0.705623660306417,1.64018177821226,-0.335297838683456,0.0759535133447593,-1.45897808387266,-0.18154190419392,0.751927069295166,-0.921834026886058,-0.371012517149914,-0.30268443814251,-0.343885056971206,0.214497440628734,-0.0457418620307981,-0.365872260114889,0.553747504633641,-0.034524388596736,-0.036608359416497,85.87,0
143540.0,1.95053831662252,-0.383888498598017,-0.577527438806925,0.330231090283461,-0.357072975753214,-0.326764476565958,-0.351792123327925,-0.104761624752594,1.19718748194517,-0.20557608661305,-1.28662922307284,0.742122027068365,1.04762396657866,-0.231991354127798,0.616329433592012,0.360020144442832,-0.838974355440966,-0.0629838003642202,0.165329609637193,-0.06547063990426,-0.190094304892057,-0.446520556318301,0.239694786451715,-0.674673018825098,-0.324116212857304,-0.588730133005743,0.0315945965143759,-0.0284171123251501,50.0,0
45709.0,-1.00634366289102,0.811885443789265,2.09938978934811,2.78423058958822,0.906444237096335,-0.444420020263124,1.21564077879252,-0.712653683001215,-0.867210350405939,1.91952114879968,-0.0398766585962695,-0.67186452120486,-0.005180842121136,-0.382200948178065,1.41486159851817,-0.277509602060014,-0.281970125086176,-0.57417250787352,1.08970833816098,0.345029023039243,-0.762400080016042,-1.2913607533453,0.434087901927388,0.305074365120868,0.0595531349626626,-0.247600393621326,-0.129162991827313,-0.598459041106077,12.92,0
54923.0,0.454360068680059,-2.14898769010986,-0.50067318790045,-0.0967016553466531,-1.48818378199346,-0.962305810218053,0.285652420126037,-0.33672151732259,-0.574393419954554,0.395571505287362,-0.756355257193542,-1.31966296407398,-1.50731398421298,0.232525822349037,0.0056477057015986,0.664613825605629,0.728966911916088,-1.36580403982129,0.664311104695393,0.964542541036021,0.436206551205577,0.0951876282709625,-0.587604608246786,0.419271525665939,0.549972541409085,-0.113111308666811,-0.114514182582953,0.0878157070617122,512.52,0
58853.0,0.760778585955791,0.442254685193321,0.572397071497943,1.01373342127989,-0.627574125450145,-0.75480485120911,0.171231967590172,-0.169207690740134,0.488628570967818,0.0216761138548525,-0.436299891943809,0.913434816270386,0.798354509108535,-0.513675028520968,-0.518889488936231,-0.705888126122605,0.265261710991426,-0.607757129586188,0.517876315906113,-0.102338800770752,0.0706947045984779,0.496025756163932,0.240162752133367,0.780334003629999,-0.81614961180621,0.277948309453523,-0.166157015763662,-0.133759204965247,14.34,0
145726.0,1.98282592756435,0.749526710914326,-0.992588302379989,3.55424660544506,0.905510237878948,0.0498250248620392,0.3645395260551,-0.201080464260141,-1.33064981112252,1.50493521523506,-1.07846569567166,0.219935069560768,1.42277023967915,0.12390613796316,-0.404324939734741,0.930494217969982,-1.09570796019224,-0.284522533926684,-1.66061897725854,-0.176977016462676,0.221946745075353,0.686938007397912,0.0598948585757666,0.600236149456809,0.218517433804919,0.104786254577008,-0.0419761332428117,-0.04483519962888,0.76,0
48049.0,-0.316345694063588,0.0404142541586186,-0.136596672694858,-2.52653825908877,-0.619892782220717,-1.07316351991278,-0.210212173803421,0.265771709707857,-2.76370200774564,1.16017501116408,0.437043170242743,-0.459980120462038,0.163836201316414,0.342669666581663,-1.25874078343117,-0.197308054170015,0.126851114495684,0.502919423912218,-0.413550993269867,-0.38386780417943,0.041234065463181,0.43124089304539,0.0408450016005004,-0.0142124895790498,-0.716383723916471,-0.417021143787639,0.328056946468798,0.192744531180939,10.0,0
82629.0,-1.41110380828685,1.57145402640946,0.33814736955126,0.961888456983101,-0.974221091007198,-0.409869167204151,-0.870497643938577,1.21685910428715,-0.573893947749782,-0.651622742236668,-1.3889680141392,0.267671576495925,0.508840924705078,0.890195408669181,1.29319156033281,0.550527117428754,-0.0537256616214018,0.686218186998066,0.363626667437345,-0.391749000432042,0.347410898302148,0.598916523282355,-0.130609097802809,-0.100958230417059,-0.157734629650075,-0.271312800925946,-0.470296599900755,-0.182603325524698,11.99,0
7018.0,-0.861037601247758,0.67594919140966,2.1595038758617,3.09793179073335,0.809081756318707,1.33698597496216,0.109418164529689,0.0831787344005244,0.267685054075497,0.725893581424357,2.34597381081442,-1.79623910359399,1.72355032745396,1.27490979885258,-0.823781522832485,-0.982582729485877,1.27946131474159,-0.516853541266044,0.589031180827304,-0.0440457115731689,-0.263012774785106,-0.135176290363262,-0.0081993611000043,-0.342119200113666,-0.82303815640149,-0.0604632421927147,-0.205927701444808,-0.0181569004165405,45.5,0
141083.0,-2.02744799132242,-1.40653787286162,2.1242108404426,-0.720156976539888,0.958396580170015,-0.73975292542725,0.34231725244808,-0.3136351178682,0.484990109072692,-0.374435699658283,1.00901169353797,0.198844834880694,-0.621233766768061,-0.251432093708594,0.327352794844718,0.302315477242007,-1.00408680478063,0.7697396895547,-0.0562584131050395,0.0817269155026913,0.156327439373962,0.697535929105786,-0.398952061108158,0.0662967597948234,0.499510853815313,0.138970343983832,-0.338561853234376,-0.30356141450493,172.55,0
136034.0,2.03631566624858,-0.156054921343705,-1.19169237603972,0.232702443630234,0.020245051782681,-0.717724005148581,0.0428229416367976,-0.138268322722771,0.383028674577749,0.256811531205368,0.582089059325279,0.74233090934307,-0.489854103820467,0.55806426362676,-0.579061651989762,0.209441044474787,-0.624883257321103,-0.204941744021174,0.558790800813707,-0.231165187571017,-0.262990941554503,-0.689953610244871,0.292200254367141,-0.350244196702684,-0.304618697291671,0.199766940524335,-0.0789158560099284,-0.0740155230394788,4.49,0
86361.0,-0.319464520202468,0.99235842123948,0.840249114260211,-0.206088676919657,0.607952479308068,0.0243776350199632,0.563315132182738,0.174237967552752,-0.206732591164258,-0.5313543612189,-0.999853192572927,-0.758285831830448,-0.56629357434496,-0.292891425069324,1.30832700130552,0.412361591565898,-0.0181414240890164,-0.16814817377625,-0.0787785619537848,0.063794627448779,-0.308468239294888,-0.82184298500383,-0.0910740216845462,-0.971747042298637,-0.131529866731945,0.164461321232144,0.254795854447027,0.0833787448969138,4.99,0
59589.0,1.00284901918387,0.476853149597711,0.110652400924616,2.0611914201842,1.26393562650653,1.87550856204323,0.131144103670547,0.406413399849994,-1.08489518524248,0.423302590605294,0.0319526952722949,0.830764645696157,1.43824097307292,0.230348827963767,1.43725335064299,-0.406472534960471,0.243666717823302,-2.65699790670868,-1.9924124164592,-0.110911306679682,-0.388130760576555,-1.09834534389264,0.245895055871546,-1.85932238301732,-0.0358708476799086,-0.317068727672324,0.0534681496278628,0.0137420756833558,37.8,0
119256.0,-2.28553723847185,-1.63803162846118,0.599359736413459,-2.09896673621488,0.452671275671772,-0.518303421098625,-1.31014117398541,0.772708712165298,-0.627623059761447,0.101490604654931,-0.187181786756689,-1.06004674468076,-1.32312900164366,0.186526255897501,-0.465991501567608,2.18082147016955,-0.489172787365506,0.0684223055893825,0.150839269349889,0.0600724733244127,0.463787500382281,0.861650523622987,-0.682504716972892,0.232406445452172,0.0291611123923174,-0.160078739993559,0.269400666870587,-0.195897487688322,46.0,0
133143.0,2.17118689925674,-0.927584780474373,-1.57017630591206,-1.66149850359923,-0.237168849314418,-0.298342653377062,-0.43101106556081,-0.109369991086176,-0.2000443549566,0.555590109395596,0.420548915402048,0.906212919217421,0.416966558021171,0.221581384244428,-0.625588122627315,-1.72444807276522,-0.191794217617093,1.01631448008188,0.326218626789912,-0.51940297627937,-0.608934345869845,-1.17663366063715,0.341967029491667,0.214417077305089,-0.329772054780957,0.388854736774269,-0.0638904808887453,-0.0674233239864102,19.48,0
132397.0,1.99086066616203,-1.03270224894389,-1.77484435347495,-0.923558109069813,-0.327872778251155,-1.03519657507653,-0.0116447889075126,-0.384476058252661,-0.668450036895989,0.801935925661918,-0.69031796235211,-0.774255079565884,-0.0988582416513975,0.229534491690622,0.337601362163122,0.944275137719589,0.158232207332449,-1.63643655869894,0.683123966363186,0.246156756476412,0.114409141798361,-0.0771885940161703,0.121474686996254,0.658392535748844,-0.0909702540112157,-0.356695812875864,-0.0805493490070755,-0.0335312438774946,147.6,0
138860.0,2.06234738474122,-0.0766755309664041,-1.49263735943568,0.143446919584402,0.2362492136382,-0.776410541910318,0.135888983805773,-0.220195095904817,0.394268153271528,0.189238349565632,0.550290042049127,0.742725121334253,-0.0985225221258993,0.688404466865414,0.0928798341392077,0.126369883326829,-0.917361554500526,0.605886280584413,0.237943525573195,-0.227497189266189,0.264280136045704,0.886725568890972,-0.0704171476500763,-0.459722959386711,0.295744633114613,-0.098153962126393,-0.025309582548037,-0.073800419221609,2.69,0
43726.0,1.07873979126348,-0.408783701570768,1.15738983057699,0.825113502545207,-1.22146661224437,-0.315844027665159,-0.606552567246746,0.0936394234055989,1.04115747841194,-0.260512981940327,-0.839708562385506,0.0829231457489663,-0.612234508526476,-0.268167611796025,0.289664985276759,0.20949642856775,-0.123227763964625,-0.165252133524359,-0.0182176893874356,-0.0246449478602988,-0.0703399273076829,-0.168578782316111,-0.005091255866566,0.418948784181206,0.189218243809637,0.418727864364112,-0.0060660448697094,0.0338765471191457,64.5,0
150049.0,-2.09956832589654,2.91781040977953,-0.755084248614111,1.11123743417154,0.393682775048472,0.0784398421786034,-1.19111081344324,-5.69740264388394,-0.364734547678719,-0.524301331461972,-0.0906215450780436,-1.31615970062911,-1.40766539765959,-2.0440524714804,2.39229449800505,0.0046811879928347,3.27628678969602,1.8508730867283,2.09021175014255,-0.903389431004118,5.40641368040244,-1.54465126926678,0.180337953808927,-0.382831907063815,0.587266091435681,1.29751638929684,0.178390772296701,0.197654900853131,1.0,0
33730.0,1.43000862278836,-1.38921904120869,0.994437733120463,-1.46009618480573,-1.85301632667304,0.0270233408034064,-1.64900242734391,0.0276392081828176,-1.26856456873287,1.35248898243305,-1.21235010571806,-0.859854715208615,1.47384226309813,-0.942517402034594,1.16055121866896,0.419463149854056,-0.132464439237501,0.912396716342685,-0.363297298900268,-0.141666795481105,0.054378045836409,0.519281836731508,-0.153119999834174,-0.435825990467123,0.319528960799966,0.0041523766915943,0.0778666095945114,0.03909596899143,59.5,0
116470.0,0.841179744162865,-2.31305593498919,-1.55671373356657,0.319152516790377,0.0224286337806803,1.98987351994209,-0.0506730447242472,0.470531735106947,0.867000565699824,-0.275727199924857,0.714491576355892,0.993101961159794,-0.342178438419517,0.30424589796983,0.105344487322378,-0.285621777399365,0.102280340188408,-1.27318705718199,-0.41995023586031,0.838794189900528,-0.0253809973968214,-1.12772651415491,0.0300686252861138,-0.949876131640189,-0.977041052710037,0.169860582019966,-0.108396313995057,0.0262814637858622,551.4,0
81168.0,0.611967709617138,-2.62994059163885,0.300609678250219,-0.655663307622501,-2.25048583956888,-0.298036841343759,-0.642906697297633,-0.216541552005136,-1.21995039029203,1.01542882865652,-1.00973598782238,-0.37301891116504,0.758918768468096,-0.904059744238935,-1.02466819607414,-1.00252715934905,1.03842543190179,-0.118175645595571,0.0019322157364334,0.575616093314832,0.109383012271851,0.0020273353522434,-0.497668716244786,0.456047423226929,0.460021159693005,-0.0356128007028139,-0.022923708400378,0.0968591379383733,459.97,0
167411.0,-0.008454824583309,1.09355158975402,-0.448300679391322,-0.569810537942903,1.01320742004248,-0.726793527088183,0.992111273028486,-0.154526145101166,-0.0675130204987115,-0.749755555262346,-0.56005703344968,0.207365239434209,0.609323364124869,-1.16902877853728,-0.245007377107441,0.24426503358907,0.36828858944236,-0.373499909817304,-0.285862238753167,0.0307673433779858,-0.316346732734606,-0.765503857157233,0.133188968120346,0.514436578675567,-0.41407194617558,0.10600620416834,0.0986901079611781,0.0785201059462692,4.49,0
147051.0,0.152058310168741,0.282342630533186,0.407738124637747,-0.3080610603722,0.688705310907519,-0.805970211841128,0.870431840492458,-0.264158783764494,-0.173366270609279,-0.0246135003843343,0.871162724732091,0.414793959544239,-0.753122745682688,0.34183314807543,-0.727758163959577,-0.218017179493957,-0.471443131703251,-0.225103064045457,0.605148161405587,-0.0137156475065751,-0.14483405534571,-0.298133091424405,0.198353590933205,-0.000714759996729,-1.03179348076189,0.0961828311380516,-0.10408004503764,-0.128167075007351,17.99,0
44575.0,1.12813160438795,0.263576259171809,0.380577578725129,1.06997994623931,-0.291437885754045,-0.734834792298839,0.199237621799891,-0.139610133583823,-0.380888597097023,0.152529469654581,1.58521947505967,1.24852883749195,0.452233145245908,0.491603582293043,0.14559614790017,0.163154795648687,-0.634325103739088,0.213460884703192,-0.171662617655362,-0.0404213187384219,0.117752952975074,0.307123625891048,-0.120146544706618,0.565192672604644,0.638321637686933,-0.363679199817322,0.0081077308236213,0.0188256983082936,35.09,0
152058.0,-3.57636177773708,3.29943622098785,-7.46043319687438,7.78363417666419,-0.398548657536885,-1.96844144838725,-3.11047619254795,-0.328403695377149,-1.57436284547485,-2.49756054724841,4.60417047790948,-9.0019148555682,-1.27632400546329,-13.9694706254616,1.25694535316357,-4.49162922501012,-5.96998693103967,-1.27466622002178,1.14778361222539,-0.181455201194929,0.540730752300116,0.719526342466937,0.379248749413946,-0.616961860032022,-0.44281081400968,0.359840688732324,-2.65182487459349,0.422184391599186,1.0,1
135769.0,1.94668576101775,-0.662440908685596,-0.332243896791832,0.549667876367315,-1.05120315547061,-0.690949609326635,-0.723978040819696,0.0371606128658702,1.56078945947215,0.070214174224535,-1.35358461725458,-0.81086348627061,-2.05298266958281,0.204944939676342,0.552294006860165,0.36971672918646,-0.333770813165858,0.268521236197342,-0.265348008829148,-0.289142647096022,0.184202201149565,0.607550740588545,0.140056498809795,0.0535907239562142,-0.305951982675897,0.615677794860022,-0.0411732791893948,-0.0495296143949048,32.09,0
31207.0,-4.80107569545138,0.889674580236427,0.447033052039416,1.25486153633657,-1.51703732400829,1.31890665069735,-2.20817600286997,-2.42428362703594,-0.1877457258674,-0.334404931371274,0.84562237443214,1.81795293902693,0.700287105397782,0.755746159441741,0.361624434136969,0.343603805243016,0.638816352701071,0.574198200384137,0.390366228327142,-1.78002566638361,3.88249423967629,-0.397364941486521,0.50473436223413,0.0550864614946024,0.54018985653867,-0.0420183797134367,0.594318990749221,-0.893159043388225,16.69,0
161362.0,-0.225476450665953,0.764549885613333,0.648220625194984,-0.54204649763342,0.638132096269978,-0.490836138547146,0.880523650848032,-0.0258857325739784,-0.5365110809315,-0.411141961058641,0.34934969210753,0.133277418285518,-0.900745674960778,0.574775548074447,-0.671642511401926,-0.0064401855611221,-0.494208488027433,0.0625406657154386,0.974318278943112,-0.097959024627049,-0.178286999710605,-0.529152328959409,-0.0939475883829286,-0.350681930856444,-0.493261078314282,0.242305936132073,0.0799825711858121,0.136136165155196,1.98,0
162191.0,-0.46471100849452,0.0662650833199632,1.56117857384726,-0.150886862553484,0.71168070715895,-0.343390702554171,0.126716696715489,-0.0716109282675511,0.610184663526968,-0.490210826041529,-1.56977974031473,-0.823814554059954,-0.843550073316563,0.0304462265142398,1.56485287010466,-0.0806466896738619,-0.596353623675868,0.668681611022844,1.22165783188845,0.166904564892059,-0.12408685479983,-0.282806349782269,-0.131373985843394,-0.787119109326775,-0.292216668320515,-0.7148813122183,0.0142335810064018,-0.064770083720189,1.0,0
31921.0,-0.357330537546309,1.11622285961023,1.19160037184062,-0.137018903635069,0.298574364519907,-0.461820755718805,0.631689358202438,0.0652471740572703,-0.71195599076997,-0.356112438667888,1.28448217912688,0.784104633184628,0.621129072771596,-0.358232272823507,0.158961295727494,0.649233074365925,-0.391667846651442,0.397771953922112,0.318921286610717,0.165217375341582,-0.228675325079306,-0.593498076200295,-0.0787887754405335,-0.0332684028988732,-0.129787893434565,0.0730446419260834,0.245549705731369,0.0857842769346672,1.29,0
14459.0,1.14723541402949,-0.150312656189245,0.935971903250483,0.216790211686064,-0.76449440184105,-0.183655133135297,-0.670767485642846,0.117007653186859,1.58728876922329,-0.370328430712837,2.60041895383072,-1.97455790202945,0.804707975499966,1.88025160083283,0.208505566964994,0.370744214371639,0.444744411309551,0.238165893618934,-0.543275618182821,-0.164723088735986,0.0159944488623357,0.265496290760452,0.0376763362812936,0.217886547001754,0.0483475458176889,1.03383162233218,-0.0817856287581384,-0.0077087520660269,14.95,0
50664.0,1.01805881320159,-0.322780303734499,-0.396704307302884,0.996455173092003,0.222133055402238,0.398659182039796,0.0729715481019628,0.106352485611425,0.364667330895732,0.0172115284344466,-1.78851808278146,-1.26473572843737,-1.70708094953574,0.701084913445756,1.52806106757409,0.377546315083695,-0.585184195062786,0.211969028429308,-0.336627313322553,0.0286976981488614,0.0675112806991871,-0.127873851002662,-0.351664465096276,-1.35935609388556,0.669009691842041,-0.172728931656053,-0.0065841511110535,0.0245489326347723,144.0,0
35355.0,-0.647661611724395,0.241248414164046,2.55507331134342,1.66651616315832,-0.361286547394545,0.535539840237522,0.133085354437033,0.118657950108357,0.571008599136974,-0.0379165606220251,0.480276914019878,0.947305182560892,-0.837050512953521,-0.741245297634215,-2.26384628001149,-1.26743912969593,0.594939774393312,-0.144333917796449,1.90197185020707,-0.0114965667950881,-0.324715662945526,-0.323073223202706,0.162333101219795,0.521658604036015,-0.372286283538834,-0.527164057587175,-0.0461639470815529,-0.0987285058195664,17.99,0
132042.0,-1.23791444918252,-0.474950991337144,-0.553368883757992,-1.85993779930168,0.389838192777862,-0.430167536547026,2.48703323953584,-0.350523205759889,-2.4825616446831,-0.222433959470954,0.362469809983931,-0.610778456613878,-1.18983783056436,0.977707007374458,-1.45479056135985,-1.85630782489202,-0.191114123021375,1.38169041563068,-1.06281322191497,0.172168256181465,0.143640359336842,0.149579079886812,0.108292879987006,0.707124449630311,1.45577835300132,1.00151143119878,-0.245925403929675,0.0250879760727397,334.96,0
129376.0,-0.828860671294047,-1.31762528172252,0.473848069740434,-3.56888856460264,1.87836720062518,3.74890797153539,-1.32740565524287,1.10414129935746,-2.1466073269005,0.602480410457602,-0.499696481084145,-1.26810969899562,0.242096725850987,-0.557388886542347,0.213675997316123,-0.519722414974891,0.310944873745344,0.471060783456556,-0.515298048529451,-0.014190574248663,0.214031554529632,0.771287588066972,-0.339620758854553,0.72908001102322,0.778356490490451,0.271567464619904,0.0550640899121261,0.0594183606198318,35.5,0
144505.0,-0.524986138547094,-0.22814834049866,1.33599887822383,-2.39802149028325,-0.362974156401081,-0.349247088566304,-0.247384256059849,0.335126913716439,-0.541086971208459,0.143713391821743,0.0729667469552507,-1.41189156490756,-2.34336602562552,0.0540959782238192,-0.880739246002544,1.76482980737571,-0.336052360880469,-0.618901226865577,0.305371871718208,0.0337111383034896,0.0039062351229416,-0.157304563510573,-0.005184407379886,-0.497315745585639,-0.470932356063645,-0.565568917741495,0.352565816903371,0.196990787644927,13.3,0
154274.0,2.06602002442014,-0.181447951896888,-1.59330310426345,0.157867721555008,0.392139223475891,-0.256676144316699,-0.0566818966516514,-0.049812608750956,0.311552982325242,0.396016785431634,0.330417885327477,0.148425469534344,-0.80161915210001,0.743251329336431,0.118329420773554,0.477218575637426,-0.942584003492005,0.638733348737584,0.160274732706552,-0.21158648369608,0.238219827650956,0.692451373394258,-0.0002373208315985,0.22870133205087,0.1345016960462,0.480495974215521,-0.0800678010136006,-0.0744752880153018,8.0,0
47183.0,-0.522140253785311,1.39182695882626,0.96376931911319,0.912366504588965,-0.134545717584926,-0.817802822800389,0.465523246832364,0.234989552491712,-0.891124889713742,-0.449761804400599,-0.604704492295932,0.248494648191632,0.489811806201288,0.578700093991837,0.925536991893813,-0.225388071870751,-0.0420428761696634,0.0955137405894382,0.425684440067668,-0.10542581848604,0.200328398183244,0.534369197799467,-0.133965742761815,0.414212719921519,-0.223026196484193,-0.333865946404324,0.0537413195233062,0.102323888770527,1.06,0
62921.0,-4.26539423408402,3.6544070545668,-1.92145465602241,-1.88899871846971,-1.77398077795237,-0.541940020046683,-1.62524037467237,2.60857600388973,0.730814662450578,1.14525396057108,-0.348568092533891,1.40617582782075,0.748040006099768,1.04328284057614,-0.203110943596571,1.63047072856905,-0.555604889713464,0.524649973642034,-0.332958458191045,0.657190621591654,-0.190915043259606,-0.578252507591964,0.196979709187696,-0.830570255001906,0.459617483486292,0.802625593848169,0.196000948701417,-0.0010169774261874,3.84,0
158186.0,2.04016134715074,0.172354362275579,-1.48672352305669,0.538509439651444,0.161712393807442,-1.17756417578462,0.193324795358218,-0.267548285382028,0.463746079052223,-0.377593183252372,-0.112094149545534,0.299232642448542,-0.0592558975450831,-0.807052322310315,0.171027855178453,0.167425884091094,0.662880679234312,-0.472089982646971,-0.141069648184233,-0.176366520959157,-0.331555584741308,-0.851961718894365,0.40465092733149,1.05115224989097,-0.327787654629307,0.139859200891661,-0.0620912962100005,-0.0254261276022971,0.99,0
86746.0,0.287669826450445,0.292868515547524,-0.305566426173481,0.155462819738763,0.889221227952353,1.22306073052202,0.294330054582796,0.147094460868384,-1.62888808054757,0.687813369257143,-0.523471317819618,-0.359128104899256,0.10923483550302,0.554500158901539,1.85150512830971,-4.25087030647176,1.88551061289138,0.203254431868576,0.864516530456047,-0.298281967325362,0.12317298220598,1.21801795861322,-0.177344295390773,-0.289714818521519,-0.485738359472825,0.483865323837886,0.299530911671315,0.191725258901016,11.84,0
52187.0,-1.20099653155144,0.284408990573048,0.489563562420702,-0.046255052783885,1.07775095645908,4.54195501882034,-0.125902665960058,1.52441694261115,-0.453495831806384,-0.879807992840447,-0.661650633959706,-0.0846369138209634,0.105544909899612,0.180505202917663,1.0151318720742,0.381478046897195,-0.447735554652467,0.899380048598348,0.847090401883111,0.514319013213421,0.15922262077308,-0.0602527384912203,0.216206018892594,0.97849917509043,0.484373462201292,-0.255234445302588,-0.0663087332770986,0.0385607613733371,211.32,0
120894.0,-1.90959312468475,-0.853325692384684,0.654306729602156,-1.37819637041428,0.343403743949779,-1.44149977960623,-0.0444495435528371,0.346175583776556,-1.47217610418831,-0.407894890760576,-1.67915630812773,-1.1510482292226,-1.24353304997582,0.701766214364825,-0.122067643983702,-1.21905020772905,-0.0625985741062555,1.45431045109796,-1.62341053447062,-0.258419171671835,0.0868454849836708,0.0012392558721043,-0.378542504006167,-0.0817387438347769,0.883493673835888,0.802006966796528,-0.170935895855843,-0.220461649972201,69.55,0
131595.0,-2.58921256889754,-1.16095933964884,0.976207529656815,-2.02431472189217,0.431104955461434,-0.951753899468345,-0.906391844074938,0.533124063859168,-0.995436161163605,0.0626266540421517,0.291511124072012,-0.267460330619181,-0.317452101167378,-0.0138815616905681,-0.987849170367505,1.64483456475918,-0.156014234100286,-0.688205678727002,0.33776919592164,-0.0474568167099063,0.229612719121582,0.392559610147768,-0.879044921624777,-0.334115499359405,0.666537768305511,-0.146095877637907,-0.0147015432916008,-0.0840049538420383,10.0,0
59658.0,1.32205945787585,0.304247836895828,-0.148985408386348,0.450363854172748,-0.0476881474204518,-1.09934025153807,0.388840191599736,-0.27101584152244,-0.0705532351961443,-0.0245784690654844,-0.660773676910496,-0.241965026039943,-0.667095934226225,0.624925300085534,0.84379490805877,0.132690891746102,-0.324812566103887,-0.669809842400748,0.249608904000638,-0.152327490762761,-0.396784548746902,-1.194998667914,0.0946454885726473,-0.0030634329591821,0.34993491212162,0.194065014532438,-0.0706149163571351,0.0017639939517897,1.0,0
155684.0,2.03022877008189,-0.162250439810297,-1.22549892712491,0.206511197557252,0.100865921766783,-0.583686360647035,0.037542738033024,-0.115261831248602,0.366625247638092,0.243830168453528,0.584272072131391,0.806884862003885,-0.346638796389762,0.532848667662766,-0.540275944218457,0.167963810697201,-0.60491064077088,-0.283979857401989,0.515436387649066,-0.223289171142083,-0.25988944892281,-0.6708457860393,0.28619430234337,-0.476622608750676,-0.30514127124742,0.209209592781551,-0.0752604862073129,-0.0748333072987268,5.99,0
56294.0,0.957886514141252,-0.348749069242969,-0.232950669576311,1.55706723233216,1.63233520620454,4.35716337215012,-0.957413908900296,1.10804263590247,-0.168400142791204,0.550367438926221,-0.595859564902303,-0.0883656032454755,0.082771106004915,-0.13113973067086,0.344717282483247,1.15709350285174,-1.06952432041992,0.403918977188351,-0.660974474637038,0.214110340306389,-0.0100091385076463,-0.357735383874598,-0.0970550464996124,0.995530782497617,0.388398453523859,-0.0320647213034061,0.0191548677456345,0.0507347215194334,120.03,0
95055.0,1.79085637290601,0.284793459838525,-2.32986083582324,1.77095699994383,1.03477811007706,-0.828411624549443,0.791997028425992,-0.482382244434994,1.29719299680838,-0.810802848960606,0.474882463501504,-2.15002743040762,2.04898646756963,0.332967584839559,-1.11552669782683,-0.257932870480957,1.68386950084183,0.265727686792416,-0.66205134108934,0.0340530416162544,-0.10770729064283,-0.111509581441116,-0.10508154546639,0.513717592125376,0.439782287927986,-0.573788889833093,-0.04765946688059,-0.0054497583803058,135.01,0
57363.0,1.31196426036979,-0.0835729300593627,-0.0849416883109499,0.0076424479243,0.0553139819772525,0.183911754601899,-0.206150912278377,0.107007963344996,0.381008428591856,-0.0388659752945638,-0.135554517902161,0.21646477595605,-0.656692478907757,0.325049615101519,-0.216071610884447,0.527400280404825,-0.775026318846213,0.34610121830957,1.03947947982916,-0.101474353908482,-0.294843262666728,-0.798996534554605,-0.106999922315527,-1.02040899232755,0.450341075739744,0.515353080386595,-0.0538884540068523,-0.0152817619088871,4.0,0
158123.0,-0.995487856345842,1.11455788104259,1.76516516838259,-0.367129486431378,-0.349387728067992,-0.263070231848001,0.324666036728771,0.399717423722721,-0.315898061310364,-1.32161428201698,-0.767323566094929,0.940324918734527,1.46960194183119,-0.0665816477422349,0.531574039028882,-0.0463581582056432,-0.213142748023065,-0.190709090898353,0.350541866017513,0.0073526483318754,-0.099828848073748,-0.331951068746428,-0.161945648550845,-0.0123063290107398,0.369268588528511,-0.416372550557507,-0.0446171527570098,0.0175266232624181,30.0,0
82962.0,1.17208886815247,-0.407937747959986,0.896664064127474,0.144521183285863,-0.865682920759766,-0.0344853253776979,-0.525991153967506,0.0077183504226661,1.04978119583489,-0.506490925232152,-1.06225987700013,1.05987063361534,1.31608993089176,-0.825363005649167,-0.394554161553034,-0.0164826106213913,-0.120275611406489,-0.607927874674995,0.646826811432596,0.101577296698565,-0.230467226788215,-0.431372947341848,-0.0364170501249813,-0.030052995730108,0.235191356122681,0.966995295170646,-0.033963535480546,0.0186749062664596,48.95,0
56220.0,-1.7768834482497,0.92667939564139,0.764349033534886,0.102876137650117,-0.501825504714996,-0.109312306101048,0.254831517012297,0.664409968344956,-0.2983858657793,-0.339734373510034,0.367467992105792,0.80964044309626,-0.25387168691115,0.366098138033975,-1.06044070068712,0.0780770236557458,-0.103578892159023,0.134027988590243,0.833792788811528,-0.243735267506901,-0.162365011842315,-0.214302233613436,0.0817187348829023,0.0416976896373917,0.0487681629557781,0.208978397125591,-0.245447612548019,-0.268644455302873,80.8,0
140268.0,-0.361980980653619,-0.729068223106216,0.855359105608255,-1.96509537939583,-1.11375308973068,-0.734895303371183,0.216084012909723,0.0620058791531626,-0.185140563484175,-0.0254562010059988,-1.36262002186715,-1.87116828368674,-1.88389318600598,-0.288694427827595,-0.300892104153927,1.51785750983503,-0.0647759652418203,-0.807311970019669,-0.373130918540921,0.327641510079571,0.375158417465782,0.772806267879873,0.186763008523095,-0.0059630767264652,0.194608364733514,-0.158899315622247,0.150701300742018,0.0193035093961621,159.0,0
133356.0,-4.860316220443,1.88837355064763,-3.63154393608266,-0.695786676873042,-1.24938913148414,0.382355465226023,-2.01081206687423,3.43805347279494,-1.17571457863683,-1.36893156724968,-0.416165099566159,1.25664601085308,-0.509943038117573,3.04998240921733,0.257313130772342,0.578630970058999,1.10966728262506,-0.416772079311287,-0.885788341879065,-1.43594632407378,0.676331300497309,1.05057218119325,-0.0600335515179899,-1.53795226051245,-0.429939515139036,0.759516791187703,-1.28241302141937,-0.728010360216391,16.95,0
153310.0,1.92189423696395,0.526429132213265,-2.0622534639886,1.39765298754372,0.826214845926799,-0.662205288395719,0.270631083515377,-0.0405378182775371,-0.0127806219641611,-0.52201541217506,1.59045213237029,0.312428514131943,-0.733047587749971,-1.55837227012661,-0.0507318391573104,0.8887199842848,1.08495235349859,0.969221056007188,-0.417615384925694,-0.1724663476107,-0.302343977319875,-0.89624401687986,0.290526343587665,0.421060769011163,-0.147239983296748,-0.971191894254592,0.0235553450855987,0.0071763536211499,20.89,0
79338.0,-0.543327411736683,-0.213691794038111,2.41313357649554,0.085146136405377,0.0873991671250351,1.59019262262491,-0.426249097883247,0.550690496269454,0.740056398851056,-0.569517128778122,0.309074456533855,0.180400762327686,-0.990716022821267,-0.469568203008114,1.19134556918895,-2.02237141602298,1.78263645848382,-2.30603397034695,-0.0746852200344841,0.0504097088732138,-0.0157674957057655,0.438894453204249,0.177716892342644,-0.578048006791644,-1.08073537898117,1.09666580506027,0.0058182772985443,-0.090145362695552,14.28,0
82836.0,-0.61006522201253,0.799612107268329,1.51867006318077,0.6882915558895,0.534801861420497,-0.126894667255543,0.912968502615004,-0.330611492334847,-0.246004066962328,0.788920441784542,1.65901454379775,0.130211186581359,-0.944592569898861,0.213408401474761,0.734206624363149,-0.631544978221023,-0.267485747970979,0.102194959447652,0.282291234350518,0.114826091843793,0.103888917912457,0.731915908138185,-0.214961142666898,0.224102557047712,-0.432021274787677,-0.395619478378515,-0.146168370503608,-0.222281140833638,24.12,0
22822.0,1.10070748572217,-0.103377721366093,0.369597279042867,0.458537557924408,-0.699411978427675,-1.304916546332,0.110454464197898,-0.380581927029752,1.41430528581997,-0.514396134731841,0.915758953819931,-2.43286477918053,1.29949162519138,1.84083463800541,0.281172307767066,0.0754078550531757,0.599476894631674,-0.249496247971709,-0.350409389666578,0.0385137898017418,-0.103295905672782,-0.25214218264708,-0.0601679877936983,0.732917344541749,0.276191172002561,0.971019408320796,-0.136904129557476,0.0118871637611139,97.56,0
67237.0,1.1860243816443,-0.240502601630789,0.02679567322146,0.211936583931416,-0.176505480017222,-0.0225542505751553,-0.0277069309015315,-0.0487239800587295,-1.62938424467029,0.871701192365095,1.27223251578053,1.15340265987802,1.11520606424266,0.40589718086481,0.111072919319534,-1.54457051935031,-0.238606205929562,0.715992084314594,-0.823941491940043,-0.389774893871442,-0.650458517808784,-1.52130021195448,0.143793752791121,-0.37864659507955,0.239423931332278,-0.719595604626455,0.0370009924411242,0.0240091878517338,62.79,0
86301.0,1.25819121955605,0.244219369677914,0.643078414011197,0.916786596040012,-0.236795892351893,-0.129403769849338,-0.228922500292329,-0.0493841480030423,0.254308797457588,-0.0712327083695948,-0.960633710730706,0.4953947630046,1.26526276004745,-0.13724466394536,1.24537760749473,0.688811004027634,-0.975654267788698,0.19820793599309,-0.185563024542602,-0.0355626713806743,-0.102082315183657,-0.222515041301021,-0.0574181226219746,-0.4608403662767,0.465495978769056,-0.462857618961096,0.0546532303836409,0.0307485400775349,4.99,0
155638.0,-0.518108248146578,-0.505045425105359,1.55277773179901,-2.57767089402237,-0.0116922301424574,1.67188492040933,-0.520366219304231,0.685638780069576,-0.657398293938134,-0.299900548708033,0.623741535212788,-0.253615711404914,-0.159071466283973,-0.518647440982338,-0.155980016876133,1.19135603298062,0.0729336681735481,-1.52432514991725,-0.822859446578974,0.0196732077264018,0.420269842316101,1.13886387940104,-0.0261393244810389,-1.641353137728,-0.589561254713914,-0.261641654765363,0.187082114244411,0.135332240869468,54.95,0
115956.0,0.651043349056947,-2.62724464634783,-1.66707300288116,0.399099831779057,-0.0746377545498959,2.02529162127562,0.0799284129316695,0.444986442473257,0.855408052837728,-0.321567686403245,0.715901654079303,0.997155755018168,-0.324631469279557,0.326527793783197,0.117725669769376,-0.272640716881266,0.105198207381264,-1.25302205225893,-0.451384623124459,1.0392226099917,0.034254716017238,-1.17967141549675,-0.0566787136471192,-0.94482595761334,-1.01317846312879,0.159363863912974,-0.126992472840838,0.0434181313376261,649.82,0
49463.0,-1.55777417244525,1.6093051082084,1.75016420685578,2.14610195327913,-0.235082206491905,0.202645684832583,-0.303502442308337,-2.33886998908567,-0.336913233106447,0.541165715671661,-1.01990250298212,-0.261897153608156,-1.06894724397027,-0.123112755217815,-1.07021071381131,-0.0615412551700919,0.202638888843295,-0.339365719366359,-0.584777397936243,-0.822609616899348,2.29277098138672,-0.609863972580867,0.296065219832249,0.655607814163037,0.164685195274598,0.0224854459525669,-0.0566365949764799,0.0599046925262537,0.76,0
73958.0,-1.19429021812427,0.183654467523337,1.61993777437921,1.41297125749018,-0.677490350473209,1.21832456746429,-0.777652047795455,0.789784454719885,0.651209455317752,-0.341570981456312,-1.73485051020771,0.0843326424337889,0.336058946395098,-0.466042357450998,0.712740100831408,-0.138464601456996,0.129638163118923,0.503253532217895,0.619888946184475,-0.176866035998832,0.339053001994039,1.22642012201653,0.167036759394327,-0.728001077507444,-0.648929244654752,-0.109385260048775,-0.0684921539009848,0.214971966271048,66.53,0
39738.0,-1.90792736088234,1.69034528989073,-0.703942160823672,-2.83728444366515,2.05381167771712,3.08208826576594,0.11188086045002,0.80804911019244,1.57821717349284,1.96926944854206,0.0431762878543658,-0.242466617865925,-0.0981244669787347,-0.735520304042668,0.858681099622888,0.698906024373678,-1.39369460739684,-0.0800457467457762,-0.594567911597258,1.1447783789225,-0.47718298738012,-0.650416522754971,-0.0340799956305327,1.00091873003823,0.209800941437454,0.687332680751216,0.294882150981273,-0.247513444737843,0.92,0
122401.0,1.08584158812346,-2.43636729945127,-2.07614409604527,-0.19459615010778,-0.855176309236703,-0.522267184616897,0.440511616794385,-0.403685707453907,-0.965937746586814,0.879696446155725,0.406767357200189,0.528348069271744,0.677446487494542,0.524848935899046,-0.143879315269225,-1.06939757712912,-0.633561287047173,1.79357197235867,-0.70653369253519,0.589384828193986,0.21597323910878,-0.101305772312625,-0.446118077663059,-0.424762057705079,-0.222193942030749,0.737148144528136,-0.174697430022615,0.0191759901970133,575.0,0
60865.0,1.15408479754658,-0.537477959866657,1.08287270991434,0.285806147906615,-1.33807238475398,-0.405268703294437,-0.697714866924086,0.117134394747372,1.3899002630609,-0.429185599818641,-1.00464218664074,-0.0825938938599188,-1.26096069791457,-0.301924625946151,-0.163082634773999,-0.0583817723956042,0.216608709316987,-0.481257795529061,0.464528527396812,-0.0976453681510714,-0.230441577664891,-0.529620801494036,0.0697099700620012,0.439904083490521,0.0836185811254191,0.943165832836109,-0.0473570594077609,0.016845375850278,37.73,0
97981.0,-0.0213241746938929,-0.173443384555005,0.52483270367623,-2.8144836714755,0.0759850736708658,-0.787523436065816,0.0606746764465488,-0.319455325286871,-1.49070071636273,0.586220710381653,1.37145499331785,-2.76694831047076,2.79434274152638,1.21923672618727,-1.99103707365882,-0.309740356183195,0.500563303230548,0.933602696713818,-0.591747722766669,-0.385345724470525,0.0582739452973435,0.825020953971488,-0.327490744213767,-0.358764223128795,-0.129702000882674,-0.0948179123740842,0.121436527174442,0.144098842947647,0.01,0
141881.0,2.07203733734953,-0.0847384963834257,-1.1352641430584,0.385990836843185,-0.109284703301921,-1.13936369428876,0.153642148365642,-0.302037142099555,0.614476845924197,0.085622030658939,-0.943859100823764,0.169160101827212,-0.325202070442824,0.349224741466253,0.096365264334429,-0.0426786081865219,-0.317973147238992,-0.770537283273272,0.204471691546891,-0.245849636008978,-0.303627779814303,-0.760353732740483,0.326798654468383,-0.121727531138271,-0.292809411517907,0.206455320374882,-0.0736751229502187,-0.0622923806806601,1.98,0
90865.0,2.00175181035231,-0.341992572175148,-0.3504438025877,0.557108917616719,-0.383448803443054,-0.127938162441636,-0.663336896309828,-0.169267339554514,2.43167056251217,-0.39955963457447,-0.471921590252967,-1.77994995243326,3.05279613506917,0.902003296786831,-0.464025764785806,0.425306975813859,-0.0650689548737681,0.412435100798464,-0.254287977376356,-0.0990629151434985,0.0462771351445173,0.632198850595167,0.022818068277648,-0.615287058901152,-0.131191376510279,0.6236434031225,-0.0430992313726407,-0.0552022393018198,29.9,0
141104.0,1.60634165629743,-1.44173600286428,0.624673951871494,0.741896194001506,-1.55267469859372,0.98671628652771,-1.44218312153822,0.427036474090229,2.2308246254243,-0.258830366566788,-0.223902596450041,1.76113398476457,0.646656230551503,-1.27026232587551,-2.24253588967435,0.120543132553926,-0.293709073138729,0.433295824847218,0.594948962930998,0.129564218721817,0.191904002946749,0.81957180251014,-0.0040372090724171,-0.215088136187822,-0.406196976235746,0.722885131385434,0.0168702923448279,-0.0242821898209253,146.21,0
155498.0,2.02666098026646,-0.524302257673736,-2.36831918938861,-0.801807897466288,2.17218614218322,3.44854550928684,-0.712397317779234,0.845664770534363,0.599095982087217,0.0785069473770085,-0.0537930941166835,0.331948865894576,-0.139879092623435,0.348723313609159,0.644204354969315,-0.047098157888767,-0.438208594700288,-0.613569420069467,-0.15199746068314,-0.122283041926684,-0.0286211993945205,-0.0477577500217857,0.243748391792134,0.744281598540563,-0.167843614934871,0.576028882409031,-0.0493616974992016,-0.0665045669998107,10.0,0
159850.0,0.675534342858408,1.95797554956252,-0.483514094842945,4.71451295443826,1.47615073338096,0.356262155185669,0.850809078877838,-0.0910987295776268,-2.00027841336472,1.08118393599626,1.36008912500926,-0.306979929285557,0.431964904687696,-2.63234416984221,-0.0372396947331728,0.800216418613052,1.86362566379784,1.27363452583809,1.12988542590668,0.408268621136648,-0.424293696755142,-0.817293638686212,0.06252680018574,-0.750687594104089,-0.723959090437196,0.0289263152966811,0.148966433557482,-0.153370370070569,2.27,0
78206.0,0.225324670385169,-1.90326201741823,0.652988679938244,0.441945193087874,-1.60106861951515,0.0473360561469629,-0.0975989539934677,0.0245185529686199,0.677310196677588,-0.467475160822461,1.16837975581625,1.50747974778566,0.714229292437808,-0.269139386419996,-0.41385275601057,0.392700309095267,-0.347543102703217,0.126438688825539,0.360611992980767,0.988638849427609,0.238639796992297,-0.24034979539397,-0.393306388269659,0.448119750783497,-0.0766589369978538,0.918570756739601,-0.126481669481999,0.0930700271623166,500.0,0
64615.0,1.0549759068454,-0.327895054488033,1.07893512524624,1.54652351357711,-0.623540358440849,1.07139995995058,-0.736894187682151,0.531555701464589,1.23023885483434,-0.206204300202961,0.0556273663414207,0.804637710912834,-1.72160544683567,-0.280850586205804,-2.22421644598956,-0.78804374027673,0.486734813438047,-0.576823872328894,0.596192306561875,-0.275394400516594,-0.400511207024085,-0.784139177968788,0.0464649524751577,-0.352427452423114,0.390076233675727,-0.501664787954712,0.0774614681014668,0.0123978686815967,12.55,0
130897.0,2.01023272164454,-0.843460327735921,-2.6519806033506,-1.49626903998411,2.07219164109473,3.3422926896293,-0.667819097810301,0.79219706725103,1.10734940871849,-0.303474009797319,-0.21308008595628,0.523548229133728,-0.276683531578778,0.206987393574555,0.053772580755854,-0.672866730307068,-0.0291005712331798,-0.744514352247118,0.394160139316934,-0.0652799573985598,0.0640787025658757,0.318528755361149,0.0839946014157786,0.810067366576766,0.0504338506113404,1.01895767727964,-0.0745591061192935,-0.0761316903615947,36.0,0
153047.0,-2.01660109794203,1.7552292050077,-1.09658501373708,-2.78092181095052,-0.0586576042329188,-0.841742176657331,-0.0245226349986685,1.36914022931524,0.0576838022997513,-1.05093563158574,-0.841099970446598,-0.0821184096220316,-1.78502703407133,1.49224626397261,-0.996671938505149,1.17741953073692,-0.817718010997409,0.300955696744528,-0.188185785970628,-0.25166866126954,-0.254239507561232,-1.06295695480786,-0.0690337613609875,-1.15205154902806,0.131400086113764,0.441188176952301,0.0445613656257185,0.0718207082082348,1.0,0
77255.0,-1.11470941681015,-0.038151315200639,1.03467826368308,-2.49092304076095,-0.78516893251677,-1.15769065002714,0.181272744791641,0.296790960066247,-0.755701095061928,-1.16279509502731,-0.236981675401194,0.431621186623773,0.278470247960467,0.477421144672939,1.032043501421,-2.15823475035156,0.341677795578255,0.909673449295049,-1.29974102960686,-0.466850609877391,-0.139881690566987,-0.197974709755369,0.0597674514725678,0.349398289523587,0.129919534741695,-0.837667011984086,0.0148989759718467,0.0116373943246991,70.0,0
60232.0,1.07455474366749,-0.340414036300494,1.21411494387084,0.714545882578829,-0.919398195174295,0.473273205408745,-0.835666263527079,0.392296201367314,0.766846401874903,-0.100714329269157,1.07329273493905,0.862584749204249,-0.721223274953045,-0.04763987114929,-0.175292028363622,0.0993300396367267,-0.108758697275872,-0.105943850855622,-0.107733033894538,-0.142723753875542,-0.0137200285691881,0.0974875847706394,0.0465141593772383,0.036137770343543,0.125146363517763,0.330478977895054,0.0233194892524566,0.0140047690405214,19.44,0
55794.0,-0.348677748136581,-0.986893218368937,2.20680374007533,0.859716398241747,-0.892310643900857,0.910733176802006,-0.35607937848305,-0.0686123610241761,-0.0019569800267778,1.24689832943842,-0.0276093438903827,0.0224937392864415,-0.456696460418031,-1.05081926746538,-1.07820134980018,-1.90137468414377,-0.0564435545561245,2.27065651189499,0.600950479560222,-0.39208001639385,-0.277445357478803,0.482313174174515,0.549437598295592,-0.0229397143260793,-1.29283358110158,-0.403053980686282,0.0103381436058559,-0.246161254533749,89.0,0
163905.0,2.14778488420883,-1.13537102174742,-0.711759076219638,-1.73963257262311,-0.889017140397406,0.0525387926989727,-1.17504815382156,0.15172819277354,0.261564202491499,0.575133803750699,0.446482865330924,0.522139806259942,0.088994467512295,0.0670855143258629,0.481130611563397,-0.892599440493195,-0.609030248860147,1.69194903724104,-0.103864899946418,-0.549079303756703,-0.510107518422092,-0.966872790832253,0.467564706844196,0.178464741551115,-0.730409642557386,0.325219497800528,-0.0205692187692173,-0.050065950547608,6.1,0
74124.0,0.376887891990579,-1.7543345202741,0.347592217662417,0.289036327182438,-1.08047682036525,0.588107655165572,-0.114681976065898,0.0771217840567033,0.787883580254901,-0.518461941934465,0.355808235566588,1.58313541422733,1.18904291789336,-0.522715889442298,-1.00640460017612,0.324198805012606,-0.454503446178341,0.0831671672674627,0.918559731188652,0.925115462048526,0.0426844075575055,-0.595543051080522,-0.435687823099084,-0.370806748476325,0.0909936154047095,0.926016140061057,-0.114679006684953,0.0746915939212599,448.74,0
71869.0,-0.253443841132365,1.06429365710145,0.692188176847449,-0.260712260112584,0.666032688142212,-0.16910612909563,0.705411707810073,0.0222445900620869,-0.278548184006026,-0.513081980615041,-1.49091969821297,-0.629997942507478,0.202216604031407,-0.480336629177575,1.01434600577903,0.800259764808838,-0.491872959399204,0.341196934934967,0.435312964743107,0.166530707060165,-0.352930769542936,-0.960519525806463,-0.16632545811274,-1.07359300972886,0.0240728878793057,0.158945540008131,0.239890645088177,0.0842794207652668,12.0,0
125003.0,2.04757557422903,-1.30653151291994,0.0597213124960804,-0.910440337652584,-1.46000093607119,0.090754382189441,-1.60574386443688,0.15275386683155,0.481446570710457,0.683055097233254,-0.825032626733108,-0.490302798134928,0.642763902042104,-0.81209559775848,1.01389711773577,1.78140136379117,-0.225831567550387,-0.649466968007817,0.065042116397845,0.119010177461607,0.462722731138778,1.2709586746119,0.190457945704249,0.638172841819524,-0.431505990616583,-0.133735449135971,0.0423909780070165,-0.017743495379049,54.0,0
84565.0,1.24558584328474,-0.508688463448177,0.862560107421836,-0.704809771163906,-1.40475635579571,-0.874773615698885,-0.722517889952764,0.0925443565675826,2.1561619938047,-1.01495906919228,-0.819579619524161,-0.435144246043625,-2.24878757879767,0.290472739394317,1.51485152356543,-0.337422829730677,-0.0204961902468691,0.460339875795976,0.572827834115551,-0.267092636255447,-0.0380716735219224,0.0324801328213992,-0.0097902825095506,0.343497170315259,0.426144654975105,-0.678857627940431,0.0792032095732208,0.0304999058242244,1.0,0
71356.0,-2.79411432327004,1.90902887518297,-0.0852122884656211,-1.74906819241295,1.80644825130092,-0.091289154721414,-2.72030259663938,-2.71200444081772,-0.0052570105691355,0.200144245663775,0.349020267623424,1.75101441420673,1.27607413073703,0.496788147403796,-0.220488573305167,0.772495295868543,-0.731885442646927,-0.395693552459203,-0.441748542586009,0.761156939277931,-0.767958033930328,-0.637176054882401,-2.36385700327362,-1.18863095002761,-0.708264556474797,0.640787125385714,0.142774592478499,-0.128052936747748,1.0,0
146205.0,-1.28003248380641,-2.55576133136576,0.86131570407307,-1.50646382730616,1.33029891811442,-1.5014778409079,-1.75901900755728,0.150576563980465,-2.31951980465443,1.45061303575121,0.312162727361491,-0.488254460317545,0.378635091919303,-0.11581687458095,-0.552078006469284,-0.917801293569991,0.591396954500881,0.723452451623331,1.2554294315295,0.328850472250811,0.134572624376919,0.260311144605658,0.257552571792072,-0.406198349392765,-0.421517002468935,-0.0294271930757153,0.124568026713982,0.201600656086152,10.0,0
80358.0,1.15022377024864,-0.510170787703113,0.0709097452736891,-0.251026494286323,-0.552821302207857,-0.35103588777793,-0.108043119809248,-0.0598570496265766,-1.49414064337825,0.829336655643693,1.51115598691553,0.83866058623499,0.36012967161205,0.520946632882743,0.195649367401946,-1.5158154551644,0.0101580157101421,0.503697978767007,-0.745634783428567,-0.359603616660253,-0.653927596125314,-1.63388347709582,0.209634588800344,-0.0390759891590963,-0.0166573727043823,0.0951028919548389,-0.0355286501140775,0.0169849570731794,86.05,0
49982.0,1.202751602075,0.217414608742614,0.62302619797484,0.551504152558858,-0.506489283028865,-0.780843551161065,-0.0243157239079096,-0.0817846482626077,-0.255674145457015,0.0975241143678869,1.69602988631454,1.22023431605542,0.372945226717837,0.412713340301418,0.296908597624218,0.431273204861118,-0.609643211830158,-0.135476788450268,0.0923119884210503,-0.077002343046058,-0.190140913764008,-0.579809261175742,0.146989573640163,0.535244772830207,0.166037757687631,0.0638478066203823,-0.0314769299142341,0.0113291626298992,1.98,0
69069.0,-0.949094690775841,1.07084089849385,0.935854416926177,1.1804241611429,0.388882461686362,1.66327298450806,0.176792765540714,0.963825468432327,-0.541602226824263,-0.522725622266201,0.0138672188794733,0.753633056678451,0.16390098247634,0.366657237243223,0.984546122457201,-2.07615381844351,1.7012628740907,-2.15695531914572,-0.484131969877741,0.0263041333076582,0.12574859722189,0.663187751745572,0.093263416387373,-0.940904091959796,-0.280172814412007,-0.124283232100659,0.347058080749365,0.134405847086685,51.73,0
38280.0,0.704049121325289,-1.88279219472869,0.443802270445728,-0.6549240133479,-1.51241608009761,0.257748028549964,-0.795070098653741,0.0957776498429873,-0.547944771493804,0.601131568862488,0.642250356967324,-0.242267381910996,0.336704686490364,-0.254527944624375,0.612971707037025,2.07859250668229,-0.517899810253101,-0.0172637569833746,0.715762677084601,0.834432053931833,0.512383619153058,0.585935149276017,-0.449897512132036,-0.456507829874685,0.240303119697944,-0.154104032961786,-0.0258914364267162,0.072695280138613,361.0,0
55679.0,-3.20391610466019,1.70159358956533,0.572544986529193,-0.638295308823881,-1.47424632107684,-0.756119249567901,-0.589738902283257,1.44221331474653,-0.0294213879242529,-0.849180513931348,-0.505016451851597,1.00220471789292,0.0454286740715328,0.554188426376909,-0.454096119441591,-0.104189544116814,0.876508043440959,-1.33791287007151,-0.617721219456531,-0.352461251463293,-0.140819666455293,-0.590828349464372,0.0863358422018217,0.650335216114106,0.202348858472481,0.695810223478063,-0.870377994854696,-0.293155368149881,18.32,0
47329.0,-3.71574080155695,-1.92555508620741,1.05005106128854,-2.60503360959805,-0.549065697330523,-0.665534918226681,-0.0183419738942618,-2.73643914026879,1.62105169499654,-1.84028772314152,1.66849375389047,1.67558840480326,0.522823693640552,0.0041347620876086,1.32329908797305,0.166602174483266,-0.711702095208635,0.836783560853297,0.855005158354531,-2.24380469819282,1.78638963952942,-0.179644557545129,0.389019283037699,0.428023134295719,0.861566201512317,-0.788971614649726,1.28895425754239,-0.455883826219101,371.43,0
157902.0,-0.117021325480892,0.438512439697097,0.33625718764148,-0.0538105876965149,0.632122863666363,-0.757626441193409,1.49883055414855,-0.604552453069684,-1.74778602208135,0.551229707525331,-1.21502999923672,-0.260624234451585,0.391720041016906,0.0402246504199353,-0.82560137560621,-2.56786644657313,0.102153392566023,0.851032810724188,-0.591164816821375,-0.32466052812295,-0.228643010483369,0.0674866065063492,-0.184743430515323,-0.0376716780976729,0.126002627109249,-0.488867924247838,-0.0015505696851462,-0.0570840012001833,62.95,0
16632.0,1.12570356037718,0.0603675958617529,0.693077146023305,1.41809668865855,-0.218835899034379,0.469390223489012,-0.461808728841199,0.268229585188853,1.77726902216276,-0.301402792197633,1.50843053385315,-2.40449231788482,-0.45979022760696,1.96894298029115,-1.13960993736561,-0.163536888353713,0.664841648719227,0.115144516223441,-0.139247219400309,-0.332281022973416,-0.385354171410959,-0.789925669557266,0.0553234173946984,-0.434479913376134,0.339989951309983,-0.528868501266441,0.0108244774392869,0.0009231629388438,8.62,0
121291.0,2.19681402672424,-0.560937754380919,-2.17978965825803,-1.10283816102197,0.241235293619691,-1.01871512143818,0.153899657556612,-0.394081531483469,-1.29467635971815,1.06996479069502,1.21749445721376,0.175670946723947,0.239871489801173,0.514341809063518,-0.712908077400801,0.576405520266371,0.134422671404582,-1.30821986413653,0.864666110330476,0.0320808446256519,0.415125604165071,1.11865045865499,-0.0538538009215762,0.776774503272509,0.422146003058512,0.0267165861542747,-0.0861261535136039,-0.0806621193242654,31.0,0
37818.0,-0.0349316979118551,-0.0545448402552509,-0.829169872180182,-2.85279294948503,2.20594387328403,2.94913685635667,-0.216910372162792,0.704746153696746,-1.26564666847025,0.343298094138427,-0.35716382143748,-0.993852770354468,0.0260661632768056,-0.0818600595264664,0.0080634512474391,1.46938207319324,-0.558479910968868,-0.850414217550093,0.229167382019338,0.0743166896142653,0.361861623087076,0.764848584796271,-0.0344743634378898,1.02383328072066,-0.71484083785395,-0.470858986348238,0.0746663759708751,0.228411915717821,11.95,0
134237.0,2.1956817348834,-0.521730816584253,-2.12619689694592,-0.963156260423414,0.218556896691759,-0.520397529942793,-0.339640225333487,-0.104704961072101,-0.694619968598004,0.459643639017842,0.904386263996672,-0.409252795910732,-0.477168063332408,-1.00242725610826,-0.713766085510803,1.33976085820688,0.988212246074556,-0.682430230739661,1.04649834778541,0.0055630413180169,-0.0231625478934379,-0.109058218122302,0.150120743717372,0.110857711801489,0.0051980596641574,-0.297305977014328,-0.0351398264348146,-0.0450048545208347,15.0,0
136691.0,2.06665651258878,-0.0101541130830673,-1.91528304594069,0.201561882260907,0.578019290104086,-0.314448143594166,-0.0294128221182774,0.0260604091631247,0.492233183897064,-0.164674063835582,0.444253713831628,-0.113662333769896,-1.4189474549019,-0.381866312648162,-0.297136778816987,0.723704230177411,0.131231640506119,0.527691398709266,0.535389284454808,-0.225779498107887,-0.362321476723178,-1.04254810537781,0.285918645591773,-0.0440355602921224,-0.273424817834396,0.189310672664379,-0.0767018190351455,-0.048866455582012,0.99,0
50714.0,-6.05032239270318,-5.13615698398757,-0.855933066722995,0.621060413538712,4.01934782186484,-3.15460601229165,-2.78502271820039,0.879404173143325,-0.0556304494864065,-0.364220643897827,-0.302570392843209,1.18743029618198,0.468476240754428,0.954733995954332,-0.793652122022804,0.859953091596404,-0.483884601917694,0.182678281387387,0.567430895180835,-0.416693689444567,-0.0600164572419567,-0.586030447295195,-2.42789766604505,-0.496808214289808,-0.474105361923313,0.921581909757544,1.03766741807524,-1.68123232853905,24.5,0
149050.0,-0.535352822940909,0.490608734684549,0.846457035856185,-0.510209870146851,-0.389734077800888,0.0192606132638288,-0.651210468082712,0.729993079402515,0.61827093191291,-1.49063002169853,-1.14002564013262,-0.318089356386411,0.040318842170587,-1.48823805636992,0.703853885993869,1.44892044478866,0.206467124968863,1.19280576819089,-0.747675625621033,-0.0743226532501966,0.253905163463252,0.582659275586742,0.0258688679319903,0.508607792616843,-0.610819406608317,0.556742900200652,-0.0454284252830509,0.0115610428354402,26.98,0
125915.0,-0.636191404310041,1.13549859400501,-0.538450159037084,-0.115296854930458,0.160223198932995,-1.10091257091542,1.35489905454791,-0.006198775390462,-0.73120918448849,-1.48670237281279,-0.472742894785298,0.443186296123538,1.25850204761719,-0.692740142595252,0.554956604790212,0.0647424785143529,0.575114372172146,0.663838017938075,-0.100490993867902,0.193664050619395,0.443272851126643,1.09636866971514,0.0189098847773779,0.0072930091044415,-0.0595250498769403,-0.115053604324987,0.0282959344193928,0.159457047245046,141.55,0
2938.0,-0.883514117336014,0.242184735670279,1.13591698755051,-2.000111195543,0.33344555094199,-1.47028250731519,0.945836170333413,-0.317523754426967,0.715882146657417,-0.840092241754969,1.4853251794534,0.7763759471381,-0.703284426492468,0.320908561888457,0.245636186667774,-0.420927905874499,-0.742706438525393,0.525903894368404,0.153005551514359,-0.0616207217813835,0.110537979630467,0.707562269336826,0.0944924752138263,0.52248146337896,0.083429445052134,-0.865391196910548,0.150123525105838,-0.0673520486582385,1.0,0
47714.0,-0.522422418169982,0.616200835392739,2.53983654148109,0.670272914235438,-0.42024597068831,0.099195601734554,0.0213593533985566,0.25767712465089,-0.111902620566264,-0.505784315627629,1.08575951678008,1.41784821150623,0.767568927147916,-0.435820360945543,-0.851416295360287,0.0630434286387873,-0.455911128070892,0.428193186753125,0.16014808562403,0.0129833924256975,0.100198362351778,0.439654138889568,-0.132721251009962,0.552137653404955,-0.0706236542626469,-0.483012222255141,0.123515707873036,0.0737321335779368,9.45,0
64297.0,0.225359388430438,-1.06425199064689,0.0225442811971996,2.66083209297466,-0.292687258701779,0.39452035667052,0.700660640852646,-0.182268859434008,-0.788825919253258,0.371841034776176,-1.16274635233398,0.363124203778126,1.71358397437374,-0.0348059826849579,0.680865827447813,1.21771174738033,-1.14350894449542,-0.058288507550317,-0.798671068353406,1.04487662273457,0.0566215033517103,-1.03637665746093,-0.447843686768892,-0.604587967386167,0.165798037037649,-0.256851077720689,-0.0858699161855832,0.117764042411288,529.42,0
169913.0,-0.96292270051777,1.13414035432987,1.78336441712452,-0.374980750198486,-0.336029206553017,-0.306901879013324,0.222699727332861,0.433594173707568,-0.234897271921183,-1.2895810468388,-0.849537010001683,0.688807588273498,0.98338155683473,0.0274490678430534,0.583182875034499,-0.0279449108553917,-0.183968617196506,-0.139475455840649,0.358750831214351,-0.0673548461446741,-0.11715872836851,-0.370088004084917,-0.203213890413589,-0.0231078956867729,0.34471553490402,-0.414118017288449,-0.0408040873264249,0.0150348846501648,9.99,0
132830.0,2.05151555591617,0.282591272320918,-1.72252866331263,0.546852097556928,0.236295288991744,-1.52927235671238,0.334913562198488,-0.440983970267134,0.472287108554595,-0.537221869661742,-0.182183482164446,0.447029415784325,0.741397769068253,-0.980984864721559,0.82548081891978,0.198196474485432,0.436941822591374,0.45033210039956,-0.457248341347065,-0.150425691595453,0.200682511940051,0.788005777055088,-0.0322247818317002,-0.0055675919117062,0.276656065752162,-0.106752216353731,0.0033366950423053,-0.026692554305654,5.99,0
161035.0,2.08407220513373,0.135290590971917,-1.77411134482439,0.383833928744869,0.470808927777152,-0.796728975664243,0.168424894540411,-0.214213548405929,0.538182163900206,-0.371859720667507,-0.74542149861401,-0.0228743656366196,-0.129924606494739,-0.809435427264234,0.241093779422742,0.372523950477623,0.429364181264538,-0.229297966697361,0.112992072378903,-0.163213455682621,-0.37688765560011,-0.992094338405313,0.322329321733578,0.372892608624213,-0.245094027296604,0.181991625984994,-0.0645270116310905,-0.0323517580567795,2.69,0
50429.0,-4.19435250101224,-0.0505437268336298,-2.63582323506805,0.52526372435399,2.13998631999979,3.19403436543289,-2.39936990809519,-0.625607131239666,-0.895550310659152,-0.606066644758602,-0.710123635564132,0.542317522457241,0.190916056689984,1.57712955567138,1.28728343467309,0.845577968804801,-0.166857888297546,0.592272736193986,0.899856894627265,-1.44022485104533,-1.63064053548536,0.818401320505478,1.8282379376029,1.02248255074641,0.453126330118521,-0.257696845972113,-0.271998857308164,-0.92845384933637,19.99,0
47965.0,-0.605180767441737,0.990861386636966,0.825643427037577,0.70327480998554,0.701804923381163,-0.346153474504232,0.865576538888292,-0.188318168131957,-0.592106925735553,0.0533894788046965,-1.0319933515661,0.285700356011831,1.46354627572153,-0.030562519346668,0.967473290718783,-0.146756484132588,-0.581172463046644,0.220954677482173,0.718946144322966,0.240144545890157,0.0821983080787665,0.43911762619508,-0.142814464113268,-0.407302877913335,-0.0155043088504644,-0.278112000658038,0.298533523826382,0.237226274271187,36.0,0
154082.0,2.05480925999345,0.138546021232072,-1.73511115445709,0.399944165684584,0.489961763218263,-0.752158628887132,0.196394167386544,-0.222114106895093,0.460448543180281,-0.397255662128077,-0.533187883753106,0.270417662341261,0.30603815278676,-0.887036004289087,0.232596560930342,0.266149717752556,0.494121732010585,-0.403217972842768,0.0002767908594029,-0.128507790214642,-0.355171432315058,-0.91774729467713,0.328773807952663,0.429242941159656,-0.2599828872584,0.178986782935007,-0.0596348574348104,-0.029710007310363,9.99,0
90504.0,-0.659133527803721,1.01289272169177,1.33417735787053,-0.194660701922412,0.0981199323915215,0.243671729778132,-0.116433647224475,0.0908303430383414,1.93910140665609,-1.26748277209666,-0.148669951596867,-3.53867033804127,0.768252039455956,-0.174287421592928,0.282736073102308,0.952085011046274,1.09534040845899,1.3635104647419,-0.177866740816351,-0.113715126609808,-0.0961726845346847,-0.152307256827692,-0.127706962234469,0.302936062796782,-0.593701864166308,0.358036031202769,-0.290707947089393,0.166050048425237,12.57,0
152898.0,2.05453498526299,-0.0450639502756718,-1.06215127501941,0.406918471503692,-0.0966738617899165,-1.12520592162821,0.181031367358081,-0.31872918191789,0.51419846356983,0.0600254325083885,-0.661525061393209,0.549398046188344,0.230827468810015,0.246982828755989,0.068588358719459,-0.171863090353988,-0.241463121013438,-0.979622138462285,0.0732413495156151,-0.220765673296516,-0.281727328488155,-0.661209708112976,0.345334500086871,-0.0085703109420727,-0.307483249475403,0.200543224998063,-0.0663475618787894,-0.0602176875045317,1.29,0
146015.0,0.268675207259507,0.364227730108693,1.12103180100702,-0.361531074234627,0.075308528831038,-0.739580168884212,-0.605508439640449,-0.870455654368571,0.694222720733227,-0.702378638644479,-0.811983978799887,0.782354370735785,0.556614218727011,-0.0565040037764077,0.256013265784316,0.244804758208248,-0.627417053463313,-0.304138688510035,-0.495951967456605,-0.33820506326108,0.591527368179471,-0.759767680120885,-0.707969925912503,0.0561645850602033,0.167514198146537,-0.60171493074155,0.273332353045105,0.295706024320421,0.12,0
67190.0,-0.298640784970442,1.10653606969135,0.903863267049003,-0.160717439636139,0.59333013827221,-0.4464840685024,0.692433415714261,-0.0376366279856922,-0.406285516266986,-0.520466434438286,-0.986780827076966,-0.107999567275483,0.828836465794099,-0.593300752261283,0.906882852528835,0.638448343606574,-0.373871918691506,0.111772428816765,0.27146417784898,0.186574208882571,-0.318978917205277,-0.825883791579843,-0.137622078228576,-0.622376474754641,-0.0118990452714519,0.130269152223594,0.247070119230864,0.0903224045636874,1.29,0
157269.0,-5.90329044523728,5.20129051217591,-5.42017912657018,-1.24161873739556,-2.64063180486224,-2.23344701089573,-2.09587395891969,4.01649570608558,-0.224933955691053,0.67259643348508,-0.528924256117034,1.78683818928393,-0.724515991225872,3.53828598660863,-1.00361089214325,0.561006175966701,1.02547737235585,0.406747166054446,-0.216675535082237,-0.0145058317417512,0.413652139965,0.643333935264349,0.405876281819889,0.0629224520577773,0.357259690905945,0.12422231233504,0.0954455260296841,0.168449723283804,7.7,0
150860.0,0.145544882629502,1.1491658891154,0.374005442681408,2.3679827521759,1.83877446348264,1.21133139874936,1.0314643056036,0.0119308042780817,-1.59334517358841,1.16702943782,-0.725465262156479,-0.423602669968324,-0.0233726915338225,-0.0366623754056202,-1.83906013623254,1.18553865373584,-1.63460572793376,0.791968051328196,-1.12731173317136,-0.097992076391782,0.289190985103348,0.971478387749933,-0.40789412816718,-0.34440616064007,0.070867492699144,0.153777267714082,-0.135213513457591,-0.193764745902428,10.62,0
145375.0,2.05331121352785,0.089734647817631,-1.68183566862495,0.454211960233033,0.298310371498215,-0.953526086363083,0.152002545314135,-0.207071379659966,0.587335266422761,-0.362047348389396,-0.589598040395407,-0.174712053081765,-0.621127061421005,-0.703512783983304,0.271956610213985,0.318688063430157,0.549365128729473,-0.257785857944933,0.0162561279842771,-0.187420788431655,-0.361158036599845,-0.984261949244254,0.354198094344309,0.6207093385008,-0.29713787612848,0.166735634335132,-0.0682990099344722,-0.0295847028396107,8.99,0
115043.0,-0.0492050356575765,0.723601733690081,0.215095405294808,-0.56443740219205,0.377262025274014,-1.0445604388975,1.1420924411379,-0.226257596493301,-0.0872799465256429,-0.45091948833308,-0.944080155765283,0.22913985064771,0.254234903273146,0.0700125040762686,-0.419052212910096,-0.0780015689600892,-0.446340837544932,-0.738013370512378,-0.0722358512696781,0.0801123379963649,-0.233942272705728,-0.569738287146019,0.165796709105699,-0.0302216003613335,-0.454431137496577,0.140035497840526,0.232494121841064,0.101154316675483,44.99,0
72110.0,1.30604930430539,-0.428959485012548,-0.63313387262746,-1.44807400627258,-0.286327432286577,-1.05216836971444,0.203943015036536,-0.278325351965633,1.46535782132936,-1.09309090621188,-1.21503474140699,0.0122516174078036,-0.822227129933815,0.401579188605701,0.902255601557925,-0.804827028732718,-0.0236557634245396,-0.0582349682823879,1.34399491149017,-0.0376255718561334,-0.0781996600332417,-0.116456390538033,-0.303536386235556,-0.400407275796561,0.889634934418472,0.127495757040696,-0.0275093941548681,-6.69519374654455e-05,52.0,0
49447.0,-1.21195062561495,0.384299922872654,2.19136518959088,-0.188117751992758,0.43334565654036,-1.54365206367898,0.594852834544651,-0.146821113031248,-0.702360443614654,-0.817185203464283,0.0894921744517683,0.580393787899777,0.804097080473358,-0.0203201919686735,0.3196097739251,0.171601476787918,-0.445546606858985,-0.492327798958281,-0.870324070315391,0.155951529250939,0.0908288393031408,0.0137222384891253,-0.0969374381625759,0.952673085172765,0.394216203226968,0.190087875558289,-0.0356883268040166,0.0772082810370982,23.49,0
50759.0,-0.733556213130798,1.15671931675307,0.849375057743657,0.07847783555462,-0.314490025103028,-0.614929580832269,0.138153095836025,0.620242833997129,-0.225162037769073,-0.716580194505331,-0.524471799138918,-1.04084943599105,-2.10770776806422,0.366886822897237,1.35580740066002,0.319255765271915,0.584678748190684,-0.269294974795959,-0.440262509756507,-0.161215718510175,-0.216761688619511,-0.771956542372526,0.109532489898001,-0.040817164341976,-0.28386285059346,0.111454648486031,0.120195079088092,0.0274394994252136,8.99,0
47351.0,0.508426031991048,-0.98626466135353,0.897672261864453,1.2821692306445,-0.76126300278058,1.07976160451785,-0.419411288475276,0.385089367119624,0.402776644728894,-0.19903654807083,1.54476069579736,1.50200162404414,0.527259605837904,-0.0434599390120509,0.404888970758956,-0.140974418175769,-0.114526163222255,-0.208913881952471,-0.95791809570456,0.407608034133321,0.405280444874206,0.781920975940656,-0.292313245389974,-0.241307509780042,0.250809116744179,-0.247280904763578,0.0500251441549852,0.0678582491982764,281.06,0
161595.0,-1.58260214016318,-6.21382525401905,-5.03586716910904,1.65287571776572,-0.905912596848312,-0.613226651489987,3.53001399641093,-1.07986239098569,-0.108320948874904,-0.65017002963781,-1.85562234532466,-0.732025747849119,-0.78199568393547,1.43259328645705,0.199541476672966,-0.177079037311401,-0.321724626952948,0.12028784817634,-0.136075308072732,3.73535047997738,1.36954495027567,-0.389713218732204,-2.02235366746263,-0.813355161981696,-0.0044473637719936,0.874063037746563,-0.527485313781352,0.232989653370474,1975.6,0
84551.0,1.24523219096562,-0.543627268704526,0.852532603692584,-0.700123353578716,-1.44779719843986,-0.886247931789191,-0.755238035323767,0.119943254427881,2.2291859764153,-1.00079417225972,-0.901825413108301,-0.691637675801017,-2.73106452066611,0.38645183132959,1.56776557215372,-0.314800198161538,0.0070632322828662,0.519509461482455,0.5760839698474,-0.297992368547043,-0.0436166886909293,-0.0070172467438581,-0.0040015346994172,0.330292845574757,0.409826553317819,-0.677241483697891,0.0760504475603466,0.0294641301230891,1.0,0
135582.0,2.03751457626464,-0.999849372851026,-3.01921779007118,-0.935690779338455,0.435259183656122,-1.30431567455961,0.704036383056991,-0.694841662538539,-0.981557906514248,0.868942890801205,-1.66589625991711,-1.09023475625639,-0.0492046051733899,0.446773568297172,-0.428971427994353,0.38727456360742,0.191704878588111,-1.37513165987642,1.08660178356125,0.298473549496308,0.512048315600212,1.17962675622033,-0.50750339052315,-0.895057515869403,0.835271093896346,0.344672370963513,-0.130224241546245,-0.0738598353441035,184.0,0
42224.0,-0.67490985057453,0.140680985758833,2.26194379547884,1.83639585807652,-0.916501390125634,0.887564108576608,0.507863941549248,0.301919498601573,0.489674426030501,-0.719907264512264,-0.947148547114984,0.5769316964733,-0.496148361481197,-0.68591621416401,-1.39481648983793,-1.69320470693917,1.26135708339704,-1.07290822891848,1.14030192709458,0.283440343965336,-0.191007110178587,-0.336377239269131,0.389421504897225,0.378927633406206,-0.377772085811655,-0.461847090809951,0.18426091337674,0.169406598507391,158.8,0
40316.0,-0.754087320532651,0.220425383581178,2.27807289406529,1.46091438543486,-0.121749523819072,0.824833611467822,-0.48056668904481,0.50364482915729,0.324191168013948,-0.0997937643804719,0.561215940531437,0.54808108321398,-1.02894459495114,-0.237160593045514,-0.831103171527028,-0.940217906835492,0.512071130165195,0.31349439892941,1.01150154280059,-0.0297399785389029,0.271328041399958,1.03417125653258,-0.197873817746029,0.0621444219081428,-0.229359708089603,-0.0705921596156243,0.0610217232717809,0.205449131448675,0.0,0
80610.0,1.28166606040722,0.386333315380208,0.167324045903004,0.60353401743609,-0.144852266301532,-0.853577454587453,0.11877593146257,-0.213876591339608,-0.030876686870275,-0.299301883101042,-0.288596172375195,0.425386334499287,0.870045382124837,-0.424680386701335,1.05650513997365,0.556155114350833,-0.169185947234843,-0.253138136484228,-0.0668753459015003,-0.0314767453493337,-0.304446845728362,-0.848645951387594,0.0777588892918294,0.0009907324102445,0.283673245485855,0.114743550659584,-0.0197818829949682,0.0284583307689869,1.98,0
141936.0,-0.39912787663415,1.18927346674298,-0.290633581040854,1.58895992924729,3.56177170435908,4.35117624311973,0.522169255449785,1.04135341838279,-1.93151118850981,0.665120045340148,-0.767089183098524,-0.686723393399706,-0.405500955732095,0.343193841806547,-0.893060735262438,0.613434239264674,-0.908001016638311,-0.321107944154222,-1.80336251494106,-0.146690912844722,0.228180684296076,0.534069457066358,-0.25823303452392,0.68968933597128,-0.0279206669002351,0.0637999256515645,0.13590551706746,0.155207121820989,3.35,0
72211.0,-0.783211782530842,1.88636586571686,1.4345493197068,2.93787122365396,-0.082149607791922,-0.675020373671767,0.894349090664619,0.131387174225797,-2.38554135080055,0.346721066101646,0.0178690238051699,0.382101565268843,1.15868502754592,0.646441668541136,0.791579516356246,-0.505354918006525,0.482964908339131,-0.393542854771129,0.747580147043992,0.149953573292898,0.154970333214324,0.322432551867424,-0.198369359805248,0.963121494150981,0.430751565707333,0.31777779509665,-0.0788710646170976,0.0225361476472282,32.54,0
131084.0,-1.71352436322114,-1.45447351075183,-2.08592280337919,1.17623785385352,-1.00892861487258,0.349107161965011,5.26609609735138,-0.825447908465189,-1.65935257620865,-1.09702705016163,-0.65283103357183,-0.0692823314386435,0.45578805411869,0.859472071513689,-0.487865888663638,-1.04927635221239,-0.0941120741863188,-0.0916874691222334,-0.371266188182628,2.06719551934605,1.05722264364719,1.42286738555205,1.93743396414558,1.04208613619586,0.637724921291432,-0.322986669261485,-0.178539428561948,0.270745853243792,991.0,0
152861.0,1.95664561550372,-0.618710524130591,-1.74177840780313,-0.674674594002338,1.81118963906907,3.7808719063673,-1.09352158751542,1.02565488526463,1.12000757979906,-0.150312140323484,-0.0409615342699344,0.554087337629224,-0.0447772512232526,0.158793048486948,1.06961961666894,0.119824424722247,-0.629619218648567,-0.317988000546139,-0.202681842099401,-0.133022502385765,-0.177639581139635,-0.493098599030086,0.405410909986117,0.657612885692083,-0.393349258052059,-0.602246314365993,0.0531392415961341,-0.0359162808452842,14.49,0
165816.0,-1.39784149165689,1.67436037540164,-0.572288882100334,-0.73942618640784,-0.20426322023221,-1.28965031055719,0.537399830281575,0.284687820131621,0.813070786884452,0.748656376144184,-1.17292509608011,-0.317729023696389,-1.15157963216036,0.350704417141486,-0.229666372810921,-0.00128593400772,-0.214138403187622,-0.63636896266725,-0.192634061997842,0.221077712744441,-0.35393422763775,-0.764807634179775,0.230696938027346,-0.0098682925782758,-0.298399881184743,0.152670906732459,0.406855515858749,0.298908567761367,9.45,0
43816.0,-0.623970922025683,1.24268788317129,0.791702131225854,0.681011888930892,0.232024617118765,0.212151105948853,0.382867856709444,0.515472488177936,-1.19099299772162,-0.355520847077641,1.07673862712189,1.0814831059121,0.774125564437254,0.721234267670309,0.466778419441145,-0.23580508898149,-0.154555467893029,0.218673149956661,0.472634543919785,-0.0422047727658967,0.275860821731176,0.725817119424976,-0.105153569274873,-0.273474148038373,-0.261179158321109,-0.303093980992111,0.0597704840405404,0.0878910722766139,25.0,0
4005.0,-2.09737653265914,0.444679185726334,2.02402627204528,0.470391101241497,-0.518547360285096,-0.977920646497107,-0.0914661890783704,0.31207020864757,1.05480024961217,-0.808965028166236,0.656471662010203,-2.45827704027046,1.63029361920775,1.6415304638277,0.474467083819723,0.464310561687637,0.510633428623,0.277399590358118,-0.387364016780563,-0.0877835365082956,-0.175661907041696,-0.309777804668361,0.36813201994605,0.642500904000202,0.188930192642836,0.195815550909452,-0.16940443805478,0.218876248314145,49.99,0
170804.0,-1.06573150310682,1.21874231602284,0.565268768963657,-1.08479383419946,1.13636843162062,-0.737516130372643,1.2977186890714,-0.112067836972449,-0.374574839973047,-1.23725107095369,-0.742862861537159,-0.361144440058195,-0.247114740619459,-1.02995545449174,-0.347503773076153,0.471819117621978,0.269319407596728,-0.226084796813489,-0.527576045377957,0.0267964937790063,-0.404898212445424,-1.14977874913881,-0.317648532604997,0.564159849887806,0.653463455834667,0.215185266116654,0.0832777696145719,0.113616305963392,29.99,0
30546.0,-0.560856833634154,-0.381242066416196,2.37081797915383,-1.47732187368707,-0.463596823884739,0.699734319335587,-0.310196859158144,0.232275441824149,-1.18591707733161,0.36642772850431,1.72202008381053,-0.31416286993463,-0.0973199786909488,-0.446167970683907,0.78025044854193,0.882028295161515,0.314670990572348,-1.06156086768705,0.0024306068654041,0.307774378372736,0.552960094528151,1.59251500328299,-0.162180947495446,-0.257751408556268,-0.14558884904485,-0.0575576843747149,-0.0395200514259685,-0.126758011579602,54.0,0
93342.0,1.98270719552177,-0.908027658107635,-0.95145882701652,-0.369296475629211,-1.02563113007335,-0.748757246497717,-1.15668106935926,0.0128941864863601,1.38468343522996,-0.0909880618723383,2.0886619409889,-3.60898017923957,-0.317176308399596,-0.0478561884510097,-0.837107912790337,1.84873203748947,2.0633972302133,0.458499578805715,0.180518942885322,-0.037169892239696,0.159675177371983,0.558387987363048,0.0998804366754172,-0.194247083508998,-0.317414848763833,-0.144758654456809,-0.0212156858484568,-0.0229980415127557,69.99,0
73683.0,1.22237824877079,-0.0230307274469363,-1.21771879154946,0.0920567397239314,2.16159443615578,3.39563433494552,-0.403186858792011,0.790496409890641,-0.151022584853012,0.109654522564798,-0.190247062216993,0.0012902881042208,0.0088261664388423,0.474755704619913,1.12797480775546,0.480007397013238,-0.972073015509726,0.381337999543376,-0.113538425169437,0.0536687090746033,0.0381476848196365,-0.0693529800073669,-0.175535578266297,1.00936253034932,0.820771976381806,-0.269121958022398,0.0140959869069542,0.0213310762747764,39.0,0
388.0,0.199489410064961,0.705635828898778,1.39811484954494,1.21964719031253,0.14919613936696,-0.698932329542865,-0.551005698396897,-0.872024284341419,-0.370323732309091,-0.0321756360747781,0.506833953655501,0.949598320402089,0.689685776855467,0.394380415758838,1.41282878812276,-0.521319210332145,0.241034971608002,-0.989513273669933,-0.326511551542897,-0.203632496756978,0.64089036744288,-0.701341254902044,-0.757939044847434,0.639510058497563,0.14769593348835,-0.544985958374293,0.274527786395042,0.280554739870268,9.99,0
108332.0,1.45167626785857,-0.855728851891583,-2.40847469919878,0.612835966519707,0.441058301183631,-0.908269281362955,0.960027702064373,-0.476496579688256,1.28809096868182,-0.26314509737484,1.82536845176027,-2.13681117660255,0.451445470357902,2.74201365183571,-0.895590664415839,-0.389027275558653,0.248140726656544,0.520295008223859,-0.0154284120079504,0.333376129202753,0.245398489271228,0.236405183867199,-0.293800782116404,0.730003895501563,0.316571093368444,-0.223595309176277,-0.164514402972292,-0.0279736618555675,331.2,0
145826.0,1.89592621357919,-0.434154123400172,-0.588269422691526,0.174704312758283,-0.188772393535588,0.240138647504385,-0.504788718721654,0.117891709190391,0.901519617868208,-0.0450552984460409,0.676374455792379,1.49871558765463,0.941448684294597,-0.0339084162277236,-0.0640009484129834,0.492190256129591,-1.0009981568784,0.365044529905484,0.348751626023977,-0.0330731594447754,-0.123503075318401,-0.332397115884954,0.30167934029176,0.329797229237435,-0.37675938568372,-0.659855467804382,0.0232855612027643,-0.0283493289868464,49.99,0
94093.0,-1.86145493397848,-0.335182804089233,2.33105730203641,-0.684917256786869,-1.02526433902866,0.187507337977488,-0.683417516715014,0.368658438393456,0.929311046795594,-0.191166550911178,0.150707820343705,-2.12068321363503,3.17284322452294,0.617272027411391,0.160481299050288,-1.27007588452061,0.514680590902102,2.20369450339553,-1.12592276920873,0.0166655085741771,-0.300434606430814,0.0900508169041397,-0.107361376413768,1.09361299008268,0.391424844239381,-0.168690268048369,0.209112595464029,-0.10055236154257,110.0,0
145576.0,-4.63130862153755,-4.33942423995809,-0.645025638791666,-0.668984719468835,-1.9471289063391,-0.709231447999533,-1.34935564325956,1.00769728724329,-1.5188336622502,0.130213930602409,-1.79233048917396,-0.0406753669725303,1.28154096685886,-0.331922277078028,-1.03608205878452,-0.218292373645738,1.26830161862682,-0.0511500058924617,0.594001093780806,-1.34888059206792,-0.44125943231193,-0.183719710670821,0.998790220288059,0.0738717346070777,-0.796402671235146,-0.353018221440737,0.687910140324608,-1.55737930569791,147.44,0
73201.0,1.26832561412328,0.383920142661177,0.16519366927059,0.606550340877256,-0.127171087596901,-0.844498035493093,0.146775293318222,-0.231352577084633,-0.0734303578434834,-0.310661115103687,-0.241498142746937,0.57224274157613,1.14688199525583,-0.477938546026554,1.02715039496601,0.544152477028983,-0.184726362537122,-0.28551306855593,-0.0709749204623709,0.0004558310469113,-0.297030690433325,-0.829775814541996,0.0682724228951229,0.0088957613000442,0.2904239749125,0.11307240713052,-0.0193048228233047,0.030270767925761,8.99,0
165962.0,1.78396853034716,-0.369150307729861,-3.54925588921535,0.227845710595256,3.02216145825016,3.03198392311247,0.434790216480075,0.514028912207388,-0.371379428748192,0.337601312958292,-0.0055109292896831,0.152412140709502,-0.295155546143881,1.08493102653532,0.566167180141516,-0.539804262146057,-0.491710736663578,-0.501827793345568,-0.556624239078742,0.0839812139327293,0.258544505304101,0.422818694706973,-0.151683827870383,0.719716721047149,0.547171069024004,-0.410173702539731,-0.0459704302442896,-0.0480172693025045,150.0,0
120542.0,1.64023973458437,-1.46640795606277,0.443667687718403,0.462376891327172,-0.867742856681941,2.55159599942252,-1.87579460913672,0.966662879543041,2.46323958326482,-0.316928701562515,-0.110839634921798,1.15815486100142,-0.756267106256969,-0.945279471417676,-1.31158565704857,-0.604235356996302,0.496136207569967,-0.651928850448388,-0.321961405226842,-0.192094156978953,0.192053036035656,1.02435057644426,0.122106371760636,-1.55240648460394,-0.599421638574228,0.847042875216963,0.0708519702267137,-0.0538292981352273,73.55,0
19691.0,0.804404976304382,-0.509176578559222,1.34038168810627,2.11588220875397,-0.983005966052286,0.491922837680788,-0.491201984283399,0.188220521758469,2.60298505444118,-0.828960094851901,0.0158218721578925,-1.77889729884878,0.64904277653974,0.878896102413648,-2.37264365161625,-1.22107086453409,1.66849736917141,-1.074974477676,-0.188983366839345,-0.0382351677950886,-0.472598281185654,-0.971932592636146,0.0285808134220504,0.334544714866483,0.287439435927787,-0.580276106066729,0.0355516854472032,0.047146112881678,142.62,0
34949.0,-0.406415062945049,1.30893914440315,1.77807053522608,1.9314167594912,0.969260557530142,0.30248933398805,0.98876360825188,-0.221458939692794,-1.40883019277672,0.539991946534349,-1.43232216323672,-0.859757854764558,0.365633355448929,-0.0614166160620797,0.787915855251161,0.422035655979529,-0.78919045518869,0.383182124146544,0.197817411816384,0.153042073689613,0.0627636035446472,0.3324392445378,-0.576745294824421,-0.587814253821196,0.584841583084926,0.312279056312407,-0.120174885341087,-0.159795838927912,1.74,0
57087.0,1.19452616115718,0.192036772311383,0.145578461715674,0.457403736385974,-0.0365861757760289,-0.109235577460921,-0.155980452611336,0.148194904146607,-0.0883011527867796,-0.133759131647286,1.42471048685655,0.478890475087891,-0.613573195719198,0.0752009722975066,0.756278051010888,0.515388503010191,-0.0518650620929763,-0.0484852999231331,-0.137765542937612,-0.143376723238479,-0.239540243934023,-0.728001658975723,0.116105963921872,-0.370120151681045,0.130532802202441,0.129780550468097,-0.0158493078050221,0.0120432699512758,0.89,0
66166.0,-0.349844835293223,0.789187511019485,-0.0310732479907238,-1.21463580402884,2.45550348047823,3.36827738472137,0.118489998123219,0.936790344223184,-0.521408793131064,-0.249405808267194,-0.179983156655211,-0.245117249011059,-0.0547367911952758,0.290322235418524,1.04039127910983,0.52690422908994,-0.891184884203028,0.0971591244533268,0.387297516638333,0.212998193828568,-0.283445981123357,-0.903176034252118,-0.0624997817340836,0.983538607210835,-0.0367227313834761,0.086464531375859,0.268219765277045,0.113918614698791,0.89,0
40422.0,0.920277824470251,-0.228008614303225,0.086087984805841,0.361152471104895,0.418750184877315,1.30570474433075,-0.201710345860515,0.478753897184559,-0.258658551991718,-0.0745359123316108,2.31694420940143,1.19839026843601,-0.166552456305517,0.678774771382458,1.34029096312858,-0.926408410852084,0.604258893903989,-1.75787257539548,-1.48104901362713,-0.108742141039109,0.207726683208562,0.603135051194033,-0.0046666019900476,-0.978216726203859,0.157847872621149,0.502387934780895,0.0136472234908336,-0.0046941013512452,67.56,0
83704.0,-0.661791118753749,-0.0319198499139389,1.33934443909987,-2.27703825472963,0.786633239261019,0.379492910591928,-0.0071453154948512,0.209391363125562,-1.70709279597104,-0.0372442107464313,0.480490301172954,0.178400395455767,1.44884081646257,-0.399382334706294,-0.37405194859725,1.67004582897279,-0.605044234384967,-1.15650309841818,0.391250216739587,0.225451897207465,0.0127832897783463,-0.198294990117796,-0.192055935312838,-1.34866545924042,0.0749370848136817,-0.550121576178255,0.0725579038610793,0.0801702795663609,9.99,0
58453.0,-2.35167412602197,1.110533935009,0.567488474144323,0.14819905464077,0.0225282633584532,-0.361836305225125,0.247623510202449,0.525240481296623,-0.0151709685178537,-0.0763541549653603,0.185264705425291,0.654288339392203,-0.716458071658897,0.331987860908959,-1.50737805648383,0.0934321558549448,-0.440136998377351,0.23934749575911,-0.006778608220152,-0.581622199033985,-0.0265928320272904,0.0955469383863065,-0.137226465866489,-0.0136438252100244,0.206685736147555,-0.6582865082067,-1.38968780428588,-0.743334125068246,1.18,0
119134.0,-0.529433049587552,1.25296643718378,-2.17541207303925,-1.35161594050039,2.96471300810032,3.10170840733423,0.0940162519725886,1.23376577789274,-0.365990666641976,-0.979525205496625,0.086265424251605,-0.203729493126063,-0.258041255387734,-0.412076717981063,1.08584858493427,0.0442511580047277,0.617829123287449,0.68538765540841,-0.257665031579446,-0.0108970805100126,0.334308604846551,0.928875015491745,-0.149617956547184,0.628627286793489,-0.372929210068987,-0.132502420221973,0.236254581817318,0.235384492469878,1.1,0
82088.0,-3.03605055233365,1.77757128637214,-0.749545160438468,-1.37431527775401,-1.2204515595265,-0.455424649229488,-0.58791471950818,1.87915382739024,-0.413217481412773,-0.572413531026988,0.537402754525627,0.926296924131838,-0.555748290004183,1.50092899955733,-0.10543552412544,0.934385869369964,0.0076203668646848,-0.252815199047756,-0.604266468561085,-0.179710764303204,-0.0930780814854015,-0.519749673925921,-0.0373787956179825,-0.275632274920966,-0.202385729527214,0.710220235375134,0.19396659166093,-0.0497168133023688,79.0,0
121255.0,0.326474990124915,0.426513928568253,-0.542141212534047,1.33905517147207,0.374699239322677,-0.624326854219776,0.822005671636949,-1.12569317470018,-0.260978286778758,-0.035635445698966,-1.28149626003121,-0.649862921279052,-1.70973880142275,0.996557878935758,-0.009636694091416,-0.974931135048328,0.286370500606507,-0.28053296872785,0.526233842770514,-0.0887606598454624,0.880692150156363,-0.0773898904528045,-0.41630321210287,-0.0973909391892877,0.926577817848838,-0.278229274256628,0.189290942594994,0.275504531286792,135.52,0
147376.0,-0.399130887685714,0.520006147331264,-1.46725302300663,-2.58956736873254,0.979541684845171,-0.852621883870785,0.75061347249289,0.179179457911879,-1.93586397356151,0.210077827799946,0.0554220377794102,-0.3459213952889,0.0233499648872223,0.697339006236412,-1.58422721455551,1.13919348228658,-0.328835606070201,-0.833486382065293,0.42244694585536,0.0687928207330105,0.509145321853627,1.25960541871231,-0.233832288528629,0.143157973651441,-0.118071483029934,-0.167823559737648,0.249592606961659,0.167287144908861,24.9,0
35469.0,0.131264291497095,-2.52883942628018,-0.513724529090895,0.0008860780270677,-1.61151625578384,-0.640552711726614,0.479098235210537,-0.296199695011575,-1.06905810165325,0.51360151656478,1.06348400635501,0.476049184422508,-0.367686688771642,0.4729373614523,-0.623425706365923,-1.55326602096929,0.185232264709939,1.21549934633396,-0.448087858201673,0.754107387481836,-0.0084736409195481,-0.910945646468865,-0.54097584630182,0.613555547519801,0.127917386421405,0.995977701446194,-0.194710453669733,0.0985216518391829,636.72,0
112379.0,-0.324514853438733,-0.380738145808464,-0.647873731442012,-0.843124436664026,1.97086200529358,-1.62753240509353,0.374547694002087,-0.173932659395015,0.396870574789829,-0.651922206757032,-1.12614670771494,0.260878072680413,0.165890897896074,0.403124573391122,-0.0952356408720669,-0.153269672373782,-0.935351256775303,0.147816912435716,-1.0941508804469,-0.0646106781258304,0.599828605077524,1.56594151310467,0.275909368683563,0.689837405203935,-1.44129793409524,-0.897600799112662,0.338846514221536,0.380761963943615,1.0,0
115774.0,-0.330474799387541,1.21819892161274,0.703697670762947,1.10825343780331,-0.23840707926606,-0.277028022812047,0.183917925485548,0.205859034363659,-0.485977299334117,-0.328891672905663,-0.738230042481827,1.02518558761743,1.74308024008891,0.20658796508677,1.22048993799805,-1.17537697049435,0.667533048447199,-0.332563527174526,3.03071174392175,0.182018651077046,-0.294724985643403,-0.757775633050938,0.175745201641831,-0.107294457130125,-0.92232299183311,-0.454564847524523,0.0078664512137914,0.133177921216298,12.99,0
69419.0,1.17649222909903,0.113565089380033,-0.0416296709083749,1.17721653707971,0.351386067693378,0.417427347744935,0.116476967414601,0.0171399002168075,0.291643161529847,-0.150104486454478,-1.36373488543991,0.425585031447332,0.477456199792279,-0.0725851636564915,-0.0632844147008414,-0.445475192729756,-0.125885240003274,-0.695772086080333,-0.0009639046924343,-0.0675584510450982,-0.144443357892957,-0.223108807231022,-0.218678812179579,-0.900220653405228,0.800717432430218,-0.255090225680172,0.0355288279185369,0.0121097236589493,39.19,0
170906.0,-0.336385076395183,1.0596660684701,-0.140581935924455,-0.574547925027857,0.246859137776986,-1.01644370304036,0.64726509183041,0.240939970118996,-0.246118656948856,-0.65339476099747,-1.11473684078377,0.423468848459169,0.388830061172952,0.370187702762011,-0.412916253530836,0.0031831683246266,-0.256578195495339,-0.780429144893079,-0.105502853141681,-0.10463321725672,-0.211684507078923,-0.568837683761927,0.121004737552368,-0.169945490056674,-0.447793876542874,0.153918836227768,0.125780081651969,0.0256958279068574,8.99,0
59.0,0.921024018835922,-0.16244686110781,-0.0943313673869069,0.474083926327042,-0.0214859605972665,-0.397506306685279,0.482642978539503,-0.117495974844976,-0.577836031422653,-0.0186071371400667,1.83757918303173,1.45067106438787,0.679743972842061,0.593718449923865,0.249734697673045,-0.0843672205235,-0.25970727981991,-0.894995460456715,-0.0103739416854655,0.214510447897743,-0.209381106373359,-0.930107296377023,0.0285099107931845,0.0326820091099104,0.155130495109473,0.133250470013276,-0.0735342308160852,0.0223491449446096,149.9,0
27069.0,1.25764608907034,0.32119105477851,0.296787399664248,0.69764873638398,-0.415503236849917,-1.08556999821785,0.0517421057308675,-0.175284052121928,0.108118467305854,-0.267601108178974,-0.15102435724463,-0.0302977088425515,-0.273113585310542,-0.188421955649947,1.14855227774624,0.501754752137461,0.0232760798190074,-0.238233779341769,-0.194823427082999,-0.114547433252732,-0.293871423539731,-0.870266228519634,0.136152708185929,0.331666190388258,0.199522015662848,0.0961700947297093,-0.026164364477003,0.0295974022508769,0.89,0
17658.0,1.21395704977688,-0.325275130347593,0.926789330621747,-0.701026075417518,-0.915943339111703,-0.229016592920073,-0.778940436271096,0.0316710559182424,2.84791265293747,-1.28596386405858,1.93850892007573,-1.01686682275482,1.96967880769864,1.35734664725292,-0.170815492270662,-0.212341292153014,0.186453877990982,1.18355115079485,0.676478253390101,-0.103075978336399,0.0261032728924046,0.565831099288813,-0.184855668462956,0.0027368044382778,0.624848260709385,-0.569162633027896,0.06466282773523,0.0153653428055035,10.0,0
36354.0,1.14756845817666,-1.54068508346319,0.0194052589762152,-1.18859826070308,-1.40046685074546,-0.339064943135906,-0.708399784714742,-0.0418121707346824,-2.00664649530807,1.46530615512857,1.27283255872549,-0.283958235209834,-0.466433346269404,0.0472807265878929,-0.758809529061473,-1.08639644957153,1.0216117632196,-0.23095114256136,-0.135844083680394,-0.126341880565744,-0.0361117087918668,0.049732987149884,-0.163722230379098,0.222364330218841,0.471328306577122,-0.0773418570441,-0.0026880159668559,0.0216450311028304,159.9,0
83038.0,1.23318050982526,0.529029518540519,-0.617659699559543,0.834547785205231,0.199817749315001,-1.0146222787772,0.258716571473252,-0.117446821494971,-0.0052488857043834,-0.724612129949799,0.229060037833595,-0.639415847063246,-1.20233414244697,-1.05103666702974,1.34010687039807,0.309449723795907,1.37790902333855,-0.0489380172493063,-0.717373935995305,-0.172124772594211,-0.138853507483969,-0.360922837434124,-0.0406826506752088,-0.0677368765300299,0.460850520509309,0.402253151186772,-0.021352215357195,0.037118248329413,0.76,0
55374.0,-0.740047338185195,0.714047733530977,1.79128775016867,-0.509922666889525,0.308956579448429,-0.749685690867316,0.652215901948654,0.0479864969721655,-0.759615586536754,-0.571041867940009,1.19346565790993,0.62854148748795,-0.144665577680622,0.360139799015852,-0.243079554117673,0.635831173499791,-0.879018636807117,0.0960984988104895,-0.29841781620663,-0.0426624239153182,-0.103864420314141,-0.49988300124685,-0.0423009561687383,0.305425270845259,-0.192673253709804,-0.0653664510853223,0.025679154554328,0.0984127717369743,8.99,0
3483.0,-1.54600414906117,1.53819331949569,0.696953002796596,0.460540557769412,0.575192814965108,1.31651359639711,0.462809317867639,0.257569027360052,0.242737245640069,0.878747052378846,0.371696365854783,-0.241270673653362,-0.957571041723794,0.287116858297382,2.28053690100635,-1.65416523240911,1.00463664230965,-1.80281126301212,-1.15270556096819,-0.0868188355665279,0.293997062975229,0.888694729089786,0.0306585679495277,-0.979060417662866,-0.567457140864911,-0.269909445296755,-0.351072620734006,0.267608816708366,27.0,0
23359.0,1.0164106125406,-0.229563075883965,1.0151588157037,1.68664690363746,-0.63438911596925,0.618041293539145,-0.682228294286765,0.35249967486239,2.21525497264629,-0.409121544479657,1.42811489618449,-2.28483982713012,-0.784072233789939,1.6703885367586,-1.9035413805615,-0.547594218875464,1.04242764909699,0.148882588171753,-0.163865546387232,-0.303826315138158,-0.189504582169335,-0.137043450368575,-0.0739239183375868,-0.0639710095942401,0.47753479981337,-0.310282486352352,0.0226305667138943,0.0069911679808332,39.9,0
121234.0,1.49522105748678,-2.07399913947744,-1.29756310456879,-0.899868758564341,-0.735665057070135,0.324750698034832,-0.463162952792323,-0.161319717704911,-0.170559398408617,0.510385177857862,-1.36417626036763,0.0154423479905431,2.16655896203046,-0.725459383372518,0.556394471617345,1.75272589929477,-0.509244372701484,-1.06065522312682,0.760253710168889,0.93445956307166,0.220877059257188,-0.216148818233938,-0.096146472397259,-0.277312354805435,-0.430599717061088,-0.452257916122204,-0.0544808333444241,0.028745001052637,400.0,0
74606.0,1.19036050750747,0.36504830543276,0.428691791098185,0.713402312564455,-0.281071508563219,-0.772557554451333,0.0638428319950038,-0.126044481826917,-0.0999509858507257,-0.347994802903009,0.566087503811295,0.801296179448487,0.851800532276251,-0.37944033207576,1.24500328123099,0.0582106556406047,0.351283625563494,-0.940484328229317,-0.684272201574784,-0.0776448978889972,-0.230382030158903,-0.598136612862191,0.190504332507541,0.379296571668733,0.123530910223751,0.101551266012377,-0.0016060646304446,0.0322554607615313,1.98,0
167704.0,-0.158096310724885,0.824588882551771,0.255970277705001,-0.572225626566478,0.468771155640814,-1.16904238113191,0.981072949718577,-0.25105502675507,0.0087874281585743,-0.29911646281216,-0.885095080177419,0.221213852012549,0.162398099511954,0.0479984552099605,-0.406171952352136,-0.112570520258181,-0.421849575515824,-0.774116420270296,-0.0799404220498493,-0.0441069260904521,-0.242319873631453,-0.556696512191258,0.131895691357538,0.0418511585776238,-0.482327145543319,0.126384513467637,0.114468326436627,0.101078742467979,5.48,0
89878.0,-2.92088248412364,2.33135583879924,-1.13136063502027,-1.10885499560718,1.33315429925573,1.19664834214568,-0.863428509807314,-7.94636137476203,1.51600916446994,1.71340108282217,1.10663191302158,0.651714594597458,-0.333160813836086,-1.68716054655486,-0.775967725700128,0.307653479347967,0.129790334808009,0.254495546008782,0.0448730331796398,-1.48524709952843,6.13208899702992,-2.96693048313319,1.31540072238542,-0.006252563119941,-0.146415499065301,0.0901633363943672,0.0851276405767234,-0.771779885564343,9.05,0
64841.0,-3.75929585068109,3.29578999954877,0.424933412124896,-0.509604258828654,-1.04619181369383,-1.17255922834155,0.481982845175164,-0.430777551523347,1.69851025667789,3.15938342980859,0.27839123366734,0.184000943946865,-0.0318846529924778,-0.727447245839329,1.00604875263338,-0.27804234802006,-0.319193698734075,-0.726248065053275,-0.30066153078136,0.544578938646491,-0.102633117944106,-0.56962262631958,0.198361243681103,0.860251262582048,-0.232520010091708,-0.230984298347915,-2.17894493824214,-0.353650573655544,8.99,0
139132.0,-3.73213763929463,2.54786585004588,-1.47349461556346,-0.694503572589704,-1.27462726400236,0.517829019868401,-0.127819621386959,1.63048764117609,1.20402680161507,0.958559432494265,-0.655424085365318,0.885225823187968,-1.06529429259256,0.360742595195332,-2.50382125074152,-0.170732906551916,0.308077535882309,-0.217763579870455,0.813821073975206,0.0544326710110726,-0.554080685653066,-0.805855381748768,-0.20976371354228,0.353516915582816,0.229956695476764,0.0214334488065376,-0.22620020551379,-0.536259011321952,139.91,0
82480.0,1.16377958498687,0.279734081095174,0.407233951824097,0.85490125181101,0.0570126471142726,0.107598235834808,-0.0425815422094335,0.10671273399984,-0.271159695888825,0.0895719053912246,1.39241843648253,1.20050623682234,0.493011641743707,0.445489532945916,0.561214460098749,0.207472272016166,-0.602282441518612,-0.243049511288349,-0.237191454956811,-0.115588433941655,-0.166084666507374,-0.464402342672946,0.0725221475959629,-0.332238917593464,0.326141041711179,-0.600146647697392,0.0396885990675045,0.0142173041528444,4.99,0
51337.0,-1.84055136993182,1.07437246143357,0.348224640236522,-0.486998280769617,1.32437372465831,0.709237377480782,0.88140178814614,0.421399358012963,-1.0619065404258,-0.577921698149839,-0.0939508340549417,0.721597214447083,0.880709425758345,0.522290963865408,-0.169988462599769,0.663400900795247,-1.0919673319622,-0.0629874634284923,0.0480159631043123,-0.482848472818266,-0.377256401070359,-1.11248040301274,-0.0641434215370421,-1.74468818156747,0.633589949884764,-0.72317022617456,-0.339581861683249,-0.112257635792996,54.0,0
146603.0,-1.14920062191252,1.04347260034828,-0.353193719834417,-0.9045173237059,0.479635280835114,-0.767479625619145,0.738458278080648,0.0566893275897934,0.722122971128344,1.05808803074999,0.305301847712013,0.0449632081674703,-1.29422376047257,0.249596434756965,-0.83772243185229,0.223019688822891,-0.774866306197343,-0.0369313784550766,0.266906122633825,0.281125789987337,-0.423064702991084,-0.718435104468782,0.14058424918388,-0.457842540633623,-0.272306096718876,0.175692475096351,0.676213883474456,0.411564815908132,20.68,0
166283.0,1.88259024973037,-0.148763151508495,-1.8418503243032,1.25035858690309,0.484393872325578,-0.606431510073717,0.525140326524133,-0.183124829596823,0.178422131023252,0.438232584324462,0.126211362630215,0.122162797403224,-1.69854666226813,1.00684007809439,-1.02430555155013,-0.350572952250477,-0.438548836467266,0.154505438283898,0.204373729552777,-0.232336524363269,0.0997840456732196,0.260388821178538,-0.105801140014111,-0.496295127405619,0.407977218719793,-0.484580848105683,-0.0410975356782511,-0.0675860947476109,76.0,0
72023.0,1.47248433689309,-1.12892355666491,0.375673403658805,-1.35379960031937,-1.52396415916414,-0.59647672726716,-1.10774338662871,-0.009477860712718,-1.57773408826431,1.44881972652568,-0.562263739545941,-1.74825590732579,-1.3172123801367,0.0785093664353665,1.01651027500933,-0.609404095096323,0.889820392966276,-0.270090502622983,-0.591308749116247,-0.47238740488885,-0.206608127537008,-0.25710119542194,0.0850690024577802,0.0145903851973253,0.253496501097028,-0.171213354512576,0.0343959127405103,0.0140603681387999,15.0,0
49349.0,-0.733691280226736,1.32134244024121,-0.80431923987808,-0.356037959889479,3.02847183885758,3.27880603840544,0.704403347673022,0.446839841188231,-0.433389723207149,0.9856430214719,-0.150534198902203,-0.433065759781283,-0.162533286292718,0.25921868414886,1.01205999483667,-0.367802219909526,-0.717447657401395,0.266249400961229,0.820837441287444,0.380464575554589,-0.0035908329714874,0.107898678597745,-0.257547972968334,1.00460541159226,0.108638034686439,-0.316218464359125,-0.0764410467643914,0.0632982752639258,3.5,0
67159.0,-1.94566118345194,-1.45418216435871,-0.300166449366814,-2.87521620267273,-0.0669039543004985,-1.82843813127384,0.0961531850916117,0.164776873879892,0.133602498899872,-0.816961344301179,-1.61081811301681,-0.288933095121765,-0.724219675917196,0.38095227940792,-0.147547352572846,-1.92909578168203,0.0604808243032151,1.31416914862076,-0.439129224221871,-0.658069009035502,-0.330324917596366,-0.251440313371462,0.755020147452491,-0.1375546047643,-0.021147549631904,-0.164443749263033,0.279751521689977,0.0498866514831837,94.5,0
108614.0,-0.512526714213875,0.882037845334017,2.41290791958751,-0.122242308652251,0.220595133147016,-0.23235916945611,0.624517095208466,-0.315399272753077,1.34425245447665,-1.18502423177162,0.497045803819539,-2.00239785330483,2.75872448459727,1.03752472370682,0.527245983211759,-0.383963434541711,0.290575792253197,0.300022302349794,0.459934792089188,0.144259045339666,-0.285761424267035,-0.321127474670483,-0.290027833617547,-0.0876403397843395,0.290520042455961,-0.728752241503772,-0.0725038620783142,-0.143292042770692,11.27,0
117118.0,2.04907318764891,-1.06898346440558,-0.689745621593524,-0.792138559181224,-0.833273074159878,-0.318335593179959,-0.761897065191091,-0.105661212644144,0.0296049845038527,0.586591394812965,-0.853422366627241,0.0789313920338556,0.914011798489013,-0.679140035513303,-0.490952479697424,0.949345095235763,0.272474679614253,-1.8682328962295,0.943408214126342,0.163304649100764,-0.177424945160703,-0.577813846678794,0.380824166594225,0.650048340247097,-0.443590352402613,-0.611024024992881,-0.00336548944745,-0.0241676134101797,75.92,0
143235.0,-0.535590862725454,0.406281534923273,0.522333478581862,-1.17671258847849,0.699860517315372,-1.19800851019418,0.924348282410742,-0.0742456761902452,-0.433733182218322,-0.57548386693596,0.533689367238001,-0.33633464509232,-1.78252483364362,0.835741877571315,-0.663004086626082,0.453984614644646,-0.888198212265444,0.482079098183696,-0.626502658486669,-0.193371920398327,0.367936360466729,0.86042209578523,-0.240587817939929,0.10228912633027,-0.153074294820137,0.624448165791781,0.0234562094132998,0.133989468328929,20.0,0
9412.0,-1.19296150660306,0.574249963136975,2.04904122490492,-0.144709036508326,0.212415401192924,0.30583112233035,-0.0082346343919454,0.350392248653628,1.77888046757748,-0.709000444796309,1.67631962713478,-1.36763752730873,1.34999683094766,0.927597461539424,-2.70081064784489,-0.494599845991039,0.756976037517708,-0.244344136097995,-0.481517984531094,0.0651131788904764,-0.199020957928564,0.125862223779617,-0.0887860760893102,0.0085371513424766,0.022963532726673,0.354982313759821,0.409797458466305,0.248201690275401,0.01,0
40647.0,-0.474605305382615,1.08751780243327,1.80827148500984,0.0943957641932369,-0.220030078134934,-1.20577617145814,0.750526068121182,-0.146963906893382,-0.560798345146772,-0.334953902785254,0.225333296943893,0.592103907248015,0.809759583768019,0.0023779425668642,0.714853056465486,0.0013134649435332,-0.248577945635486,-0.632073097892733,-0.192496385254266,0.144560623972259,-0.180071775983522,-0.427401359322485,0.0400336217519685,0.922378971612568,-0.234177116190411,0.0352955837705808,0.270449534984936,0.128976853840343,2.69,0
69510.0,1.04987705786529,-0.0440822074351266,1.03769245792612,0.921526336037219,-0.429641491722005,0.711063656522172,-0.667483127203044,0.432870923564946,0.218633992622089,0.0400975124319757,1.68707044231072,0.910455514423777,-0.314160092682072,0.365830075721977,1.20820456022626,0.180338716434166,-0.320223439912785,-0.184486857936068,-1.00070959700381,-0.185665216719756,0.124740581486025,0.394980166558275,0.0748753453711311,-0.305788204864683,0.141395370719422,-0.406512845328018,0.0821599962808053,0.0219767084587138,10.68,0
2893.0,1.01537608180658,-0.859322837029729,0.175691561002855,-1.30342406900645,-0.675608917898104,0.156803066149036,-0.421449165379287,0.26622976383717,1.63052649068497,-1.12976313659162,1.44418120204157,1.24316477963252,-1.19466622240021,0.33139810054713,0.231963148023184,-1.4249485529447,0.704977283351444,-0.685663017077328,0.670369844814117,-0.0653609151720898,0.0525380271974558,0.309546818450771,-0.126757618393625,-0.2335258301345,0.444933610144139,0.0950931435879403,0.026713472910764,0.0050027197837622,81.75,0
70754.0,-0.221434053379652,1.0972877132939,1.23968457604197,-0.103454472235744,0.50927442109253,-0.600091645341346,1.01595488754226,-0.327856412257638,-0.392341209547014,-0.34169664231885,-0.401702153214357,0.272740312007173,1.35659145684556,-0.901999818796755,0.835458238127635,0.403299953301693,-0.357993678109769,-0.13077269951297,0.104960861535222,0.297168090462163,-0.331999556789074,-0.666463221068371,-0.112896118408068,-0.173121622691758,-0.0721324874252082,0.0725256350189972,0.0858841951465796,-0.127065387748287,12.98,0
164633.0,2.07590820667483,-0.100916242584468,-1.46483835291546,0.0604839944727022,0.468598180606871,-0.285088463303051,0.120775881837924,-0.166538714166021,0.239307390889915,0.218215456225127,0.171282719115037,1.18259175174844,0.895455082776809,0.266219419443906,-0.665620042092784,0.355117616139675,-0.951285205709786,-0.130244037806981,0.812332204519379,-0.116442364165196,-0.291173330928256,-0.718428790650448,0.185680669512707,-1.01646220382096,-0.170531304863338,0.238358909775333,-0.0726242367286537,-0.0774466030102536,9.99,0
49722.0,1.23775453546086,0.250179523057994,0.176629481123618,0.506045801213942,-0.211590424806804,-0.576450384193472,-0.0690508397362338,0.0019226116030898,-0.104942709404717,-0.0935841573108818,1.22666559668463,0.465255040437117,-0.459486050764422,0.0201512506255816,0.489589181808239,0.80145038039534,-0.337799026658386,0.38385912713719,0.219588225629099,-0.103023533689862,-0.265600841846058,-0.831337510481776,0.0850122293256311,-0.0549934336238996,0.20786554488843,0.0996137885378944,-0.0314540685242368,0.0157461921932871,0.89,0
136404.0,1.97398055494176,0.172996175377945,-3.65487681862654,0.47559579720798,3.22398772856247,3.06578826501243,0.115630965403126,0.658639538144152,-0.0169083439489545,-0.338487450492442,0.193537323217703,0.0418523269718245,-0.484178882146278,-0.779205426152532,0.0078763698777912,-0.268292787087516,0.89007346541817,-0.0326150410191019,-0.506640020460245,-0.13087791803895,-0.02797457329185,-0.0079184448317539,-0.0109004223719842,0.579722056480956,0.504343316311982,-0.473229079931795,0.0157568152512066,-0.0315208449255911,28.65,0
53850.0,-0.338416366948395,0.655617987439196,1.04048587530837,-0.880729979178103,0.117759761452948,-1.35730246592921,1.02461139885233,-0.194633473396363,-0.396335682311211,-0.727397282788944,-0.530035797052237,-0.44943692489142,-0.950140824470543,0.443842475402662,0.317347189115553,0.331147797238897,-0.405155537376421,-0.809729519973494,-0.271607620763479,-0.101053619076943,-0.354045798495815,-1.24679821647628,0.167407356524254,0.363297549045011,-0.389648517635502,0.454541687675666,-0.0940135767846146,0.0209419712946825,29.98,0
133126.0,2.03966229495738,-0.112307703001566,-1.21020126930322,0.198006934204466,0.148542123333447,-0.573903419036181,0.0640260732944685,-0.141440825884166,0.294154859931499,0.231854362015269,0.666450528128658,1.06318470477556,0.134800198364697,0.435805514456178,-0.593781250249357,0.144721274795253,-0.632609404652032,-0.344112413248378,0.513681386037736,-0.201960802134662,-0.257192308708549,-0.628867802569281,0.284548132190077,-0.463659452654008,-0.287097444849551,0.208094714288889,-0.07121967352816,-0.0746158849555807,1.29,0
82869.0,-1.55023859258431,-0.25227986267101,0.972182660822474,-0.0303073430891114,0.71046469798751,0.930134449615448,1.56711216680699,0.213584232153048,-0.989730100759418,-0.829018999409456,0.160063960658008,0.135600551599907,-0.0401027592732844,0.437839440150379,0.0452115527308114,0.636704079400315,-1.09497735905609,0.379351211809059,-0.408630035334074,0.677955457168921,0.0845452338678635,-0.525390239665486,0.396513030948418,-1.35632970903886,0.677923420359589,-0.527363487971645,-0.0766210955529472,0.0723867779752971,311.1,0
137461.0,2.01363349889272,-0.384118095731019,-0.572647147434894,0.305058555677103,-0.420701711337576,-0.286649453108227,-0.520134551320683,0.0183133212905718,1.43229726249988,-0.151658172694076,-1.5055269267497,-0.0559288279055403,-0.491085119612947,0.0690717354332446,0.827474662982088,0.370840471538738,-0.699534706634314,0.0309829681626178,0.119104957553199,-0.245845602148205,-0.225113948025996,-0.530014011494891,0.296738289392365,-0.77800925135022,-0.375974166597572,-0.573924582281706,0.0318441192640852,-0.0388835050802646,12.49,0
68153.0,1.26696789175351,-0.169714230634479,0.541171378050181,0.177247652259834,-0.623129543798294,-0.395490989386289,-0.296077402649352,-0.0252249009801518,0.776599234013329,-0.304945110577631,-1.10199343402667,0.160355073508314,-0.207680942539915,-0.178250471142835,0.0665265317281254,0.128189007304811,-0.137875770347182,-0.673479483217316,0.629440368010866,-0.0721807131744346,-0.430762547136351,-1.12237927520154,0.107416172819192,-0.112127806012591,0.131757054509633,0.760524878824046,-0.0605713103529484,0.0067415155783449,12.75,0
35358.0,-3.15015610064192,-3.49795010596188,1.28996204860027,1.46855269999748,0.0971485196386863,-0.423428451578474,-1.30510873954875,0.847824047702749,-1.11325495198264,0.15941112288966,-0.0930864234753803,0.813258659518121,0.412271118236461,0.0420613755852493,-1.06834602161551,-1.55918180998033,0.293681610830733,2.13067232306474,0.317632318822227,0.972450709118386,0.0847993344924328,-0.716952171949648,0.660729122731776,-0.0554527281296298,-0.439365455991797,-0.467337022909379,0.0751168511382013,-0.34219625961746,290.89,0
67414.0,-1.51506204789857,-1.41325683253125,3.34156604906377,-1.21386574314005,-0.255960152083012,0.291201451029577,-1.36974445121963,0.412983984823539,0.157706668135944,0.0556996504074845,0.729104451151273,0.090052313291966,-0.823975619549625,-1.41448301180374,-2.2616457291803,0.483345213489841,0.708366330633594,-1.25350974445291,0.391464250851503,0.074919602432201,0.24851012979186,0.996117829896823,-0.348299901564323,0.291346269259782,0.323910309064961,-0.166740948965417,-0.199700375517318,-0.0566694839174723,1.0,0
118830.0,1.95474692367101,-0.354010418949532,-0.400202901003678,0.197057497477046,-0.460113907264418,-0.101593788699948,-0.641431590397967,0.162557197146519,0.989471605280897,0.0498785555317122,0.916730452357387,0.883482055173975,-0.373201814382855,0.311562909065719,0.375535817951685,0.577194874271355,-0.898935615518833,0.497005856171123,0.0941106837508836,-0.210019218889856,-0.0851284107375184,-0.229595242384087,0.401078232203195,0.704963207588709,-0.475726735818764,-0.661150335012608,0.022078730858339,-0.0336009454051885,6.51,0
162558.0,2.15083351227258,-1.84407263823693,0.0491672958938464,-1.73846420462656,-1.73397381895361,0.75194579995584,-2.1687375972787,0.315119382863317,-0.741532297656802,1.61523359783905,0.31457119201821,0.0603292914904483,1.25812184739822,-0.97465396883728,-0.16053654506225,0.429342316484273,-0.259717254981734,1.19193452844176,-0.194075489081547,-0.266823985179502,0.111963556481512,0.785511240127328,0.214919825647526,0.228082058948177,-0.489120736539204,-0.115323253766716,0.0734195373095037,-0.0276622244714135,44.0,0
166884.0,-1.27588489312602,1.1164510900376,1.06158060704393,-1.46528858385789,0.677731144404574,-1.05416672164012,1.16710698633308,-0.0125377700928086,-0.429137077208427,-1.18169842039941,-1.06321554239642,0.119360808845664,-0.0515336853348168,0.155288427705662,-0.865465074058608,0.287809264537697,-0.645589018697231,-0.925285031437821,-1.06048034539971,-0.269431951463285,-0.282794771830982,-0.895067937461404,-0.365521593009657,-0.088312782117437,0.625496845974156,0.106096464983682,-0.488684694764876,-0.281151240055409,1.98,0
90686.0,1.62581950894451,0.162335448475358,0.677132356351902,4.32176616361841,-0.779473894908703,-0.354772096234273,-0.370460111964101,-0.0404084030839289,0.873985815872946,0.979031480681303,0.405956899792819,-2.73684707279245,0.844938429465361,1.54459411339289,-1.11940559050977,1.07001586746084,0.141148809801971,-0.266109135272481,-2.14995030883,-0.209236742173086,-0.242512929814943,-0.697379877162699,0.486492418884846,0.7618832047321,-0.770501336073392,-0.484438840820438,-0.0385859713285701,-0.0072521613838674,100.0,0
95578.0,-1.30039581438672,1.63708250613914,0.71378159437071,-1.09884040488303,1.08097701536594,-1.04509910133221,2.32059058502437,-1.85183675914753,4.4173790268395,3.75072352287749,0.654356240813407,-3.96846580480018,-0.369901503723385,-0.401194397304127,-0.555606215996348,-0.883555410344713,-0.48379589458536,-0.623456299604363,-0.510639259410616,1.47629438330949,-1.13481484104837,-0.887222969137876,-0.0776138373686573,-0.104620959986149,-0.307927236230036,-0.079681409581409,-0.176933644084403,-1.05640175378081,8.99,0
116508.0,-0.649208674587142,-0.0253839845483148,1.39777122841225,-2.67791132183304,0.305159721927059,0.489915604584026,0.159853109472329,0.130331101509783,-1.29009346447332,-0.313570741739628,-0.375171061247123,-0.131608191795164,1.27519387248255,-0.726538235204784,-1.13956879880419,1.86360619302846,-0.886150719624379,-0.238738284692344,0.691824280677785,0.250476858647399,0.316519720556195,0.801852338380688,-0.621555551256202,-1.32506946319501,0.929140711322664,0.0122909549025613,0.0081502089616678,0.0284189759842831,39.99,0
49830.0,-2.54397829719162,-0.732109395134554,0.818365881751483,-0.504868357270009,-0.0684066795629285,0.427376620001745,0.231623691077588,-0.414486886439504,-1.18101043741214,1.73131775284329,0.671488639619172,-0.488767698659936,1.11008973224345,-0.649767340414748,1.21787310630798,1.14004862195637,-0.0777535052052796,-0.489014746427841,3.4992837509342,-0.96070134088148,-0.505914872339926,-0.0261279970091858,0.633235388536077,-0.908298285926115,0.310697544015217,-0.184210770170731,-0.754192227171778,-0.548885085749961,103.0,0
143820.0,0.168965679816354,0.918001570606857,-0.494583739470959,-0.0871556109993638,0.761096472637585,-1.24392879554384,1.20669026799443,-0.372211238690136,-0.299848524652291,-1.08660970959064,-0.271330577773835,0.302123865994384,1.04679398345319,-1.11141344007318,0.620955672905683,-0.0374389326480279,0.511389166384191,0.542149327501679,-0.271073963211988,0.0618109670108011,0.352801405999464,1.12457990517583,-0.0999624037637566,-0.0600503434502589,-0.346768489668107,-0.158763950816765,0.139495955329378,0.137728737322531,49.26,0
3278.0,1.01612146480986,-0.647389113366838,0.981149907179892,0.858029209431756,-1.25019731779393,-0.230368145752386,-0.497533483887847,-0.0294296650474778,-0.771673525480838,0.633134959786069,-0.0595656122529707,0.727880624878334,0.981106640650775,-0.279333512404671,0.345454218664171,-1.92531367098914,0.384994445663618,0.519010302454486,-1.66709161775819,-0.333506060207059,-0.244319995357405,-0.254547842019082,0.0170891413706212,0.591395523187912,0.290489132153161,-0.352612523841713,0.0735956921225704,0.0562471475373055,112.63,0
33534.0,-0.185869645157671,0.0803067144026435,0.510039293124642,-2.18511826646749,2.01679478629406,3.50539787103203,-0.194936536638798,0.647347768835389,-1.65900920638084,0.505080908523402,0.0656983237484907,-1.19653107265994,0.130359908132619,-0.248643395238323,1.21847010542415,1.03216353175694,-0.064911937726494,-0.89703601143951,1.87147343990929,0.452581833887446,-0.0936052290807196,-0.383594512490646,-0.257395153068446,0.995184469677197,0.275313277690494,-0.298703511011608,-0.0980449099237732,-0.15629785772774,9.95,0
82005.0,-1.34296184791205,1.69034662132333,-0.899950410831941,0.975982805791967,-0.496773459835417,-0.655520810394837,-0.27265338158566,1.23405428891464,-1.07477245152439,-0.108537683388998,1.04501212476209,0.976187211824737,-0.54845696518333,1.72656017776585,0.182157312581791,-0.324024455625397,0.476285439808592,0.030190985495754,0.239947973099135,-0.40869037682159,0.366966542169006,0.787038889466069,0.266128671059986,0.225967466358159,-0.80504153609461,-0.430243044662657,-0.147110820849523,-0.0562578679823938,9.99,0
117408.0,-1.85587332399621,0.892220332439177,-0.840489203620969,0.626791341533243,1.64119328323142,0.987942906263381,1.14121225516132,0.245592503029073,-0.0474148399121101,1.313953752606,1.06218388313946,0.745429041932298,-0.309041138369,0.434646300339765,-0.0666329043381066,-1.78712769986114,0.576603406486949,-1.19315396759372,0.0329111486886371,0.16035115138421,-0.0347901704635414,0.962014966626848,-0.189075297452378,-1.38783608217969,0.0809071280742017,-0.244371005990461,0.950851008129254,0.731218033686106,101.0,0
39762.0,-0.388248246037725,1.21725044623248,0.972383138138786,0.375282297287865,0.766064690863768,-0.597988299300946,1.29846660714123,-0.348196861531085,-0.510532675263746,0.0919685483951797,-0.1694251211379,-0.0492154241731725,-0.054073388828049,0.185941307400057,0.760149581996867,-0.706276779398852,-0.136368092194389,-0.706779541617524,-0.497699062261471,0.0689074454653734,0.0213615776205479,0.356276592347185,-0.290359679791375,0.0861528743699852,0.369180004724952,-0.330828005151603,-0.0214635323261184,-0.150071402955698,2.99,0
160771.0,1.92212171624959,-0.357127805537491,-0.940644875651567,0.441676670661244,-0.357340106618885,-0.107298046653687,-0.786512424619839,0.243288563311655,1.05491762705593,-0.291596489487733,0.973792230945403,-0.0098841508374521,-1.36342038648402,-1.0084271739427,0.216833150723073,1.00449762551015,0.320865792827818,1.2671881514079,-0.328625698230696,-0.184672006685708,0.221208382986013,0.696484174278702,0.137578449681348,0.623663944075308,-0.296703376062526,0.595952150966763,-0.0251968707414798,-0.0249160241989109,19.99,0
44282.0,1.09034744347444,0.0520066179267191,1.38166215169476,2.72574756381421,-0.62813912654227,0.888906142670017,-0.727564903573537,0.380643411129396,0.250665518124274,0.558531017255349,0.0160578301400259,0.809466855529946,-0.339329786083188,-0.509146605239586,-2.14329951354258,0.330205462317052,-0.354645155215675,0.31471365251425,-0.152712405805887,-0.176121323166858,0.0497964370838314,0.459497032071234,-0.181099366247795,0.0413302697582272,0.623707231032313,0.216867635511992,0.0430833935554229,0.0132014111331403,1.52,0
86449.0,1.96093298256573,-0.847738113245235,-0.674326594071883,-0.274489987889908,-0.8343222215104,-0.506280755232753,-0.532414501319307,-0.146426371498676,-0.434536227100957,0.796951359119516,0.940690719830552,1.52693125701649,1.40803524013971,-0.0472965346099058,-0.5113331321601,-1.55654507894676,-0.402533187812245,1.43278545244149,-0.684702654155851,-0.451343921209765,-0.218457181294306,-0.0571091375107811,0.191325915844335,0.0130179724672196,-0.201974403148455,-0.366472023704545,0.0351160276269627,-0.0371473598480665,63.53,0
79465.0,1.45303186070582,-0.45684818412099,0.23024714283767,-0.854289702545037,-0.699969647056043,-0.55458753696133,-0.542010188156672,-0.157228395139951,-0.747971361349412,0.596431599228763,-0.892098524338013,-0.661949574426835,0.604102846892742,-0.268303224904418,0.814578923668556,1.45543742287661,-0.0916758072754502,-1.34607196721713,0.929395535365021,0.124767338647344,-0.14525660867724,-0.530832464292686,0.0216760827978502,-0.473221163065486,0.350913405549068,-0.429151772297789,0.0102628308339354,0.0157731839686017,15.0,0
38943.0,-1.448517971733,0.401921178586549,1.57804977195635,-0.202723602061503,-0.104820066201698,-0.923120460460196,-0.156030422195263,0.472097952171033,-0.0816673617800709,-0.878418912483094,-0.825602589286105,0.83575080299471,1.16722269954566,-0.220242997817224,-0.300271542281865,0.349768805842824,-0.373914977660821,-0.115839184123775,-0.727284943277995,0.187089462245006,0.254345232160585,0.631408960168054,-0.195738304960417,0.481524604262306,0.0366699257273203,0.438089425941337,0.213656178089241,0.0213691652588792,14.7,0
30014.0,-9.71285825491194,6.0186598108652,-10.2945372295329,2.17370176489735,-5.8582972040306,-2.56678783235414,-3.83895050420377,6.4529750672163,-0.0595135239437485,-0.348017937672,-1.28741287377494,1.87433149562629,0.579360772285738,0.624663650911414,0.970600820350743,2.82066603512971,5.36634337018904,1.89663316759795,-1.01975376750136,0.0804521675525844,-0.0567036410379454,-1.02509178858251,-0.326890118436318,0.081055177176273,0.379138538921991,-0.367990166754245,-0.0734094679462623,-0.303065533310749,89.99,0
21855.0,-1.32342182504611,1.58695296970896,0.23770395409151,3.27434988420383,-0.405819550677632,0.122331536857635,-0.134235596696989,0.89845419054128,0.190208066085267,0.405722056594345,-0.214499517496862,-3.27581089330369,0.0975426338322049,2.55695079565816,-0.177620060015066,-0.600131625403013,1.73108050891864,-0.102912407780834,0.391963625971441,-0.0825293068272913,-0.0366895523692514,0.193323909930319,0.0436374367889017,0.0135536046897376,-0.689479764669618,0.195599809003177,0.388166961220984,0.0715243304407229,78.06,0
42175.0,-1.19663254404022,-1.1517125062384,1.01493567242992,0.18524762262639,0.219713763551159,0.346998942871596,-0.644183559993923,-1.01493836375462,-0.0615395487534772,1.748495178566,0.275452572696176,-0.79806060672489,-2.18013049334725,-0.220566721922557,-0.368902609251192,-2.32343146992565,0.468288070854618,1.43751444495852,0.615573877262532,-1.10456799539449,0.288343066806539,-0.228680979121221,0.42140550595823,-0.337533744470159,-1.38177928644871,0.300110817538273,-0.344746271067095,0.0417674400748626,28.75,0
164890.0,1.45076099251399,-1.20048056795713,-0.676952878648966,0.58721827803119,-0.756234756709997,-0.113285101341644,-0.250833483686478,-0.0454732718092583,0.652765160760569,0.121928026256036,0.711919154271605,1.22844312306924,0.919880661169272,0.0319036183743061,0.126970829858298,0.804659248160411,-1.07746851535039,0.691686156986169,-0.154208679045862,0.424201700987587,0.39364385956117,0.66408251528379,-0.122052127691371,-0.265363177795306,-0.350193086808554,0.325139253227878,-0.0640334804610472,-0.0081320711535622,280.0,0
72981.0,-2.94625352253812,2.43074794711518,-0.284458432469151,-2.15052792968538,-0.232433487445908,0.264252884204908,-0.254890765275626,1.10679365688376,1.29622359503283,1.65545940209444,0.0214082003312115,0.0496054538360722,-0.783670147425247,0.153126453869919,0.335961573921525,0.936012005320135,-0.920179752891196,0.186577004976269,-0.483428789595511,0.87427029554119,-0.308093528311742,-0.460390789266426,-0.0302593504386064,-1.37118917266902,0.139330614713484,0.832192387026272,0.684231135433852,0.289943979444702,0.77,0
149778.0,0.0700873664794431,0.720317145185414,-0.132959606479269,-0.930958008557341,0.878552003391692,-0.236544899442607,0.831781180781424,0.0548787056521825,-0.100229874489442,-0.215624103642984,-0.291355097000098,0.0172739830694078,-0.783538397424907,0.424578218453617,-0.931692765847037,0.442430343951154,-0.979352208477589,0.189033432871115,0.595549505322169,-0.0485211540107336,-0.285274155653915,-0.719478263107919,-0.054976906279923,-1.06841316381385,-0.412786113137733,0.186987105920562,0.235745677161447,0.0750947146087086,4.49,0
82420.0,-1.62246871143001,-0.365091955797653,1.47123062640456,0.159892927941666,2.32055034609322,-1.5038286300307,0.461983945027958,-0.168666499972887,-0.89281393646237,-0.199139038746903,0.847771779312791,0.305419173336499,-0.472611985241213,0.516288503393996,-0.418258694017492,0.0971535335864368,-0.932659794130703,0.388402513628604,-0.246492439545047,0.311512267730934,0.145960388282914,0.074855786030929,-0.285208166503893,-0.0045346518496522,0.889840797613049,-0.394609692022646,-0.21034626307733,-0.155458155836644,0.89,0
82684.0,-0.804594080509159,1.32784735667045,-1.36306506168785,-1.43058068445936,2.97246534736825,2.7150566016754,0.279625715779401,1.1866336788745,-0.9894702973002,-1.586082676681,-0.0142897721426943,-0.468280751484511,-0.27057516385736,-0.971050774337295,0.374590046313694,1.20453848840194,0.401101741423116,0.838462446804689,-0.679566560844469,-0.0967492721767021,-0.06370146390784,-0.506101408460616,-0.249730328377587,0.876859570308139,0.225656230670133,0.182558814062215,-0.0668864425782752,0.0706491121751374,0.76,0
39799.0,1.06084142368459,0.170962349660925,0.335572068530104,1.23651108182303,-0.110362697476042,-0.354315593444795,0.219416579227743,-0.142248746885242,-0.196143000885252,-0.0431157011130216,-0.0040781508144178,0.856942412788034,1.16086767511071,0.146662550934167,1.07363687431274,-0.186942361955967,-0.256921216691372,-0.643143064693608,-0.862478589343477,0.0369845844987543,0.151888621814635,0.424005008873322,-0.152635031903415,0.124915649334601,0.614347940577998,-0.262356737399628,0.0292908629793053,0.0329261153391649,72.0,0
47121.0,-0.681360893598165,0.550366052375671,1.27661235033767,-0.313426729601706,0.121707937332161,-0.458034337719505,0.770149194658152,-0.028709882155108,0.245027609923209,-0.710584361800566,-1.57866057231527,-0.618052368773762,-1.2828172042338,-0.0242949371196666,-0.724472714904804,0.0786004052218054,-0.365200852613262,-0.305127389172807,-0.157909342239757,-0.215870256684318,-0.145887839082004,-0.419171682913757,-0.104874696392789,-0.127931925133963,-0.213714832026244,0.0806584828658679,-0.0530300127329678,0.14541641225302,46.64,0
139402.0,-0.817753443582129,1.22213258341132,-1.5296284162629,1.00763988995043,0.848381148476264,0.232386359647128,1.74688177682659,0.316087281842157,-1.2481391335313,-0.870806934197139,0.523809740158308,0.331969603225642,-0.0132755231002729,-0.567525061041166,-0.83766821979524,-0.218760914999536,1.05251928623977,1.06813043123187,0.944636361126194,0.526292774417802,0.217921054956723,0.40766835554675,0.207453649307538,0.0875700037295914,0.196183007213408,-0.402745958536907,0.250452803904508,0.222341571646382,223.99,0
155757.0,0.121000718238634,1.01566714398622,-0.404468353960528,-0.53955327617535,0.9889045078905,-0.848640376174871,0.959057174695259,-0.120623663796567,-0.0823296051813004,-0.836943282554952,-0.667610977544042,0.0191952681359752,0.277861893475424,-1.06987170011978,-0.265175400418375,0.324964643365212,0.342990541776796,-0.239911302373739,-0.220686931478698,0.0448540126918726,-0.337541571803065,-0.81997062326717,0.0942671819304197,0.566302051477612,-0.407398392272585,0.112872631449354,0.223009511963674,0.0854472441294259,1.79,0
84068.0,-1.03633578038698,0.445716216384451,-0.305959803568043,0.362895040179109,2.52490933942534,3.63395697053289,-0.409486437332588,1.38594346904934,-0.758019984686737,-0.472996594574163,-0.768131727142567,0.0370456862549439,-0.135843053131682,0.512490072211344,0.18105654466958,-0.468370317257798,0.0568621761773974,0.283438022727466,1.50351230323113,0.239134182859093,0.0040438321213541,-0.277626423756576,-0.211530943672023,1.02029355549955,0.377909710146737,-0.208665692090174,0.0137621809167789,-0.0337292300040212,26.54,0
74397.0,1.33249159908223,-0.0189376678777579,-0.107435026597117,-0.278766854685715,0.0394202722311227,-0.0958569624807691,-0.153440061983371,-0.0282184100318331,0.00082216637609,0.0419602985349099,0.407342557146212,0.621477515571287,0.53302486791395,0.261450974834045,0.394722424600191,0.761573930994787,-1.00328347333421,0.513723033651817,0.652198825556225,-0.0037324051114872,0.0401328534233619,0.154785452559669,-0.231486172209275,-0.74202991629895,0.540330832538202,1.16900437432517,-0.0845049573137393,-0.0202707972642197,3.28,0
146533.0,-0.146261198203121,0.798464408925657,-0.486542037167041,-1.24020056422748,0.979295494885202,-1.38651826615775,1.13546074410858,-0.106010784235924,-0.0047941377945098,-1.27859397969697,0.841912201057789,-0.202012868838849,-1.65860945488595,-0.492441101378666,-0.893842698416703,0.838054528095157,-0.217119351410448,1.12474337543425,-1.64398129496036,-0.394427878398714,0.419373932517346,1.1657746740057,-0.121089172779881,-0.107882909265917,-0.840116397912093,-0.527804312032884,0.233425064245301,0.27456662611186,10.98,0
129999.0,1.52885497547038,-0.915509470597427,-0.478698711833969,1.3933838021931,-0.617996068947882,0.227725516017354,-0.384411346797694,0.0826875549643574,0.82997470299815,0.228533554322069,0.277263102107244,1.0419504636324,0.338937005930088,-0.0186550301709057,-0.415104113211275,0.56572043767147,-1.01578645468102,0.947117155482284,-0.275762839948295,0.203727464825301,0.412481913385915,0.948760433698017,-0.165707785842378,-0.383886628611117,-0.0397247469127116,-0.489791983325564,0.0231385745563058,-0.0087854672623435,214.0,0
68230.0,-1.93985820975151,1.96523451189428,1.42423451363415,2.95962446388913,-1.79324999936345,1.39903755326368,-0.59316412884912,1.55072011023,-1.34135165863218,0.122704842970546,0.0571083938232149,1.25356138832514,0.915444072306568,0.344200252269744,-0.938343786500326,0.240234644935539,0.523961198345826,0.537367972305084,1.60581190240708,-0.0813761090224706,-0.0234041111023939,-0.0929670267669753,-0.0424701786438575,0.0441269466086418,0.181813600783618,0.197407246748627,-0.180217450601504,-0.106134266071049,133.72,0
139366.0,1.92490531455572,-0.0946804220034401,-1.96805313003224,0.986975356738846,1.17561497666814,0.847056902295325,0.161134669336934,0.278915313918409,0.281291490948066,0.365177059920832,0.401570863717868,-0.0324180180310674,-2.28028118353122,1.16489017199292,-0.238074795415181,-1.07923026257407,0.276180079071059,-0.970192400309026,-0.675426209103856,-0.501782078539294,0.107412634561642,0.52549787201207,0.0155112728036692,-1.68086951677376,0.248219761052078,-0.373008457095194,0.0156930118649962,-0.0943901262984179,1.0,0
80873.0,-4.15159294469058,-2.45995227615453,0.492669900811661,-1.5827379234099,0.281813406616233,-1.14120368226025,2.22152130615024,-2.06466297202769,0.581049378066117,2.08257951594176,-0.345424768786439,-0.51454189497231,0.352410364669115,-1.74123961955041,-0.672123090767641,-1.23125748267737,-1.03518509085733,0.108918701542577,-1.66178889190793,-3.06794090625692,-1.44274790821512,-0.342744356453016,-0.682290146517945,0.606747123843263,0.0554698933119142,0.639366902664842,-1.03668020631871,0.0179517129566162,364.98,0
32532.0,1.15278618783548,0.433127741489593,1.06450506479699,2.51440330280331,-0.50422663353217,-0.304104834558653,-0.21598080406688,-0.0126954678092597,-0.461085960028628,0.668938880143872,-0.596249691436553,-0.102201951838102,0.184615936082183,0.0580744620244466,0.757404803740754,0.932151736216003,-0.764320743701846,0.0937545997429322,-1.2208122497709,-0.123211251033401,0.144819152473413,0.398538661145129,-0.0645009604878766,0.381381568363014,0.43608034200946,0.096915159179396,0.0122471371038662,0.0308498199582096,10.62,0
13698.0,-1.05345264878024,0.246803896621459,2.66867927257714,-1.84053798238756,0.0113312457621563,1.42945742908027,-0.383562649857362,0.620278868889115,2.43728992641341,-1.74182612107904,0.431461610484022,-1.57531846272288,1.663574768238,0.246082933994969,-3.26049466120361,0.44905292455265,0.106392668746385,0.114285901508793,-0.740417223518733,-0.0746147985153195,-0.257972135777779,-0.072423797893821,-0.465903727539868,-1.08766172339008,0.415156855612394,1.23178788289372,0.193598073267597,0.0738768224917806,2.92,0
139892.0,1.99897222572819,-0.852588518451233,0.0325691922387603,0.495849710142791,-1.09471976900329,0.330072044017456,-1.25920422093694,0.223664977765282,-0.066621560146671,1.12514870683039,0.0150308597978112,0.49876649418257,0.240316256165791,-0.166632618369741,-0.152740503624942,-0.591411663394079,-0.926970475821209,2.285404907929,-0.967566972476405,-0.608921171350157,-0.279532567885775,-0.240845889857585,0.276861343821432,-0.585075232729896,-0.428455106600376,-0.74171237344803,0.0960836927688676,-0.0278537208592918,21.89,0
80283.0,-0.519302615423133,1.30290463942766,0.85399818504335,-0.190317268569897,0.469473364667715,-0.528810275346623,0.691617636938473,-0.0368427846720346,-0.222489845386552,-0.211900903091903,-0.850003991356703,-0.0657544895710946,0.788244953069596,-0.653806922236016,0.914036099180964,0.581257552126756,-0.334852398836325,0.0532659867874661,0.193220668537816,0.293972152679114,-0.345337024688325,-0.824068026002978,-0.123830136006234,-0.495350376765898,0.0185113490374229,0.127079418399655,0.358444568772607,0.149216720156894,0.99,0
118826.0,2.02497446542883,0.0168739132853525,-1.67877990833584,0.801952239000298,-0.0212795655449939,-1.19725013701028,-0.0127543858188751,-0.18576556186762,1.02888613164268,-0.639065369072819,-0.75679367428836,-0.594884288958087,-1.53149922796357,-1.42505942610185,-0.229974222933835,0.117517204277191,1.37515398482008,0.250834213150706,-0.184698449069078,-0.28062720715633,-0.0429000238387281,0.142714587834451,0.0619115542215433,-0.118655732910865,0.0303324366229891,0.646488542865218,-0.0459692147225174,-0.0338651196750799,2.99,0
68906.0,-1.39286345238762,1.13401259046554,1.23528984753891,-0.590516574755582,-0.293618091525001,-0.970745224513221,0.280727510666627,0.475799808167734,-0.457595109180697,-0.367523289361812,1.05071700313019,0.31843608029442,-1.18931902488405,0.776092747656355,-0.29409162299487,0.799559584469948,-0.681558348703312,0.144564497643475,-0.603593999093587,-0.227552644802249,-0.0854430789677624,-0.533249971598685,0.101015672341959,0.477191392793825,-0.33159353648398,-0.138830104105726,-0.106867533774391,0.116737677542751,2.36,0
126567.0,0.0872549161658661,0.24326458313382,-0.596081745957522,-0.275108023328536,1.12458688285391,0.0441396201929892,1.20701808725068,-0.209734597681053,0.441768202439823,-0.967421419820535,-1.69552472089761,-1.01748282318987,-1.00599728120863,-1.4151049018502,-0.61227779755463,0.163668328212724,0.42815303973988,0.487329084100377,-0.0587379498731452,0.156679459914734,0.0221329990494393,0.18863413291536,-0.0413426218438677,-0.172950661153165,0.032822876619758,0.385568261117307,-0.201893056013217,-0.198067036335737,110.0,0
121418.0,-0.189586599294945,-1.5490610014428,-0.0904648533194827,-0.97875212492545,0.0745126863043508,0.481909229081301,-1.11108415102621,0.083959055854887,-2.14339410292565,2.04916219657526,-0.403839501329183,-1.45477987749314,-0.268437938905363,-0.0277291006753476,0.583711710868294,-1.05897287365943,0.808886949672436,1.37608186469714,3.28061038415034,-0.139134077516546,-0.0987724029609783,0.257411884054414,-0.0161735069052864,-0.339887423802062,-1.20749967046422,0.122592445121724,0.312282615749049,0.201473904496881,105.89,0
80816.0,1.01841181981555,1.03666300867632,-1.68981370722484,1.31547583332268,1.69843605562986,0.528806548957574,0.33171450239883,0.364538761567697,-0.711797938764263,-1.57028828006989,3.46301782070354,0.538411363115917,-0.378095384528423,-3.04549517963225,1.46891114338139,-0.0297415143257285,3.66458848086925,-0.105189588790714,-2.0979443214639,-0.167555416292594,-0.0402375927503545,0.0961715739635631,-0.0925489695836041,-1.34566370602836,0.510304957067478,-0.182673522501729,0.107058302469808,0.0718180029478637,0.89,0
155966.0,2.01820848637586,-0.389358797422619,-3.45086808820161,-0.777032564603442,2.83676146616872,2.92848179685415,0.109529940443016,0.545358077307292,0.0280093707265743,0.15227220727514,-0.066413506906713,0.233207269526378,-0.353516789732434,0.800629254178765,0.101622734498039,-0.70857088589711,-0.153798768753937,-0.912226457026651,0.0225855442472009,-0.0681836979297482,0.12055201181329,0.32746880455862,-0.0275848199372328,0.793127260466554,0.37019760558185,0.843409713079099,-0.111995689761177,-0.0851534089895256,49.95,0
145009.0,-2.04987246954824,1.39714735120631,0.26550230427413,-1.86185782036853,2.32725553493696,4.21724570669093,0.0254656400603402,0.657286473052567,1.12388259346033,0.897872076748825,0.0743136580456631,-0.100623694370577,-0.227111714831594,-0.633552373553024,1.24063952404327,-0.39146391311519,-0.651089830619926,-0.227753515897455,0.285152916667803,0.316507215232889,-0.203774453851931,-0.576307432522771,-0.223554669006218,0.650863555005278,0.288257197849664,-0.574911275500663,-1.42648604349173,-0.522849065248568,5.0,0
133803.0,2.15231181588649,0.0638138811722823,-2.64192800763673,0.397934777877757,0.84862921302896,-1.34578468084391,0.839727557747021,-0.458229081923806,0.166762056969091,0.326323573333519,-1.36171812780975,-1.12100018004234,-2.29263449411124,1.24617135502023,0.0235871925746296,-0.621293215210824,-0.0792621722028368,-0.322768879916643,0.102888605218596,-0.344830713235269,0.227369295862906,0.696756139005368,-0.152218042183468,0.619817740679073,0.654051387501857,0.70586333007085,-0.144167890973235,-0.0913713105068537,10.0,0
79495.0,1.26284185284082,1.18752836835104,-1.92362649915904,1.34278622386069,1.24601023049379,-1.04726961076876,0.616627448976054,-0.154016818156162,-0.56266585185133,-1.363241440488,1.68236783885849,-0.37113558039022,-0.653815730311692,-3.11691308163283,0.494103314172841,1.5001682613396,2.18903871079859,2.16889510279249,-0.232742643110617,-0.0357998776282409,-0.219795123143871,-0.592129156283374,-0.316088215473922,-0.837672870819484,0.918383043863261,-0.258449418119942,0.031320427310609,0.0771447244526076,0.89,0
136901.0,-1.13400670803867,0.844539277116111,1.09645281175314,0.879468468925929,0.0199160861784719,0.139609533471811,-0.20326724125273,0.519671971298542,-0.133442229111498,-0.308356917784847,-1.35607659828953,-0.425408687755575,-0.301985546421445,0.312190974728588,1.17133517414877,0.187341830178869,-0.309173930030386,0.80958753086562,0.383548501932701,-0.158952507120963,0.33338568650101,0.813341984418052,-0.127664642111375,0.648862580187625,-0.0250253062551284,-0.419235584173419,-0.204766051749508,0.12797989444566,10.8,0
125886.0,1.84556628884565,-0.401266690196314,-3.3312453633823,-0.512791843091841,2.61422963660279,3.02820131015079,-0.240771630771142,0.697928959316373,0.4238744136241,-0.544581478786673,0.443048203224063,0.0450469191049326,-0.182695149388861,-0.605857988218179,1.34460481964132,0.178968399810774,0.394609994095946,0.448768288147931,-0.60479912796768,0.0816009937271153,0.249339999794015,0.542886250691105,-0.0725397329338474,0.633206174026301,0.251893875029271,-0.091363029338868,-0.0014575675892984,-0.0176874851060519,105.77,0
39951.0,-2.11374469589605,0.115570739922231,0.80630282734351,-1.06300652519606,-0.247814963432818,0.610174487349017,-0.665317854632993,1.22473863015053,0.617415038101334,-1.41547741173591,-2.38249342232902,0.146431481974785,0.0221739482084282,-0.125271544908265,-0.646487111684047,0.475887977660144,-0.036052685119862,-0.446187091338729,-0.0692420935399051,-0.0631863400301128,-0.140016063117825,-0.550059460825762,-0.197349114255272,-1.25033515654491,0.0430651172150127,0.899032220250914,-0.0577935173404274,-0.140169382157762,46.91,0
160467.0,-1.16664033655505,0.558495623010799,-0.508453761316169,-1.87047540442155,-1.41876367788178,-0.0720082007222966,-1.38672918020322,1.30149674307004,-1.14366808757039,-0.0569725785318075,0.44559367541497,0.602223428852816,0.9069527199993,0.335435639286215,-0.698978779400329,1.88044306247486,0.0650244420546731,-0.358965249114032,0.267377896365242,-0.400568653229375,0.725224103133949,1.60671102124675,0.211735928592276,0.754746237867829,-0.886488381758373,-0.301371033340797,-0.541764024293047,-0.162503806790593,30.0,0
62049.0,-4.17779741626452,3.23097074804566,0.0908999864436985,-2.32597806332336,-0.501046469260343,-0.45848275352792,1.05056235836853,-0.211665584058091,3.47005679152463,4.66712155988401,-0.0524230255620669,-0.38822210949247,-0.384286034876264,-1.65759258598361,1.17657943798276,-0.104250649437079,-0.937224839434546,-0.967567625394222,-1.33334733286181,1.98487348929011,-0.81043441131128,-0.351916573690789,-0.0183171105182736,-0.303787778895499,0.297798024552479,0.680242516163447,0.656919678864242,-0.345257516143701,43.66,0
38845.0,1.25828433138008,-0.0979420631722824,-0.266986475827322,0.0334865462531971,-0.278891943143315,-1.03233726185566,0.217197349998467,-0.232444881099334,0.228592996941268,-0.083430388545771,-0.92978737483361,-0.721417228371177,-1.25132646166827,0.632783691812354,1.04065498441292,0.255497329938381,-0.307711430348114,-0.293450251760412,0.273934586572664,-0.0591525622900858,-0.104388205349727,-0.441861976500348,-0.115279472287168,-0.0789750145327786,0.432955641953191,1.03989340379979,-0.119145591546876,-0.0041719155507265,49.95,0
155850.0,-4.89219561726067,-4.10276010410297,0.0604578553156078,1.28341066588866,4.09512824936586,-3.1829580722009,-1.01608125645327,0.601342797712948,-0.960332152620488,-0.824843765694452,0.286722540945806,0.744576503117228,-0.915998267344094,1.3530683363726,-1.5526739727604,-0.220713197014128,-0.255284525494673,0.191974151581701,-0.596838541225426,1.27826746713957,0.638401293465867,-0.215259830325192,-0.470958358917432,0.0400624725287715,1.26065335181085,-0.523587091726121,-0.0718768365850861,-0.830228247172621,79.08,0
162670.0,-0.641536492685609,0.470309587289068,1.65198539041588,-1.18976942587134,0.196106833609303,-0.513706413852451,0.549921975189577,-0.805378285506077,-0.58181517490397,0.548643632598456,0.174796845527706,-0.963322619322664,1.1311455587183,-3.11740499165191,0.782978230122643,0.783115120908972,1.45789523425078,-0.499211024825218,1.26293922102469,0.64542067464631,0.0958982480711614,0.900774532775401,-0.619279449190632,-0.0649869959118243,0.475320036809664,0.110752403431415,-0.567450209439208,-0.452278514529882,11.0,0
73835.0,1.08635791146155,-0.455172365199203,0.170448059237405,0.382646106652748,-0.180224425805978,0.606714066797178,-0.438793610901829,0.180938236197471,0.65687602240956,-0.135235788487727,-1.56695946031029,-0.609611512434098,-0.320109010778092,0.104689758369403,1.72773937501928,0.680483501243664,-0.724346445550834,0.286100339836411,-0.323602378676131,0.0838929539647361,0.179645066846017,0.363369009061605,-0.314342647241204,-1.28762713603784,0.456262013374202,0.619237035709476,-0.0134582596110779,0.0198337880973791,106.56,0
78232.0,-0.649830668021331,-0.36860944146525,1.01140734942381,-1.54728754382164,-1.37431362869502,0.270421248538369,-0.603543275903314,0.584262940062505,-2.96945538977994,1.06357272505643,0.764935931288177,-1.04448426109903,-0.534320662907355,0.449398311575502,0.598631957070079,-0.719903737506828,1.03140803390379,0.604754390444078,0.948735819633726,-0.0973940937491367,0.0218435593140441,0.0917206602398636,0.116280097548511,-0.350334822477894,-0.134866198839064,-0.0391481207980162,-0.0179442630097725,0.0255221797505711,104.5,0
143228.0,-0.365088593769614,1.16559471810805,-1.53408346256687,0.214881834783372,0.226878788394859,1.06946851904996,2.79139391067103,-0.576706668917899,-0.525496993732065,0.151811013320584,-0.639590069453693,0.173958457520432,0.0641743655988776,0.382055015624591,-1.33501001260787,-0.252873998626978,-0.950497414828179,0.459292279860042,0.89751333358045,-0.56872652073505,0.101937126137478,0.769360141996813,-0.300418597079362,-1.39932945082942,-0.528323480217068,-0.58442429338354,0.0017658223140176,0.0866921040883997,318.24,0
66342.0,1.33838913025239,0.575326125389902,-0.436581247748755,0.897190395293538,0.561536145421701,-0.683235511820522,0.621168040222721,-0.37536016336549,-0.417351312609538,0.0090075232384663,-0.891296779126743,0.62818577328017,1.43857821082582,0.255589758600722,0.601126429447986,-0.0331767865967197,-0.691671115171039,-0.255669011419275,0.0547337423043223,-0.0464347783899274,-0.0377559053609844,0.0185494156553858,-0.263922666584811,-0.39910980509663,1.00875296275899,-0.248652011622307,-0.0004276415378068,0.005106985719456,0.89,0
32863.0,1.15242850997676,-0.0410618010792129,1.28331464391402,1.34538310006417,-0.996326470531609,-0.208552256742149,-0.568041060836842,0.0972315152540036,0.912534030522045,-0.197768979735366,-0.816393561065819,0.40976566622885,-0.101332287059309,-0.332693759644993,0.192682194416874,0.0849674995620464,-0.24135374205068,-0.0452618217110089,-0.209276181818572,-0.142643375380751,-0.0639969530159137,0.0157812948524003,-0.0039468677429801,0.374052157032473,0.410521482606839,-0.407923969186273,0.0716342978132356,0.0379159325706677,9.59,0
59746.0,-0.879295321661536,1.19815779437093,1.39110274134624,1.16749147701346,0.115647890313946,0.281430583215876,0.574535479574374,0.16436872171422,-0.391389537452703,0.465390200384779,1.39251193287287,1.22846217642645,0.313298514574883,-0.0001776414853511,-0.528696090388181,-1.1317544759957,0.400334545408889,-0.350173763912641,0.910048887144365,0.243751246384238,0.0070303152086415,0.442335759141875,-0.155787412614582,0.265449173004674,-0.0912207740698777,-0.262340762112145,0.422723963399987,0.261756653365324,28.55,0
142599.0,-1.02871484798137,-1.52109772896814,1.5975796218655,-0.221339297152407,0.588475643036337,-0.168516260255709,-0.468718104784574,0.175284299642338,0.755736740083312,-0.289146685680201,0.331824338695282,0.779325608899868,0.561665894265351,-0.566033100196731,-0.291342894297179,0.910865703377093,-1.35298703434551,1.09999685281576,-0.480775683157357,0.574928410138032,0.562654906252232,1.32972696996024,0.583793876674433,-0.37372568955987,-1.45487350065407,0.090592252173086,0.040498849777703,0.0825031449497898,149.4,0
36703.0,-2.02600586764012,-1.38179568076643,0.0759593472950629,-0.676667836475849,-1.36893647774741,-0.0119110334145349,3.6670291251783,-0.420620549537368,-1.35739527227425,-1.34480383941062,1.28135030464596,0.631226169352101,0.426538535131188,0.513816319878962,-0.643916612150822,0.434089289606333,-0.780941201890743,0.132586973930108,-0.431673899647445,1.66463192631872,0.553463956491379,0.100512636089999,1.49612483778173,0.319739862480775,0.586851610742932,0.869272262162612,-0.335097939188633,0.116348808592974,764.45,0
53425.0,1.13829498312985,-0.620360339877729,0.966488957559873,0.776404930115073,-0.959104300011208,0.672877947282729,-0.827948446551611,0.264503088457511,-0.528855861359262,0.694325803675529,0.711608617670697,1.35810835888133,0.558668738702613,-0.45415910368811,-1.6154466589398,-2.15095236926106,0.41310284604471,0.886496376826206,-0.738619983449513,-0.507433099293897,-0.373763095087671,-0.29959388015501,-0.030872244712792,0.0142505130673361,0.483133565840633,-0.277809926794417,0.0942395045788807,0.0227359946760987,33.89,0
127615.0,2.11277694643178,-1.05259702354543,-0.573337763076177,-0.970132034019618,-0.957804938436502,-0.14593398242501,-1.13777641480367,0.084467683385726,-0.119909216130711,0.903912173222394,0.865438256918124,0.112088362952706,0.0176148892303111,-0.275032037773057,-0.473394554254896,1.36829862474356,-0.117647608475296,-0.616366821091751,0.729549112411631,0.0147018306030607,0.374244088367371,1.07197305686292,0.158420697177258,0.797854738091723,-0.173415959686869,-0.144080587441513,-0.0004507474209704,-0.049544791761264,19.95,0
33460.0,1.31386688944795,0.0369676900597369,-0.0009016367393179,-0.380140574385543,-0.0624371133412692,-0.387836946343883,-0.0303835485416373,-0.083117904438365,-0.080551692040376,-0.0466348088734288,0.853525266018313,0.952853529170329,0.681353419083701,0.309739361069288,0.346612311485659,0.623357699347389,-0.845504212452881,0.0332323041550835,0.763389130742311,0.0023824498988622,-0.226743116417176,-0.65877015466654,-0.0113496593190966,-0.439828786965564,0.269128571256359,0.879213942794453,-0.088788277905658,-0.0130688971523812,3.92,0
59970.0,-0.908381474208599,0.985515455054721,-0.0023301015609549,-0.712692720136003,2.39819677720239,3.547627585351,-0.0542553677587337,0.708239919102298,-0.482760988923042,0.333178280446636,-0.0614600183241408,-0.316727137421814,0.0520665099865744,0.221100840171164,1.63722368776559,0.0847047537028953,-0.553061368241091,0.189111360295819,1.42914496427718,0.126970239713536,-0.140802426397361,-0.819043817777123,-0.0833114486988984,1.000594056751,-0.236621211134745,0.165849257502356,-0.618289056957077,0.155527114243927,1.29,0
58806.0,-1.79972219362297,-0.753570812071699,2.16952859747454,-1.13408775481277,-1.41513308771405,-0.719157056328021,-0.6366041922328,0.655323167778608,-0.493874952965848,-0.480789237744787,-1.01855799603658,-0.725322979008438,-0.889715773387588,-0.541064104790863,-1.18490982041297,0.971330332581343,0.814812183590851,-1.35719012367792,0.230780110084101,0.475307500337102,0.186333010109462,0.1106363809447,0.0684753865785979,0.708611317634114,0.448077788788294,-0.337022206966967,0.15783718457839,-0.0386974760715927,120.0,0
109827.0,-0.49571222995553,0.644915688320627,2.28326873371165,-0.116950906505517,-0.0372828704775945,-0.312332770800959,0.409240000149832,-0.141963010128919,1.86189200990634,-1.07816398831994,-0.255274084679801,-3.84834095935383,-0.553296311671586,1.68806237708246,0.857302079135304,-0.125597779211004,0.371527723987002,0.847077703532291,0.609992003281246,-0.058799973770443,-0.339765768839527,-0.645606637334719,-0.274876954664983,-0.276286249821395,0.212200936307901,-0.713531446091412,-0.0977168326847654,-0.151405595476684,11.27,0
46732.0,1.19960293650836,-0.0656718523970725,-0.0646594593538097,0.0880008355792101,-0.281768011130424,-0.83972120338384,0.170066048145483,-0.151051353974011,0.117635882096024,-0.138031420350213,-0.178692207467428,-0.211284121026613,-0.870266299308628,0.591273580916016,1.20106127477122,-0.206826373180863,0.12381366579337,-0.967392873488686,-0.27269169224951,-0.0959881775958875,-0.0443516616968445,-0.190149255949521,-0.0211529743070147,0.122699051830151,0.313755860511205,1.03805909170665,-0.0969205587141821,-0.0032047713341133,39.98,0
39675.0,-0.83223858129813,0.817248188839796,0.973578649262954,0.652968134550651,0.603490075790609,-0.888145796402219,1.17679261591884,-0.394370127231776,-0.230711623715671,0.269438154447159,-0.307262738493286,-1.1307094034598,-2.26112261352322,0.624504910537946,0.894328113012968,-0.69341549295682,0.0542552212707431,-0.535919114377309,-0.582937404539346,-0.327850913075272,0.126041524952599,0.441235331996036,-0.0247699027297099,0.345143683465338,-0.261842060632312,-0.438138190343958,-0.437533433571856,0.0035535286781091,15.0,0
86461.0,-0.327456146498142,0.847090311885908,0.299346826174669,-0.919017932554428,0.900331861228863,-0.488101988424303,1.27020277839728,-0.525654404312799,0.340343572691985,0.706159840282239,0.75770812036156,0.583463302187539,-0.028987659707668,-0.275888742575583,-0.937165985741667,-0.064354171585556,-0.958213630892507,-0.327495716582628,0.250704632998306,0.169679502057294,-0.340633636655101,-0.456414772932254,0.0100486781373012,-0.404494605633819,-0.500903373784119,0.072174493736344,-0.221260915783124,-0.31611502820453,9.83,0
113090.0,2.07413072406198,-0.0827372706196422,-1.47718009306512,0.17579550056024,0.187437632161789,-0.83679728188203,0.10705038735621,-0.230796268056497,0.848484112956367,-0.0889409938161812,-0.827467811462623,-0.0349709101833257,-0.5758873572952,0.604926391804862,1.01955680604428,-0.28497468224999,-0.468824334749792,0.111130867606507,-0.239970097247452,-0.272640599746556,0.26103700832212,0.876202619901024,0.0241824307743526,0.679936424817699,0.319943516319584,-0.445058304830353,0.0025904899655406,-0.0491283732237712,1.0,0
149205.0,1.76417353583391,-0.348912831239789,-0.233477596757013,1.311549211638,-0.556090264967136,-0.213780534844183,-0.370384259027815,0.0922621119054085,0.618164845848714,0.300734449390296,0.887324487375563,1.02671924885955,-0.274554481792342,0.297790334526214,-0.210571166997107,0.471104939927948,-0.793094315108745,0.202417647005282,-0.254228956395234,-0.134398603861095,-0.114552324121667,-0.406058530528882,0.336326382944699,-0.0656935227990395,-0.474672714191511,-1.00685316871878,0.0384681817638811,-0.0235408063946934,74.4,0
59672.0,1.40020717187395,-0.747255132046152,-0.91389515034574,-0.968905308910287,1.37141915014143,3.72376702114785,-1.1653415049887,0.898565404091821,-0.536305674179922,0.655644488800506,-0.795163953451138,-0.0259570359607273,0.121037386991188,-0.206621004221575,-0.336724872494645,-1.51248354478927,-0.161019466863645,1.22758687536384,-0.198581411535375,-0.420853771222605,-0.52859691127718,-0.950194600129302,-0.0164161342276425,1.01487425384827,0.599330510290549,0.428892002492331,0.0153226839518619,0.0090049998626909,1.0,0
43265.0,-0.699256624524577,1.21695463298007,1.47939579478751,0.34049610175498,1.01303663661698,0.356422873038407,1.46305461176255,-0.876775132080137,0.171578628490181,1.67967756141856,1.64383060151729,0.534190921611956,0.527474039984075,-0.664401149304343,0.691035643632741,-0.76328536649679,-0.771686229922953,0.0159228075278076,0.449463538260327,0.488489027624129,-0.0023583238907481,0.791798815703732,-0.321089347103362,-0.279897239708125,-0.332138142487267,-0.446846923593443,-0.65145648442932,-0.621046455603298,15.18,0
31981.0,-0.15999159724352,0.426156584012244,0.964394287875895,-1.39718151116778,-0.0615075825570775,-0.929029437744832,0.608616438296405,-0.232016396257102,-2.13523101964693,0.375737944533796,1.44680969710519,0.191657005110631,0.790143090298621,0.0417547256947565,-0.583992021490947,0.778998361094478,0.128390207577455,-1.03205786207861,1.08463316987357,0.196167559080924,0.332689410970067,0.857482910703473,-0.314532987348803,0.387554276034352,0.332322698972527,-0.145789268485762,0.0228481803487528,0.0332560356203058,15.0,0
159055.0,1.98103278567566,-0.39197880606975,-2.57355079968626,-0.74701108301557,0.339550029373652,-1.86330539336612,0.930476954751499,-0.5807544555166,0.223472452993968,-0.0441862653487545,0.997122435393774,0.573754299363475,-1.12782884877142,1.22913933396575,-0.552599259786912,-0.870164492631116,-0.103516571857954,-0.157552818100281,0.775878699236945,-0.0992471184149057,0.354720018162185,0.99012817305665,-0.245473932235164,0.197891570831336,0.529286214508938,1.04022003546092,-0.173263616927446,-0.0974902542907914,87.0,0
132574.0,-0.685113987517063,0.0619817754877299,-1.06180539558686,-1.01268831470507,3.99872438904984,2.96492019323404,0.273255346261299,0.663042787162393,-0.444732212847565,-0.871425379506333,0.401440930118038,-0.503791895843279,-0.304326891297378,-0.826421957240186,1.52963770280414,-0.302010085657958,0.575181523710392,0.705846848328627,0.246532805762832,0.395701541808276,0.270982110151719,0.702654117757539,-0.290196447850571,0.635203598379099,0.350931583244029,0.0401857619398824,-0.0434715979794181,-0.0607600087115165,27.95,0
159148.0,0.0246628398020807,1.13880785651266,-1.31499493432883,-0.351378193035635,1.06900922149862,-0.619153817586633,1.12825806127721,-0.434201342953308,0.262460285560398,-0.459947566477684,-1.13765522357754,-0.102276145157754,1.11499093566599,-1.40400580910692,0.771832699685383,0.258152863211565,0.052600567345858,0.816325320990644,0.0721683445091983,-0.099716307348398,0.199174830694231,0.898515701179656,-0.233977919583956,-1.11570623130536,-0.182570333784034,-0.177528327300277,-0.785125650727936,-0.475525231634312,39.0,0
61826.0,-0.792249216040764,0.702955655196153,1.45213034711237,0.82952984488885,0.722653919469426,-0.259778487955838,0.58254511763944,-0.0329817510764642,-0.322110859304734,-0.424792193712314,-0.569708983433143,0.718631963334823,0.713550654340219,-0.226885559016418,-0.425919879444348,-0.898570780404355,0.21279852720247,-0.916698881572392,-0.17984383398739,-0.162121583180275,0.0202570228399027,0.312501706303175,-0.23069174098566,0.127512691549973,-0.114420354416685,-0.417624425134277,0.101571457275813,0.119890961245562,14.32,0
74619.0,1.00030938430009,-0.216787248326633,1.23281968832247,1.18468823085772,-0.94604281336598,0.222399379108916,-0.745688223402345,0.383747080478911,0.422286597075867,0.155355056789499,1.39268773763963,0.214942334656204,-1.48607793706241,0.51398283909125,1.11467552984515,0.597353682268811,-0.518904191023125,0.505897785901668,-0.850289844763759,-0.164026002420785,0.201825656756136,0.454439357732957,0.020975285788776,0.184308886317673,0.143289282604713,-0.360844340684922,0.0578147273329171,0.0325836610836461,45.0,0
76756.0,-4.77255730855925,3.76313624672598,-0.370400404669917,-2.24971748580717,-0.487774699757846,-0.823998069992581,0.85999205515039,-0.537701258851676,3.53102689287511,5.12784728710839,0.383825707284213,0.0793139232952545,0.19600177442203,-1.86026116379059,0.989535756093549,-0.495476101192448,-0.83415263689421,-1.29295692502661,-1.35452913628216,1.49397618451745,-0.521391152279356,-0.0312404334379986,0.0450055290342769,0.0727632848443601,-0.0015699035548083,0.402197014010816,-2.58550860388978,-2.01670342919467,0.77,0
159282.0,-0.64622691015908,-0.0027112934006039,0.287562378069313,-2.00112622140314,-0.222040790095717,-0.27654310332262,0.0121526559525782,0.3253281589352,-1.11426844940488,-0.369799582542284,-2.05241259970506,-0.940114882077995,0.524072387165377,-0.211386311142229,-0.391066967725706,1.40165888783886,-0.0959086347357753,-0.856167997715453,0.825762576175454,0.170404499283557,0.312268467960157,0.599902122880096,-0.143207221294017,-0.979640329264727,-0.0225337759032698,-0.15600975459503,-0.0067361423422738,0.05354362153001,75.0,0
88732.0,-0.237039102410996,0.803321099390684,-1.48715773323247,-0.294079333548563,3.2417151595856,3.58828512894218,0.570078789496365,0.602009368227353,-0.168856441503534,0.87231379092792,-0.0998424152990116,-0.299902822999874,-0.211180007945221,0.371129954577871,1.09984134451091,-0.676848499872447,-0.564838876868113,0.130728705609879,0.1421057455969,0.262926499014639,0.303300389872916,1.26596703389626,-0.0402829037723762,0.71558767587571,-0.751400621771758,-0.451896337933128,0.384764041164867,0.192978312578504,23.08,0
163050.0,-0.899669300630339,1.14682794268947,-1.98694119485102,-1.80762285507488,-0.273982327037433,-0.481655726507733,-0.468255647215671,1.12662299730195,-1.81658832801934,-0.680862227941262,0.393212173273174,0.0780997355576331,0.255921142071371,-0.388525834137993,-1.32032981254191,1.71070352447559,1.31463122202552,-0.537935733008444,0.808395448514245,-0.323557276877777,0.195578098811182,0.0274847855803441,0.0623803860775483,0.120936041478325,-0.142448630834674,-0.389612679182157,-0.605025955653369,-0.214172135504818,40.0,0
75476.0,1.05242339884728,-0.530139693554264,1.20407550136779,0.315656949162214,-1.20192599630013,-0.0877347613466557,-0.642241788587166,0.144236994312223,1.13813360598408,-0.525814819113954,-0.238936251107633,0.897568753183217,0.142378167307145,-0.543477116643826,-0.0955643533131822,-0.513351299439153,0.530226673464089,-1.2147389587077,-0.0330856635498599,-0.0075069677102435,-0.1528399539097,-0.24301646951969,0.104565367272458,0.483277378556837,0.0099455061370434,0.946296219859505,-0.0242573210813656,0.0230683969432873,56.58,0
146485.0,0.0807594359935037,0.967800303248158,-0.330246495251646,-0.621541096691023,0.911731506100824,-0.596889839535779,0.868961295935103,0.02975506851158,-0.312014561344113,-0.664970940352223,1.12015492673178,0.601398019052431,-0.124965157492158,-0.807019827163494,-0.945855778384548,0.491184384975906,0.164367792311554,0.241080629631272,0.0114855381651241,0.031931564246836,-0.279421535664123,-0.70139601641487,0.106455229858776,0.659792292243859,-0.467923665530562,0.0866818025785087,0.217396680114344,0.0758960762264596,4.86,0
30769.0,0.922314127381787,-0.0085534915518942,1.45687672798932,2.52896521058467,-0.407571743552639,1.42407845070741,-0.764411469157829,0.577988845268658,-0.164211060240186,0.555603829262213,1.20069132860899,1.04100300013999,-0.0626936531028267,-0.155225446658651,-0.495145125818195,0.229889648783581,-0.102146213711973,-0.606399797661185,-1.28942128323576,-0.138985400595758,0.0445869143846655,0.232338474807278,0.0596590793523554,-0.295692081541803,0.106369578108978,-0.0052967578888847,0.0653376875765097,0.0253034755027553,38.0,0
61374.0,-0.658891533378538,1.04044928647229,0.706724138539923,0.150431656105367,-0.0365066668182735,-0.480199979219291,0.512123912836983,0.396871194321465,-0.488364983020557,-0.772868728852346,-0.810186795049728,-0.101313402303487,-0.769267729716764,0.596876449529161,0.0455798829352954,-0.600453412689002,0.455476337852351,-0.744078269198999,-0.108888129374031,-0.235183202281286,0.136007836293755,0.372597966002832,-0.0690916507711812,0.10609874363904,-0.277800294299125,0.369294704551147,-0.0169201598684836,0.0786930733598367,20.0,0
141730.0,2.00954904843302,0.23867748319941,-2.51002710819863,0.598093464022663,0.920927046460543,-0.37744887412481,0.066117657819672,-0.0371013473042712,0.479042621245261,-0.90674113558426,1.02444856549054,0.407325557665245,-0.24289443024674,-2.47721283882584,-0.969085224578243,0.634453357825266,1.65405087659903,1.21290909037749,0.127601010114799,-0.0927501420464979,0.0059338243330037,0.27779882254269,-0.0745058536170615,0.081523344018585,0.238433871158837,0.705842531312941,-0.0434650222074718,-0.0196715356409828,12.31,0
42703.0,1.2594534906675,-0.881605191536731,-0.251629030348123,-0.468637820530324,-0.92450958150307,-0.797347061828232,-0.236508526919661,-0.18353350107996,-0.491798784706965,0.635905380376786,-1.50193992480373,-1.18911538793709,-1.61701566989168,0.383819767398497,0.209260538718478,-1.55261871918338,0.243293229099158,1.00524591578856,-0.292832853160313,-0.415210936706731,-0.447103120293944,-0.979639754837239,-0.126417409370921,-0.114248006234203,0.402350459137774,1.11938283665693,-0.0991841537863095,0.0050632252625733,99.9,0
76643.0,0.97728825072704,-0.913055080702735,0.592647123527151,0.454030217692986,-0.989662399484161,0.442582784804398,-0.736227752167346,0.248111115966101,-0.885163652443519,0.930394633334297,0.787929830351512,0.016607694634889,-0.602064389174843,0.394091081503738,0.768746785532812,-0.98345749990129,-0.388964683669507,1.84173721752621,-1.36876749217729,-0.321276609589102,-0.114813075517578,-0.181207081066242,-0.118187826119322,-0.36047925667181,0.245334656596732,-0.278399765275126,0.0492032934915822,0.0426491697469407,146.0,0
119498.0,1.86453802563314,0.188607544304065,-0.275208957933402,3.45169620656276,0.502624724299433,1.54949437229903,-0.616942606506396,0.378742479810362,-0.589199113938647,1.511715405182,-0.369650715018907,0.468108063137704,0.716565334903708,-0.218458756078557,-1.22399660597314,1.54474482151722,-1.46884500369152,0.707948841967078,-1.18827036416246,-0.157030080237448,0.21460332920268,0.676617074490101,0.0576206769032664,-0.209663603887453,-0.0721459101302382,0.0763984230343094,0.0072872852565845,-0.0421605171230478,19.16,0
139974.0,2.03719940608285,0.314031831022205,-3.86187895462781,0.286896890574441,3.40696970345624,2.78455094309603,0.322991798074909,0.541555489208319,-0.4043077072093,-0.100235396098364,0.359837570942651,-0.0866182418468801,-0.387789939411353,-0.180434213109481,0.674553163062726,-0.162345340654091,0.455266432989209,0.0095440558615596,-0.696833093334751,-0.156790068629671,0.108796636669241,0.312149490310333,-0.0513443871234626,0.607252115881974,0.597828655600521,-0.395090885845661,-0.0054486489987795,-0.0446356883984638,14.0,0
67231.0,1.11886354271547,-0.194949382880109,0.597435008847585,0.892344379785527,-0.792286511170833,-0.65369864295931,-0.11660237465112,-0.0481493464790757,0.689167532933113,-0.202055226603786,-0.833976240671355,-0.0837676372778797,-1.10416418166824,0.111982596195813,-0.0125581629586289,-0.128035552368258,0.0613309317100093,-0.580813218112304,0.211135704035567,-0.0789457484777326,-0.278909977726937,-0.809894828211035,0.0434260412171068,0.387842422101889,0.28078487118205,0.17826855698542,-0.0325013001642135,0.0241471305053919,59.99,0
54039.0,1.27818361233882,-0.0442881176778127,0.23793736914148,-0.309681148580779,-0.104003197690451,-0.049951156350693,-0.20717118344404,-0.0454389303266966,0.267842637821117,-0.295648352812274,-0.551360415976079,0.665449021634274,1.44729942322375,-0.12595980056778,1.43511940064907,0.303226502161952,-0.457316414661886,-0.738683842705102,-0.0259158647746878,0.0285562934737517,-0.140897570793303,-0.320550658557647,-0.0016441423827757,-0.68346285405056,0.192393186447457,0.981499812797345,-0.0496122541258285,0.00192202018821,13.42,0
75224.0,-1.35832583170255,0.908966777446146,1.72497640808339,0.4051078421172,-0.625721813253806,0.253998143805983,0.309665558336676,0.813689134474475,-1.0703329099311,-0.199066296024833,0.993955708925299,-0.0435400134377603,-1.17527286334508,0.598277276504034,-0.336694947905334,1.2785190647747,-0.673372438126312,0.12966976678021,-1.93604125978713,0.0097934610895899,0.322054411563603,0.567629271371663,0.130283650477552,0.226694493899991,-0.162262508184732,0.848789562173175,0.091641012070446,0.0944506569358959,108.47,0
149569.0,2.03764766986668,-0.438148469286433,-0.703925295268158,0.243970191156961,-0.204126999051561,0.227070496434377,-0.67385033259013,0.0814790104843684,1.51435454340618,-0.170638013030315,-1.68236513628624,0.175179577286922,0.226113395656738,-0.249541084424717,0.577391350700453,0.320611289281669,-0.79156043714637,0.481367090272037,0.0606228300656781,-0.169415964522977,0.138486974731294,0.620514487928712,0.0629118119954121,0.0548944543410001,0.0203422252241949,-0.202815225546578,0.0355251063247951,-0.0368804115472728,9.99,0
69489.0,0.846489364995795,-0.241956378289213,0.954547916197873,1.86697338308386,-0.752245869651991,-0.125558609086141,-0.157534841752358,0.018865763228795,-0.429749311683955,0.416647338848315,0.0927382114215322,0.29408654629019,0.542180245072859,0.0030762867007574,1.04604835802012,0.614524640590218,-0.270754152711239,-0.730280177273992,-1.44107420459866,0.203695766291079,0.21454444963366,0.30289615962933,-0.0586633684617367,0.478021992416179,0.0413391819725537,0.98179564121797,-0.0664315960611763,0.0434954375386542,156.08,0
127787.0,1.71807041571128,-1.63507883293617,-0.949204751551158,-0.584636992392467,-1.26073319685552,-0.862506572522766,-0.465828789356647,-0.2587141375301,-0.0417464009667746,0.642499400226907,-0.764102167836296,-0.536662193076624,-0.0031500132883439,-0.249888756812966,0.121207345637554,0.981089333967812,0.290262144346908,-1.41536803718883,0.428884808953057,0.416278435385261,0.347346922765501,0.539680549161674,-0.0219246468807167,0.0172048727579249,-0.248633652102518,-0.200503124249956,-0.0463381578675623,-0.0119283352781148,246.0,0
64197.0,-0.796059163275399,0.0147202678655966,1.32108034171447,-1.12790863806533,-0.562361698461986,1.53337936175037,0.110511594755204,-0.336191077622448,0.751827146250055,-0.94225630049724,-0.304262474085962,0.164381245563744,-1.08553464061816,-0.341345857772164,-1.14899778572093,0.421607311386962,-0.397867479882512,0.025466310425331,0.265378356427163,-0.328175921027157,0.56673331813926,-0.633663057426027,0.0280482536429488,-1.12745893013193,-0.146636639721185,0.893748933039611,0.0830988543865556,-0.0660974298510024,163.93,0
65217.0,-0.824852047596853,-0.102756329394007,1.6971389315599,-1.28887634391167,-0.210253076990962,-1.39667352766771,0.215668514438427,-0.263521845061984,-1.18243197225756,-0.0303984224803167,-0.164822313666298,0.227572571774073,1.09986463584956,-0.799241650729559,-1.35907391880882,0.375394112356522,0.591386650226633,-1.97991386545086,0.258162852904671,0.0750756544367572,0.218981428944346,0.692956930726317,-0.0177862195911515,0.994544238659228,0.119989067231454,-0.368731350816812,-0.0311366214566746,0.166743143241107,2.48,0
83750.0,-0.780340576568421,-0.893451044303679,-0.169504922765207,-2.68538363080073,2.65176264678943,2.74601275380163,-0.651391620695086,0.880054549313724,-1.37406867512252,0.0899320551449174,-0.309929277075921,-0.977944867084152,0.0674881411966013,-0.109709372676305,0.221542807705337,1.57631497026292,-0.51654648817609,-0.80521195016368,0.305985152412722,0.430479864556292,0.296364775859803,0.285948115284833,0.0626557448072926,1.00292670505109,-0.0461546639914241,-0.416102798752497,0.0839825346522946,0.155549257961117,48.24,0
162888.0,-0.926894318765637,-0.263888271138081,2.80395866670603,-1.90039957054873,-0.810249989063199,0.121477903623148,-0.487576427506687,0.320495451886925,-1.03255130057903,-0.214401356882938,0.656899585592391,0.563556367666109,0.915286553409222,-0.575045586772979,-0.236266283163335,-0.319314920764529,-0.97449922019413,2.14405808929939,-1.69108496885962,-0.347881206311967,-0.0403943583638607,0.236432440329067,-0.22026420420955,0.0293232046775825,0.153006890370085,0.630528908170915,0.0220237789090536,0.0623895497616729,32.86,0
164211.0,1.8437284789921,-0.620305638460622,-0.50896889584706,0.288145169197316,-0.560550751486952,-0.275715606530818,-0.429292812112877,-0.035825116213211,1.01554841862785,-0.0640146034652362,-0.788436374019393,0.548152527352964,0.548420232790483,-0.179147994686064,0.550693920627906,0.477492307178116,-0.572488256280007,-0.401801249614797,-0.0744063995766424,0.0448982778180966,-0.167876809032049,-0.587280765235489,0.370267088454766,0.741353576296417,-0.632276261972761,0.229696197654767,-0.0537549967817273,-0.0199579445504241,96.0,0
86435.0,1.97450535658994,-0.22790212071125,-1.11174505634809,0.3865510804105,-0.180287383129178,-0.935928977388866,0.0954292283865513,-0.167757118039645,0.420372120606542,0.238380097448298,0.833788824433225,0.797147167876041,-0.802501678001003,0.58956496071228,-0.852718121306939,-0.0582047863322408,-0.363177721895386,-0.340427839114577,0.459177451192444,-0.227538793094635,-0.188064436228356,-0.480786930022015,0.274321521661814,0.0741015667155894,-0.267268967477393,0.251233591189221,-0.0851281240386896,-0.0706274359005478,22.24,0
66140.0,0.145928740816201,0.627530916861399,0.979141813496199,-0.298207943555582,-0.41776693541936,0.0926188302284769,-0.688542441883506,-1.67172161159231,0.142937653187502,-0.249199226812748,-0.893976244157884,0.311714143949939,1.10298314333269,-0.043256938160893,1.57229355851318,0.436237389030031,-0.424514268533052,0.17076337656284,0.736056652876742,-0.166698597928359,1.56718644905292,-0.327916829636537,-0.183536046403822,-0.346756673997907,0.679071798899114,1.30414213327594,0.141021204690885,0.207878750174366,5.49,0
34379.0,1.19762435364254,-0.32946038908044,0.60541250534336,-0.341841089185627,-0.606848011305859,0.0422558016952663,-0.582445339147487,0.115931479577906,0.382602510892124,-0.0946849048579056,0.728532360367286,0.819608825357228,0.666561011165058,0.016714484572169,0.815540715148157,1.08650742151328,-1.07127316497607,0.611182362003154,0.46701844103003,0.0927179155479398,-0.0043339816974135,-0.092706770494558,-0.0702219888136379,-0.452391679976711,0.116486119583883,0.99008696913926,-0.0591764310301682,0.0057076300406985,43.25,0
69875.0,1.21288132506281,-0.472685509025347,1.02879287366179,-0.022033573796561,-1.13686775177868,0.010753452831078,-0.91587294476325,0.299885620282036,1.08584719646905,-0.170730144922178,0.499830011420694,0.227999234295267,-1.48015297279917,0.0282227740320862,-0.214737378075298,0.524001337443092,-0.357995319656361,0.396616299555554,0.658268326550155,-0.157009580787659,-0.110782013400589,-0.214812910823403,0.0336330310243634,0.0498400823071579,0.077698616891303,0.998769901627913,-0.0466679785518965,-0.0018164083835842,0.0,0
76748.0,-0.618310302682913,0.853803187993153,1.39288893317006,1.35707252567097,0.0541833590673316,1.6469650711891,-0.298794264226688,0.836663318884523,0.365978268825796,-0.840548610537555,-2.49519718505799,0.647341885178138,0.681380419838307,-0.658098053898733,-1.41073766205578,-1.13610746215316,0.764131769170169,-0.632952373419698,1.81643556378236,-0.0448936497576831,-0.341848968527434,-0.584395543244669,-0.126279083887041,-1.29721819733058,-0.155525729963308,-0.351111689438225,0.113889768288803,0.0804129651354451,14.99,0
2940.0,-0.732940281778306,0.545301272266175,1.47782145365572,-1.98590027457493,0.235352401811523,-1.84582535281633,1.5082426436637,-0.928901755633042,1.4158358537942,-0.284255964037306,0.299107401910341,0.0644394400813283,-0.658350858415183,-0.359702647433385,0.979123343956682,-0.906751924341553,-0.590360108373001,-0.170118172695272,-0.294403227660063,0.164522961361424,-0.0566935849807741,0.681214465108123,-0.10808804910866,0.909864125177358,0.0274008265993095,-0.925933306687267,-0.0688628668965704,-0.431283880869764,1.0,0
152745.0,-0.15906877108025,0.982828655671372,-0.244131792664304,-0.871666843527528,0.946031414123395,-0.550586860362597,1.01842491225153,-0.167446872747802,0.126242211842248,-0.119124108102562,-1.72594286308472,0.137949465176862,0.821913134837582,-0.145032174738617,-0.376537957122731,0.162780686896584,-0.832423759154133,-0.500151868560507,0.275553008308034,0.165549577043163,-0.352569131783094,-0.733447622025969,-0.025253810500118,-0.997560750349263,-0.269819511897819,0.206263472788603,0.357526174281464,0.15364483739966,9.36,0
124401.0,-0.241554708817075,1.0456914404325,1.41665367751957,3.03764199797587,1.1457849252273,1.50289764953124,0.114498198807105,0.457846608635655,-1.53026459837268,1.10892771683741,-0.891159411841994,-0.502215560003371,-0.137335625743798,0.0825352605505563,-0.722317265610119,1.39671565494079,-1.30621067284966,0.849124062481086,0.166059730106896,-0.003117773892878,-0.111521613077593,-0.412328587353512,-0.0128371858858526,-1.53305405409829,-0.93489178625327,-0.212034769749928,0.211543936796989,0.196777340666965,3.49,0
81846.0,-0.833219444483895,0.746825586488521,1.74748810388306,-0.0168270646609601,-0.406360261290202,0.205398574883655,-0.314282980950508,0.60528469612972,0.109673054882171,-0.970542298292907,-1.71222628700893,0.266493967665725,0.699974036384039,-0.333322250252308,-0.0446813142482698,0.379547744137847,-0.298022619783792,0.177236437772942,0.502189356327609,-0.0487344017615368,-0.0011672778474832,0.0192739052093029,-0.191846089982604,-0.389852692630401,-0.148593919978755,0.426455357082957,-0.0139267740028392,0.0384589819489235,6.8,0
54601.0,1.46377927760801,-1.10579194849479,0.5875491634859,-1.51630561022805,-1.54836473150414,-0.417342606090563,-1.20216381381696,0.0117636458720999,-1.91488627028564,1.59142445174655,0.908128448779491,-0.482302731821441,0.0884363394076855,-0.118551073781946,0.124173938993912,0.123589727904394,0.0801254380713381,0.570448947412518,0.173040418119135,-0.309919646726414,-0.337684378385588,-0.696555235399734,0.122915666405255,-0.0660225655863268,0.127222661402517,-0.406535119788683,0.0343655283938269,0.0170216503115737,22.6,0
67850.0,-1.2308211973963,1.07825883013465,1.83409392098877,1.10963584412941,-0.415935536915619,-0.0974420957655717,0.147350308240957,0.622905197649964,-0.384012713725369,-0.635180001405806,-0.437219179126436,0.398399870860792,-0.264174385780776,0.255131216053721,0.294076443275353,-0.913533349687529,0.805201209272689,-0.779950727834659,0.417455648320533,0.1094990186971,-0.142625200651626,-0.34712153374936,-0.0524410731609571,0.374574781441697,0.29633775575939,-0.383558498487759,0.227758544984393,0.0550668190401468,29.99,0
33678.0,-0.508604464968093,0.200490118963114,2.3741571468234,-1.29335076923693,-1.12830634661987,-0.521465411146383,-0.183662909440174,-1.29615511005728,-0.462853790930951,0.873645175332019,-0.0613793038703312,-1.174610831316,-0.266316390955144,-0.9251663340438,0.979021374581205,1.11986965185801,0.0548086574510041,-0.800175561251645,0.269029740672385,0.0174346190777873,1.15658341669709,1.07506990324999,-0.149658349562972,0.725180324513023,-0.14527510027021,-0.183123821995264,-0.45264962025385,-0.387233465701872,24.99,0
65602.0,1.13174016731557,0.227044785465658,0.902153140088977,2.33855232415079,-0.460993719846284,0.169193989325918,-0.464048160927802,0.272055653275768,-0.392609405560289,0.897447219387332,0.462864889026095,-0.597249340320944,-1.86163379560462,0.636569241183385,0.303472847508217,1.3199507025947,-1.01992645843121,0.945137417981734,-0.793218401254836,-0.230222280102128,0.151537677906549,0.283826208906684,-0.0928051379917561,-0.0434937588949138,0.381957169322393,0.106022481282912,-0.0053044468537034,0.0131279388191056,10.65,0
156597.0,-0.813215602498311,0.706007706364144,2.21911322122584,0.295252649439091,-0.270462447922292,1.13580902243649,-0.318501578620701,0.352177597824055,0.997067377869789,-1.34880231998376,-1.23729124287957,0.587948053845887,0.931733997862731,-2.73698265165902,-1.1808910462415,-0.484384964441316,1.48806708210712,0.201665260029858,1.37210139218482,0.162436625096919,-0.15559764006688,-0.0363702410563981,-0.365860748072332,0.613053548685692,0.257561264283002,0.823764803061954,-0.164480127063271,0.101895667605878,10.71,0
31534.0,-0.424366302723803,0.984722848053372,1.55589940960881,-0.0209996312584622,-0.106300495525284,-0.930075753444939,0.641469634326273,-0.027625303086395,-0.295442379932026,-0.289584746959973,-0.508457379739519,-0.390416684645619,-0.614003253052355,0.271328243533951,0.919344675720804,0.227469933685385,-0.355343647238065,-0.273793970300737,0.0183670982572195,0.0567508691648274,-0.234763420437397,-0.648370469903539,-0.014552777376085,0.348773007683542,-0.21593348369969,0.0733875274599019,0.261008300351855,0.119886730020611,0.99,0
139114.0,-0.381813374882767,-0.127836398258958,0.21311829757569,-1.38807560375323,0.319658382673115,-1.43144253174865,0.515208813742503,-0.282207764907036,-1.27817260414084,0.447227874504263,-1.12389252372448,-0.309845148172868,0.57566738365564,0.0963857263026916,-0.0367673743750593,-1.4796040993568,-0.379158675608554,1.24147886781909,-1.24370378929313,-0.211102776995556,0.0106391916466198,0.507797176200645,0.0589607683339147,0.0788772889153714,-0.62745499755401,0.665067679971255,0.375386040659568,0.279204705417592,42.95,0
59770.0,1.28095072341975,-0.367788109527954,0.0066574135739287,-1.58765977375264,-0.527319228408831,-0.881401664085899,-0.093128187430287,-0.225013723852267,1.30011846668822,-1.10038370018698,-0.671493569085932,0.735540127345801,0.888476323237473,0.0772894955230538,1.87110410610472,-0.072047249994879,-0.562524701197831,-0.0089559509585489,1.03489312411161,0.0854628189414625,-0.221743123166977,-0.623810584857981,-0.0546701350085997,-0.426842025903707,0.389650448546147,-0.20563639693966,0.0078643007500503,0.0233185934938676,50.0,0
84466.0,-1.47904265326159,-0.390556498639465,1.15066654200311,-1.72124825344186,-0.018095296980672,-0.586955668992236,-0.431772950538479,0.577490747846543,-1.74111910029635,-0.114536521395405,-0.028898086561693,-0.316137825399241,-0.517242020365059,0.622611558365498,-0.123741861752253,-0.447674460096257,-0.58432709052578,1.89655259980147,-0.600504461538731,-0.309485703303909,-0.326408159677093,-1.08992479335665,-0.16620192261439,-0.520962749317329,0.17315237839164,0.86103762124424,-0.166741374826003,-0.148204977273774,31.35,0
114269.0,-0.181699666537735,1.13395081989984,1.32020132513507,0.971409458822912,0.229130307499612,-0.460479850579621,0.812681989981164,-0.247142519986377,-1.02928905162318,-0.133009033738309,-0.460335380499844,0.24204997956906,0.953187109037177,0.204321577531696,1.34543386487813,-1.28039592816393,0.733903150700033,-0.467721978997729,2.98896227447185,0.341510031139579,-0.261113199060476,-0.570858857420419,-0.260134199082417,0.108494845488916,0.146391737164056,0.764792851763138,0.0464163966303048,0.0703249344085173,0.89,0
145546.0,-0.950250403964154,0.850700811193652,-1.22919720166566,-1.87991213725088,-0.0693594942342963,-0.883056496678094,0.908437482019573,0.356215227825076,-1.67440644409084,-0.539230120558111,-2.33399469958206,0.0847442848337226,0.736190216255257,0.566785745159019,-1.88550019237648,-1.21580976183873,-0.369651456321222,0.808914302115795,-1.71306970676894,-0.918715648374704,-0.205009854442202,-0.292193397144785,-0.0294198404639529,-0.645798902037507,-0.245421171953401,0.0897463374492918,-0.211584667605408,0.0154226215611547,97.0,0
168036.0,-1.47068651057787,1.80963514186986,-1.14943754654542,-0.745792866217096,-0.494366335941873,-0.834253943475722,-0.242173131453844,1.3071382112105,-0.276404547562687,-0.272500692971229,-0.0533281450384238,0.776318628101418,-0.669558259063401,1.26475180270489,-1.07204047148467,0.564181087932613,-0.240356093965775,0.035145143173639,0.256553445738497,-0.1487556654635,-0.175217446758519,-0.668145562292045,0.193213694020794,-0.373937829608385,-0.334847869330938,0.159447358901702,0.0827852567992126,0.0021194757070538,9.72,0
42562.0,-0.681720225976906,0.211083420761809,1.95835026671655,0.0125503621013733,-0.985789728984729,0.0185627912312642,0.315002452735665,0.0027124302675335,-1.35900509769341,0.388928831965733,-0.337123537895122,-0.319458586001799,0.219489647016721,-0.104877281676777,1.08848518995936,-1.52983387355104,0.0364690474513152,1.1806759303487,-1.6830243554438,-0.541170430402973,-0.0890106023230334,0.248551732874356,0.004111092290543,0.357174004229684,-0.399452619855156,-0.370716385932653,0.134611822314299,0.113198466614616,116.0,0
165595.0,0.0441980357455761,0.83431073278476,0.257737253603788,-0.594711598682587,0.400597118499588,-1.09472249293405,0.996884493923128,-0.185771525345413,0.0085638328144594,-0.403283055393958,-1.03763981057946,-0.0575786364623379,-0.306316211545272,0.174087852707823,-0.362677199495052,-0.0594362169728288,-0.412421196827792,-0.687207438896852,-0.0590929140644413,-0.0524380309921726,-0.266921668995888,-0.609716410815417,0.0716621738297857,-0.0404244758604965,-0.491141370445158,0.143128644829341,0.244112216931603,0.096268055278767,5.55,0
46498.0,-0.163681071948828,-2.39498048020787,1.09801178864067,2.33197479157189,-1.98471007003272,0.733477008005142,-0.138393842919306,0.130755231474225,1.57684503817841,-0.701143880977604,-1.39493680117026,0.997733749760621,0.264073003496385,-1.01360380921569,-1.55623010049394,-0.452487744239601,0.315176230520002,-0.132449856403236,-0.0342391677373422,1.17478626089846,0.329095677927998,0.0008103515880539,-0.67240834095966,0.470372238660118,0.330625785390853,-0.294959056709439,-0.011250994771698,0.152486086002832,658.0,0
75548.0,-0.492672280288059,0.941617551593084,1.55386434496948,-0.19820479305037,0.150763461249752,-0.104665871442756,0.510405338438938,0.231768179210906,-0.625012581278036,-0.180372723672959,1.48082119113607,0.604535613863425,-0.296597138578919,0.410978506899584,0.423802297041758,0.113378012630675,-0.353561243077094,-0.278535222571431,-0.0525516299399068,0.0580013526627189,-0.15251002387513,-0.385984061222444,-0.0061839481380197,-0.007287863158988,-0.305004649694305,0.0843732346240244,0.277106653494367,0.106696581289902,1.79,0
53744.0,-3.01241117697622,3.51431713569787,0.718035365942585,3.02643806264991,-1.38657644294976,1.73156374712788,-3.7864969727166,-6.76983704334786,-2.10259643947244,-1.04470358002912,-1.18586929853814,1.4341046506399,0.560463891644018,1.36654112539098,-0.193683127281783,0.286353553565206,1.06396747355241,-0.271970859736023,0.703112157204575,2.15556854582442,-4.04206515691676,0.487187396195001,0.678891786540376,0.322729776881684,-0.0582940031578294,-0.0173952397151924,0.100903933509892,0.204362762773554,5.32,0
149412.0,2.20336388266425,-0.544331832892661,-1.98838248026189,-0.98122213091403,-0.0738311471668979,-1.48653281848224,0.170940030079146,-0.468536996840171,-1.22417817185408,1.09427469472755,1.21914897289306,0.0237707093271139,-0.193168432390216,0.609757732899627,-0.719064061202119,0.549049339669744,0.202553757362273,-1.31677594118936,0.836899943355027,-0.0485431083315872,0.413524782776276,1.15948154870857,-0.0679983831125934,0.0798743750275719,0.386039482007854,0.0598191999014757,-0.0815995357659827,-0.0898916432911063,19.99,0
33124.0,1.25484643311282,0.213501545733477,0.265695710033257,0.712439065988665,-0.545513386703703,-1.1196690662693,-0.0452240475952066,-0.0933209570308749,0.32708440760283,-0.225525604922776,-0.397748843565523,-0.799740928266397,-1.71978395295786,0.0997190765695275,1.30740764302141,0.569741351929884,0.105981029794655,-0.0605406237410736,-0.185342471102019,-0.205413815881614,-0.30996113128946,-0.989233376473765,0.152725692065019,0.292099397396421,0.150237252761942,0.10092254039884,-0.0357927027708705,0.0266467811096392,1.79,0
123835.0,-2.97512665277509,2.78186780542163,-0.211335709669899,-0.925077411566284,-0.895205916229935,0.315230499067676,-2.14975486409643,-4.57691088483429,0.641291004914619,-1.42591359061348,-1.13494991390968,0.115112957636656,-1.04668588028989,-0.41346263022229,0.369697092746108,0.854914496691785,1.24304195389298,0.638514865454054,-0.402762860282576,-1.51056693391792,5.23823204803463,-2.43637425805034,0.822391663651895,-0.342851426246343,-0.195232350335557,-0.230454932834536,-0.01626615391353,0.0830762345230169,2.99,0
156415.0,-0.742620241974897,2.04366284388318,1.10914789589551,4.12753948110118,0.693928392493569,1.23400089413071,0.508880878450977,0.490797849362389,-2.48156567994746,1.14433208032776,-1.83959884026193,-0.119443563068076,1.9892791520967,0.123940661507766,0.584578841520737,0.0501349600365937,0.0055606438486867,0.167422513792902,1.58033651250898,0.448336324560506,-0.0258984017188803,0.0195299770001739,-0.364969662717232,-1.03056779612407,0.569441710405169,0.555138976592576,0.20733377490701,0.0806331970440101,37.93,0
124480.0,-1.8338978979316,-0.908455644310153,1.94540091494112,-0.71210997462348,0.244904685699689,0.93419885502482,-0.857491678313733,0.349337637394205,2.54792926920566,-1.07455282547484,-2.6142662194996,0.351012426447657,-0.0384601423244175,-1.59957291586345,-1.6310757290016,-0.202452738232362,-0.44936704195368,0.538516995725135,0.35710196909132,-0.704477981571535,0.0216357977114686,0.915980331446213,-0.135874145955587,0.101917327809716,0.0679312545033766,-0.48920299112338,-0.164235208830713,0.330270136776473,24.29,0
48323.0,-1.2129687042335,1.06426034293651,-0.201825718049768,-2.61952961102376,2.19878834249204,3.13595769378267,-0.0012883874546835,0.986257300451638,0.427314643759257,0.258008569387812,-0.196708629587992,-0.205914107366069,-0.0815864768616373,-0.115075341529237,0.742904127083677,0.863594742926054,-1.19874468675941,0.0517516289003378,-0.403396439507762,0.531233565849957,-0.227789150798236,-0.561038464608193,-0.0867963103586899,1.02533316921428,-0.0329490051893362,0.748040575124006,0.580747803406546,0.346092939982208,0.77,0
44308.0,-0.726503887341281,0.961624369610433,0.312825815771514,1.93323709313203,1.70701699478821,4.69037345868726,-0.761422996493241,1.53268654177235,-1.02597766204747,0.452637654412869,-0.925394801829153,-0.305072770022242,0.0933864060588808,0.113681870722382,0.431413981266538,0.155296848452261,-0.079593854897242,0.721991894970745,1.28716213892828,0.121725009308185,0.191142154815136,0.438362390291628,-0.163556404528245,1.04397839044766,-0.178537304576392,0.333251771020493,-0.0430712993915642,0.0676898927140157,46.47,0
48137.0,-0.613763176781017,0.504531601062957,2.24402036011605,0.42577261245754,0.307219746941319,0.841280100972,0.151294413044191,0.121376485739758,0.572204234180185,-0.378634363712407,-1.452553015095,-0.301551951670996,-0.262372203682574,-0.647761795251092,0.349814027453579,-0.179752695968583,-0.33796573522598,-0.0513199761012366,-0.0361960148618748,-0.0653941806776909,-0.0440892506280465,0.21549428013479,-0.308214189229212,-0.776400172008833,-0.13344871271218,-0.413055274537922,-0.0924789585215918,-0.110061385209225,9.99,0
162852.0,0.0316016613966477,0.787073227315811,0.194857888894402,-0.51036346020028,0.74802566450377,-0.433900292076462,0.838971455646952,-0.138264470562508,-0.473555249862239,-0.212838926825127,0.467375184561738,0.896285424618961,0.551272801686979,0.220551398406426,-0.842590262191688,0.0179603434903903,-0.68003390334582,-0.0945649839341567,0.91463860965605,-0.0640209047675567,-0.158374911988838,-0.440755830132146,-0.0033933536743836,-0.476353205642744,-0.594814211491322,0.192687558864233,-0.108144619718651,0.0559147126418908,0.89,0
53613.0,-0.423239199200776,0.895511400550039,0.342930993937836,0.908570558724529,0.675455471089877,0.837801208286787,0.02071667805794,0.67939991648422,-0.6299870176576,-0.328364089476916,-0.0715990828546841,0.990183691053499,0.574072339548119,0.352906040368178,-0.72203124056084,-0.420772810800992,-0.0564173759086361,0.120211701006426,1.07874350876237,-0.0845929333992477,0.05279558992702,0.227140284654723,-0.171148847242515,-1.11402360869678,-0.185951539036738,-0.286608666220752,0.0290296522854395,-0.0222403964148001,2.49,0
129624.0,-1.50253442171353,-1.58871855990078,-0.842557370271079,-0.887507855024945,2.66084331904,-0.146115586142562,0.484404054202946,0.115436905192248,-2.33147582867421,0.474979838034081,0.55526110055133,-0.10341692485571,-0.404217675447063,1.06601103122957,-0.031189258649952,-3.1467154000051,0.854687616386954,0.377648506019824,-0.411955472273408,0.214355534505031,0.260526477224691,0.675565716321463,0.107075526547101,-1.57878661292292,0.511075239376686,1.27885951024013,-0.0509419651168145,0.10353464073723,152.39,0
119589.0,2.17865034406958,-1.5775346149245,-1.43216765936491,-1.99619835334402,-0.185656109155185,1.47053378658816,-1.41793083471215,0.420595659466147,-1.39431318077352,1.62351832239189,0.611500164888947,-0.379251009852824,-0.094632492786753,-0.0643633906234231,-0.0102660062558288,-1.05555732658965,0.855263984086187,-0.681610619513941,-0.637155645924904,-0.499894356027494,-0.0901639635785369,0.269938313069392,0.253388918142219,-0.976075974335703,-0.320369550743606,-0.0782496082412078,0.0448238189492081,-0.0723705485252718,20.0,0
132058.0,-0.347801649401738,0.84431310959798,1.02568877011598,-0.851041419484767,0.0727684743048613,-0.501960833946916,0.357206990554261,0.214374472105059,0.297601830184215,-1.16444099232007,1.23684979084564,0.59040292339024,-0.297568375989482,-1.22816278474361,-0.224031071361272,0.745452203972453,0.202430197774702,0.777435957332011,-0.174116075240611,0.0302023894239041,-0.217689985423303,-0.477368975183499,-0.045020373406703,-0.12304647426577,-0.228512393281103,-0.273128513930692,0.285450353357794,0.0969916031492328,4.55,0
43486.0,1.36213518986763,-0.549855190554102,0.935461942161667,-0.563849282072161,-1.47760263499765,-1.03000033402702,-0.805337024221872,-0.167615859502862,-0.622256862536835,0.606160220167134,0.0692289291423899,-0.304887700824555,0.6106987141774,-0.399300112363219,0.92803052318174,1.24265162489152,0.214631866494917,-1.18826948564205,0.19371373700346,0.102864915600703,0.328067173493744,0.904208394374299,-0.0476633225696531,0.770082515249449,0.419622024017942,-0.127000421706977,0.0284670821765167,0.0269565989683426,13.4,0
16112.0,-0.54699477851723,0.397334680077791,1.9052017464699,1.29591180564768,0.435437274928818,2.37971631700051,0.209280426069624,0.405009337305715,1.99830093241627,-0.479392664784144,-0.14208317042928,-2.41890225017886,0.599420839816018,0.715974755093523,-2.51763534929847,-0.998334220459078,0.961626757776756,0.393547661291416,2.02774718643473,0.329551205242114,-0.606135024870157,-0.927054279559816,-0.143797523597702,-1.79456640048133,0.0994946525362334,-0.34690833168813,0.216142334544591,-0.0690528110685684,85.93,0
52810.0,1.42950150321066,-0.990270946322504,-0.224429354355113,-1.80873967798326,0.770787536686733,3.73098858623111,-1.91421161021549,1.0363846234542,-0.316970571150948,0.646102741712846,-0.100189680769797,-0.751094533911632,0.437455710928105,-0.504131403241282,1.49184366998971,2.02403909933868,-0.55493579880519,-0.204874346580464,0.477147063453988,0.206331981847792,0.376136458015709,0.928722847839222,-0.108174338216785,1.04892161530641,0.481213827731516,-0.0263415992038655,0.0629002811121915,0.0246387967096172,0.02,0
798.0,-0.843410270624502,0.53481136993908,0.636440832119109,-1.84999073211883,0.7812860753661,0.648143677866827,0.467479236255146,0.193966824667055,0.65270511853138,0.323294622193409,-0.11437088311759,-0.414010651914345,-0.829474952477607,-0.110401158269588,0.382905245330444,0.997253581244624,-1.36317003715203,0.305069722715934,-0.225213978680837,0.29966985586921,-0.273316347615668,-0.458318729910836,-0.197820679280493,-1.70239735802854,-0.0715196854232693,0.827375444178844,0.221115748552968,-0.010694043653607,34.6,0
121155.0,-0.639060206034292,1.61169951438805,-0.772086150954208,-0.742694916726094,0.781839924939918,-0.777653699467616,0.919508664822558,-0.0783920663382965,0.614281066559766,0.193737038887707,-0.622689085733788,-0.169349483262344,-0.153057002244121,-1.22783881375474,-0.12083964922604,0.213938510342376,0.386462491127393,-0.329676203316322,-0.375333821906475,0.37556594598551,-0.410808467902651,-0.896199954727772,0.14576793300674,0.481798185051251,-0.293290750809394,0.120623973132707,0.401362415505605,0.26683402393405,3.58,0
137055.0,2.00303897240634,-1.89241756742883,-0.824688478541194,-1.52408369644107,-1.54352539663362,-0.371624824911562,-1.18762591968374,-0.0784891947423156,-1.25745411581796,1.66860097555324,0.360871377142135,-0.272712528082504,0.266603334967122,-0.300803485120242,-0.713329147354174,-0.127528710324868,0.0916779713760028,0.65556629740339,0.14847953452544,-0.161512780784134,-0.0355274439493445,0.0918688579537029,0.0946057317783036,-0.354128936271147,-0.325686685667171,-0.189268648753288,-0.0035501807419542,-0.0353013310281238,147.0,0
147547.0,0.228449996226034,1.75989045104494,-3.00145183929029,0.265759571877555,1.27499351739149,-2.31908732146385,1.47346736152976,-0.152642013503119,-0.315449055603315,-1.19524168425326,-0.696256102439223,-0.939883627111912,-1.6092521943578,-0.900316952520864,0.0717521957966715,-0.586532396362782,2.0781485881673,1.05841720048012,0.330406571347918,-0.212371878157066,0.406039967766586,1.42792945211759,-0.100263709680241,-0.119342068374818,-1.07355254547938,-0.397429863587109,0.498315858095325,0.388285208355104,1.0,0
35678.0,-6.99961977126648,-9.2363869029872,-1.25064189894306,0.916619934682313,-2.92472411564752,0.0061531080058887,3.38719970963359,0.269719615137658,-1.4183287527488,-1.52049543017868,-0.700148092289719,-0.0371044059107274,0.642907850004123,0.371773926977728,0.179047093626049,-1.13280511756059,0.391598122710329,1.31576870133624,-2.16539635050578,4.64973824265618,1.16774107981995,-0.788465914804383,4.18440076855881,0.247195343323728,0.0830871814666459,0.740019690744083,-0.31212196923011,-0.455269589063419,1759.24,0
59574.0,0.996763263896556,-0.922956096269295,0.605130279663814,0.518785498026307,-1.21875812611433,-0.0385752372805002,-0.660312261871574,0.120338165684988,-0.840503989600935,0.977252450411275,0.5209024994605,-0.215115413660795,-0.859546487328376,0.424316192991512,0.547992087423684,-0.677262720508104,-0.650088393491619,2.3261988591835,-1.01308782981816,-0.28356004083947,-0.138173054943357,-0.323452984952264,-0.155431286969575,-0.068768505756574,0.303788786683225,-0.307894216800942,0.0287243599530945,0.0474344568403805,158.0,0
146793.0,2.05556034917354,-0.018830730461968,-1.05454024860311,0.403246107327363,-0.0655359041266766,-1.11715392832791,0.203872107416191,-0.338196001695634,0.462085590450749,0.0500939545591188,-0.602783796834423,0.732591163384049,0.575239684068043,0.178335776110439,0.0307422899454689,-0.188074870718931,-0.261160281658811,-1.02196808314557,0.0710432943739435,-0.199509020054667,-0.27800897570401,-0.632786178911855,0.341552240023073,0.0008408245958929,-0.295680592386654,0.199431497168275,-0.0640200102323418,-0.0595474948123035,0.89,0
44161.0,1.13619877961327,-0.316448141083704,1.40771757025924,1.20653854144919,-0.976185433203752,0.76166849211188,-1.11920485270943,0.448387795858779,1.41032358769233,-0.215960487415663,-1.31646168145599,-0.330246254681753,-1.10779611195491,-0.329238938190831,0.838105582378555,0.208982846417426,-0.20023914824033,0.255106814754746,-0.608585534655431,-0.238861275671015,0.162954690443751,0.715404844126885,-0.115787537752221,-0.431271079594091,0.408322427001095,-0.134168235280207,0.104411096172672,0.0302382894844735,0.89,0
64850.0,0.831824922304157,-0.75115534944132,0.990428888449959,0.604301599983828,-0.856265914243397,0.871890487691609,-0.781550471059733,0.476142217563538,0.670535146727507,-0.143457359109565,1.39059337029651,0.76488393185743,-0.778556523204024,0.125549996808748,0.558181174307414,-0.0089026172557037,0.0416331938888853,-0.279182267213163,-0.696590407978109,0.0570113577479848,0.265602618440329,0.645480396910796,-0.103353890570974,-0.240443091003554,0.0790047171100049,0.604444626978548,0.0063834225372401,0.026208945951894,130.0,0
109838.0,-0.239315745006903,1.22227007168014,-0.133643206397585,-0.415632193166241,1.01253762693135,0.162143880161229,0.448512035821919,-0.829566818005627,1.15373290171533,-0.497336598215262,1.35749658576484,-2.09086578087625,1.41459130694884,2.10653733447911,-0.456141649127515,-0.390016894152746,0.107715950272292,1.23750384225412,0.662279101357179,-0.132314993529869,0.995676972398757,0.87414120581797,-0.1514061636515,0.171984116367259,-0.372272006339115,-0.455789696956286,0.499643078851399,0.279425067564768,1.0,0
92207.0,2.0609134602412,-0.0452646151289366,-1.24502001850786,0.467785669610807,0.272955410580402,-0.67504913975275,0.0875408596087538,-0.346157358410449,1.88279620306323,-0.313103643667323,-0.383002435881518,-2.32263624294373,1.74346834656987,1.69556040222204,-0.586838204337252,0.0180621174949553,0.251604284772483,-0.441850863689144,0.127980176958466,-0.209359893015817,-0.466811301144482,-1.00966399705319,0.252735731992714,-0.776380647767963,-0.254483357282236,0.203674627565193,-0.100136207557558,-0.0701483646150252,24.99,0
111018.0,2.16904276986736,-1.40535781847987,-0.199809270391898,-1.2338615336125,-1.6194936483149,-0.675248055895416,-1.35991000811073,-0.26079671701465,0.21406854678952,1.10064834388442,0.164046528608199,-2.82444393166539,2.79236685136288,0.725549727689352,-0.691621992678249,-0.361061331570817,1.1346647033014,-0.0587379747626836,-0.436406560744637,-0.350940053246585,-0.513733799170793,-0.817179048046335,0.437304415260939,-0.12523795726303,-0.643889255656058,-0.52624075255521,0.0100918682921268,-0.0322991812366079,59.95,0
114525.0,1.74152778260586,0.403101329058557,-1.36970059508951,3.50156302036428,1.4891000317379,1.4719105418201,0.310562080838344,0.264489873470916,-1.4865510081326,1.51360882394677,0.913840407736003,0.827164655587475,0.303646938204043,0.588742484853558,-1.05006727800905,-0.304819658204015,-0.0919654400638327,-1.36911437318993,-2.2613972962542,-0.294700336428274,0.409852752866547,1.33106272782067,-0.0615178866043665,-1.30653704731875,0.211141717846623,0.384939958614362,-0.0159396036731941,-0.081835015924141,37.93,0
71557.0,-0.246326130492947,0.292967172375617,0.292811644282505,-1.1511795193709,0.224093854737008,-0.850350569577266,1.34348892180965,-0.345553032879139,-0.226140276942118,-0.861688285221336,-1.00828116528593,0.641192969969469,1.33665219105391,-0.273357858707839,-0.818569784724183,-0.0069672691743795,-0.509085331483731,-0.706322400526785,-0.0984619439472397,0.198848404433481,0.140965018503133,0.37755563873308,0.227856220967048,0.0084225750013567,-0.87202780974941,1.13637380124496,0.0600098793675339,0.20961485205049,119.0,0
147906.0,-0.0883474393791184,0.993907538247109,-0.52947771874232,-0.600735156205884,0.772003953946635,-0.720699720830057,0.885929772204383,-0.0907362420223283,0.420199740999146,0.0678771593255343,-1.47151452432274,-1.01352456361949,-1.48798183290537,0.632519632062958,0.709034289709105,-0.275081240743123,-0.528960118903265,0.471934238578102,0.147071862024568,0.0454407470421157,0.295495272336037,1.07758612387695,-0.108683072069044,0.465564367611799,-0.732269961515272,-0.227471860636957,0.599489817874118,0.385757221914717,0.89,0
150272.0,1.97982826883913,-0.580402613784079,-1.72832269522667,-0.684422285323859,1.82302459802017,3.77655350344104,-1.10944535800792,1.02876953179587,1.12142101359651,-0.144722973104009,-0.0411334600236523,0.553593072984838,-0.046916690663199,0.156076296304867,1.06811002319847,0.118241690255501,-0.62997498380112,-0.320446647762932,-0.198849159238501,-0.15746002566451,-0.184910751236858,-0.486765142251972,0.415987704003581,0.656997135963143,-0.388943152331423,-0.6009664869195,0.0554066049993993,-0.0380056936741926,2.49,0
123274.0,1.89506353297095,-0.395442546621647,-0.391342404679249,0.294899401873738,-0.464762702926642,-0.214758068469074,-0.449693737713131,0.0149939393854259,0.898520322799533,-0.0367826623645911,0.760332360183318,1.60347435867106,0.991402416184028,-0.0335614723458906,-0.12256526698999,0.442741660010186,-0.960307312124343,0.2981425139838,0.316445374558278,-0.0746108098120392,-0.11712303955562,-0.254190354286792,0.278202784294759,-0.353692298107805,-0.398023850493504,-0.628797740494296,0.0302053742231661,-0.0358431239548677,43.0,0
147765.0,1.99289221937281,-0.140547532728194,-1.2054731248189,0.499570438258584,-0.0894700511309603,-1.12546993406807,0.265485280268732,-0.307748604057442,0.83698839143957,-0.124809738575767,-0.84631798487258,0.40255574255197,-0.396329759877403,0.390239440640655,-0.0067438662053138,-0.544155945471838,-0.125553044061864,-0.731159918956529,0.163323903593015,-0.239006253884722,-0.200550744726199,-0.435270211165077,0.227888549823873,-0.0401880345474886,-0.0457468477308349,-0.503739389159449,-0.0161890301346665,-0.0499341491093035,27.59,0
78076.0,1.12942552863591,0.376021348717378,-0.160908582695651,1.21054206786601,0.269131469158033,-0.653082025805964,0.608128290953046,-0.276565243752759,-0.490764611971992,0.0063762719687193,0.0023409237948432,0.7656508985179,0.90106428991962,0.418625551989329,0.801114957384655,-0.503490399946625,-0.099583711948383,-0.928654038516843,-0.688423870756143,-0.0234241011878145,0.0718304929232398,0.220107025004543,-0.170030884744252,0.121413350686079,0.784869082726719,-0.259545509270766,0.0031797454413457,0.0187373073680012,53.85,0
115332.0,-0.234010305193133,0.120407327528976,1.06680471164744,-0.99825402880155,-0.0621849907010935,0.0640899997645093,0.632127171943378,-0.154093113016832,0.733425533317476,-0.465514592720758,0.29230233963314,0.64602606050966,0.0536547874670087,-0.375984703291288,-0.69534095611785,0.296739860685963,-1.09843932812489,0.848941829815216,0.0772469009590058,-0.0706012855761974,0.322630807791194,1.23540672406886,-0.0836331201913734,-0.288722248776017,-0.981689519441133,-0.0845861967601579,-0.029073194806076,0.0127341694081541,81.87,0
66701.0,1.48211445470221,-1.06633249358464,0.597359489296477,-1.52754764228023,-1.52153088689397,-0.408984502131411,-1.20626406880311,0.0082200212031957,-1.9347775222874,1.59157827320019,0.930151976459374,-0.410671522778625,0.22490013246516,-0.148369442309093,0.10881602562456,0.116740159190882,0.0711434719329274,0.552696120260178,0.175712819672645,-0.319441573070624,-0.341917563696545,-0.681640141974988,0.129993469896842,-0.0500133831785506,0.135785270696421,-0.406571880372793,0.0369279661542943,0.0158175315174294,13.3,0
155760.0,1.93654229434814,-0.183691485438945,-1.89201037035412,0.421129990524088,0.154310748729052,-0.827068712004719,0.0048813071120378,-0.0798859527386548,1.26627892946281,-0.88094184990525,-0.754244983878551,-0.669897845071747,-1.83859632201567,-1.25111954070817,0.172854524779918,0.0958285060785364,1.30425751148822,0.260223723387439,0.0611812362089203,-0.174188390713558,-0.250390667248663,-0.67128632283108,0.200447138011617,0.499606782309333,-0.127469766954174,-0.115133185481336,-0.0265557957606647,-0.0079324660231008,55.06,0
60149.0,-1.05417726631242,0.219956551812318,1.42223661691794,-1.7473275774257,-0.910988225683319,-0.637245258861425,-0.418545046314695,0.650099890808043,-1.01662331984964,-0.126397988631277,-0.706935987321443,-1.66732173467063,-1.87382259607614,0.354924035690874,0.70796466988162,1.38953768031377,0.482992800802088,-1.49068450391846,-0.40268257582434,0.0125711489980408,0.0987241662849423,-0.0684657462451805,0.059197771058216,-0.0008558037266565,-0.179129414647414,-0.511342728251063,0.202925019639429,0.0769493000916505,28.0,0
32414.0,-0.9953180439829,1.51655212638132,1.09875248335054,-0.180361811965214,0.229705124426272,-0.495517065197938,0.892704479134004,-0.165445457776861,0.236381233650559,0.558306667826981,0.266039016483141,0.234130946755339,0.627662767899304,-0.933541513073956,1.16555139079257,-0.0735828803527498,0.121688197043246,-0.731615648721618,-0.538336456172903,0.553233412569647,-0.380281173052535,-0.567834234271874,0.0104435993547799,0.0278683843215245,-0.0827619401336905,0.086145889800426,0.427234322194819,0.0640778648608348,17.99,0
123568.0,-0.460689412023846,0.607703366296818,1.38104103361425,-0.75418714279173,0.212984528929807,0.130456487465674,0.273581113659461,0.168968719104089,0.357946659836564,-0.652423432905327,-1.15643322370174,0.262242046221363,0.754462208122633,-0.532162337536356,-0.0311616283449527,0.235913812518022,-0.607080373322875,0.0597500441245862,-0.385864203043249,0.126207740546088,0.201207151318951,0.827567492073243,-0.183062775303053,0.677019747224006,-0.28090065962317,0.526792261985902,0.370784914693457,0.227833393733225,11.5,0
124049.0,2.28197118216763,-1.37832394140789,-0.116195038048464,-1.49958317664543,-1.71973950163159,-0.585638354428043,-1.49955995004793,-0.151356462858835,-0.972519352369919,1.47878773570437,-0.918739390168295,-0.0934424484041948,1.8093040689013,-0.985808583504922,0.0392815802247134,-0.155171167976474,0.197442449747158,-0.0385127579889452,-0.214664208970577,-0.368805488991113,-0.270641784373511,-0.183074718779605,0.387104366616881,-0.129546617332703,-0.520957578149049,-0.364049504946385,0.0610185160701246,-0.032881051134109,3.0,0
58204.0,-0.447358468741907,0.984340487609208,1.37787647268987,0.0162274786525344,-0.0397628623624052,-0.792379749313119,0.600552069437203,0.0812901915599539,-0.614868334047089,-0.338989702135254,1.60678953279224,0.483317016814882,-0.363113662585148,-0.144997057631668,0.220786798797447,0.538077302809056,-0.147593412671023,0.340842255195258,0.121583432632427,0.131682663112302,-0.192483731649604,-0.57239921080212,0.0380174347453437,0.472778998680789,-0.223527158437028,0.0426582553922587,0.234107121768674,0.0910949721586841,14.99,0
112653.0,2.03410899949971,-1.33801046752377,-0.383044722831041,-0.914797255741374,-1.06925957805276,0.193191129743975,-1.25597479241783,0.0198820503997808,0.412067527530543,0.593616508270622,-1.60156280022238,-0.183147763616324,1.4621856344699,-1.00834974803637,0.255394760335387,1.61086859250283,-0.307584127713457,-0.925170228464127,0.720732953095545,0.228381695752705,0.212861848162522,0.595432706775281,0.0631496962536484,-1.01930453147591,-0.308839645226479,-0.190623994399501,0.0343003185155404,-0.0299091900270806,92.0,0
68548.0,-3.57343936065831,-3.43824034918685,3.41958334723103,1.19793899805883,2.64642572116655,-0.0452627416873853,-1.67093378765601,0.183569388699754,1.74942503118659,0.272521668624356,0.759799524707839,0.513449290382439,-1.57117900206913,-1.266698905197,-1.43308237474315,-0.719585625086139,-0.0101494447611329,-0.429919540935631,-0.724916310257161,-0.378104393818556,-0.153149504610563,0.530547005929536,-0.444932940163949,-0.224740703864295,0.302394760000716,-0.373086038232898,-0.690246680092131,0.124973716688551,48.0,0
70007.0,-1.10978658380905,1.17968759785206,1.14362185864399,1.50653193915363,-0.542648994092841,-0.146282338255914,0.605552071334782,0.341341421799703,-0.60460651911402,-0.301920046532399,-0.0886615339497529,1.05800418923591,0.92538177654723,0.113695195635031,0.0531887628914919,-1.27537041827383,0.912569484212396,-0.950727831245057,0.506949755511827,0.0592288970056122,0.0609844878428996,0.429438406520989,-0.0601701679850236,0.657554046861556,-0.118874249385747,-0.269815206981844,0.248102084536564,0.0733728090835537,93.15,0
56410.0,1.17926566530256,0.351984007487418,0.928645671440411,1.18123152663838,-0.632444590469821,-0.924033470056297,0.0093426830385984,-0.192169570199205,0.0007575008368169,-0.0718447268718713,0.145292614334121,0.966905226792548,1.13300589550102,0.0298467981577328,1.02451601386257,0.227200345299662,-0.492648083670597,-0.434193391016798,-0.500337129172068,-0.0617468721847956,-0.15465781731836,-0.40981947632658,0.135153505238863,0.692235571058524,0.290400277457345,-0.647326370447514,0.0438027510391383,0.0411565551188841,9.99,0
158543.0,-1.06410508545972,1.62365418370379,-2.28377568513418,-0.131591682940227,2.75932690920128,3.47112874767675,0.042776063736708,1.66691374560927,-0.948656121028889,-0.10890735579867,-0.648900276855271,0.203686546985276,-0.340022294543046,1.25405407247425,6.13438298603557e-05,-0.999481923954666,0.382562728962615,-0.336216122337989,0.663353280319174,0.0304141844655905,0.15466250769395,0.462694783800532,-0.171315295442036,0.715743203531075,0.169120463256576,-0.347888558888419,0.326876761459006,0.152981228405128,10.97,0
58091.0,-6.87747366435982,-2.83248334258858,-0.622955270547005,2.2622658528495,0.26103153130022,1.54732378611898,0.0368157136355486,-0.463102237035512,2.32844665039052,2.1521903913657,-0.318362615071899,1.01062825913323,0.349588328505814,-1.48677201129254,-1.27213115171048,-0.694145817221771,0.110377517837576,-0.510412070866684,2.40685963252409,-2.54405623641091,-0.98284014282463,-0.670541594310762,-1.63535270398338,-1.11357541013085,-0.584480390979516,-0.696907465735096,-2.99833495121028,0.617559411211415,22.99,0
45618.0,1.17641181442299,-0.0054613725892361,-0.339212953337786,1.54810570580099,1.86934133959946,4.30339551487637,-0.969803950318418,1.09223120027004,-0.12866902843784,0.579968319133348,-0.7666975399845,-0.0656426943196702,-0.0577699543606048,-0.186501661535282,-0.236834381987801,0.773552417743167,-0.852688309968245,0.30832154326918,-0.496285918528576,-0.0220705662464798,0.0194739663794925,0.0659407447734031,-0.135792170664721,1.02508456717189,0.689118124956096,0.164117965805259,0.0305558732638838,0.022709982505823,11.82,0
921.0,-1.13170765217198,1.37972364692938,1.43454509872083,-0.338882897769376,-0.030135583271564,-0.130414360375355,0.892126748648733,-0.0464229600946029,-0.0350064211731864,0.91208050958167,1.95580545823608,0.986810390334556,0.377464277984265,-0.147664327322336,0.415267745320431,-0.104666084765702,-0.458583914866227,-0.513102588534284,-0.220737140731628,0.502549438514445,-0.293772139600455,-0.327473570841821,-0.0152897048656999,0.213513851251737,-0.181640930556248,0.0569895287523415,0.479803816681338,0.0477126054288133,44.99,0
135186.0,-0.0444048705879123,0.815341828304902,0.399480469585544,-0.892208247361297,0.933430895500666,-0.565249136415488,1.33962470438447,-0.507608353880568,0.1035332659075,0.470982677525166,0.804815358717237,0.906100899144625,0.599134984122539,-0.330178115153248,-1.07535004324417,-0.0196758218718975,-1.03040015635431,-0.300809617284365,0.299385856990045,0.300253956366096,-0.3551803793248,-0.434411355252619,-0.0500563993107406,-0.327778550242719,-0.453250778726145,0.086297312862782,0.0261798960815173,-0.294394617644896,9.99,0
127927.0,2.27736160533375,-1.41077656615917,-1.86663021033107,-1.98732593431251,-0.330903828915272,0.0318237794781156,-0.853583333646301,-0.159414435500221,-1.81639064390248,1.81172061037214,-0.0662372646984706,-0.390153896016951,1.07848746523815,-0.112692044311849,-0.411691094312051,-0.0628593095366809,-0.303298891320283,0.92194401339907,0.326861428353403,-0.229504157578277,0.0963410971876055,0.609970241564856,-0.091495136221875,-0.317873486417864,0.207833167060948,0.0832499254113051,-0.0266217951023934,-0.0638446164618374,65.5,0
46684.0,-0.893170887663593,1.31119971727662,0.81448939536678,0.0353887999714992,-0.17289113594249,-0.993439385289146,0.589073516867562,0.0951016395787282,-0.722130840471977,-0.473682825785398,-0.501254748967934,0.528335719010491,1.01172555347361,0.304328540779136,0.527214427149219,0.0638226942466689,-0.261261391767871,-0.234234996545755,-0.0421768234891125,-0.156482217366805,0.206544235850748,0.455658636699232,-0.0213061861713755,0.444022621498984,-0.319538916072628,0.260027562465461,-0.282157066579401,0.0995817163545899,18.66,0
163605.0,-0.16049565931606,1.2568451965281,-0.899475207168008,-0.624517938665692,0.895733605745245,-0.470560992244599,0.698310126459925,0.213935346948692,-0.274469656890551,-0.533154545311751,-1.58076192588356,0.281442397036832,1.03439937593841,0.518106698355054,0.420110545230177,-0.131038999942271,-0.629851453949549,0.358277090043871,0.303108155905287,-0.0334109391095469,0.36758181427376,1.21439831049,-0.145360292124652,0.145329081752751,-0.627467340150339,-0.213371730962838,0.385507089961797,0.262009297161827,0.5,0
127509.0,-1.2394584102959,0.234504845463942,-1.0596159467153,0.698924399082707,2.53688865617241,-0.603793985852739,1.18103857723697,-0.82175588965288,-0.004393391899171,1.73494955048999,0.418350226136893,-0.38185193482802,-1.07881895406242,0.458044231288653,0.0195500545166176,-0.652016493927653,-0.82759433943026,0.451029074771718,1.09631720617286,-0.702255713512803,-0.0024103163774476,0.982434740489102,-0.188596680993118,0.163388216879657,-0.819917785036092,-0.621306453150601,-0.345612118082604,-0.0836183893374701,12.09,0
90602.0,1.9733870191903,-0.190079672489677,-0.396554382500281,0.544173919163006,-0.246831423999627,-0.13094494613943,-0.493804000132302,-0.006898384703662,2.33427826415703,-0.428980608888962,1.47003596307679,-1.24434213655588,1.55846491586892,1.55884828447191,-1.41809182683541,0.0225023925107542,0.149530767718826,0.165031190327429,0.394973954228788,-0.287567973036934,-0.512841579557083,-1.03828722627646,0.402857034823274,-0.51640630066759,-0.44200792069771,-0.78276861752763,0.0001117652925685,-0.0561073709555309,1.0,0
124276.0,2.07100155239925,-1.16279391661587,-0.494859553822181,-0.353431764165236,-1.22733330922965,-0.195322394163235,-1.1657409245529,0.086086631925331,0.433295572184032,0.838772007832028,-1.54830772985351,-0.881441585903953,-1.18231502139599,-0.0811656390809745,0.399022856851864,-1.1084944637123,-0.140020693997062,1.57471962753022,-0.961151325497022,-0.614720085665008,-0.18370289969824,-0.0055608888629425,0.24648317901672,0.716959972237528,-0.397363079198576,0.698737792076136,-0.0260519776047596,-0.0383128698984706,35.85,0
149581.0,1.97565423885693,-0.0740725728349192,-1.88925018020354,0.182571112819414,0.466338984997174,-0.353928135392414,-0.0293365452284998,-0.0164268796102422,0.81037792088488,-0.676727612164965,0.821691808426732,0.721901187148187,-0.351568321772135,-1.23981294734484,-0.735021738404718,0.323425311169654,0.682021947349929,0.695123506737465,0.562497768122422,-0.105143802970658,-0.2154990779757,-0.483070204412,0.148058369871737,0.229267569371906,-0.0397167902322295,-0.120351642507789,-0.0211176271842518,-0.0251026909113161,30.0,0
89262.0,0.160786427020426,0.103803216808249,-0.32328037372165,-2.64978418552255,0.966918906790711,-0.470275531992793,0.800554055894273,-0.377995656956911,-1.24264833523326,0.617989542946379,0.138920395150314,-0.0404562365121754,1.23225156305778,-0.394171043950302,-1.24897785519726,1.36072484820166,-0.955377305666912,-0.626229005747106,0.235070264023026,0.254148156625825,0.507774636576005,1.73335324055095,-0.305379260309128,-1.01669002999385,-0.598420232812761,-0.191518521760488,0.296408548891134,0.0635128306286728,15.0,0
121161.0,0.113638009631518,0.0087878520376333,-0.129049830462228,-1.24304921414505,-0.409582864059274,-0.897337610930784,0.78557563600765,-0.32906300707663,-1.12482806426233,-0.391175148940654,-0.454380340044235,-0.469590462558766,1.17559250931423,-1.77532843544826,-0.320750010213011,1.08766916354029,1.15473429505458,-0.799948252663769,0.695449316901361,0.43158710284509,0.361580741076019,0.943480591321311,0.346969932119501,-0.0186990948685898,-1.15062190650208,-0.34145015787963,0.252780598855163,0.303780559946879,142.55,0
124598.0,-0.814241101948746,-0.0102627488204509,0.876202704317346,-0.682059526894522,0.454177083046674,-0.241237233898364,-0.0883362802456957,0.0428108870345712,1.47991530842669,0.279478161166789,-1.82626972882952,-1.4866949325762,-2.32031604200688,-0.240835896543201,0.273355547490345,0.397448756684208,-0.723737887203002,0.57279802128012,-0.310314685339302,-0.132189931989109,0.120025881826023,0.852232654459544,-0.247820579804242,0.491679176951833,-0.896767291072362,0.468515804721747,0.352368875412821,0.0916302805102781,24.6,0
67710.0,1.21287963073387,-1.2814583196555,1.68331247607791,-0.272861655922844,-2.01742165922308,0.748733574585698,-1.88189122325277,0.618165122872336,0.763453480627275,0.450567123641656,0.569179317409006,-0.411822331067071,-2.30177371772987,-0.723754573908399,-1.59693746713106,0.50562435871229,1.11791778165432,-1.11718627016639,0.859045559107447,-0.14120637897153,0.205641733282282,0.851283001568731,-0.0206326778634399,0.247385560105636,0.277208088592131,-0.038796628218109,0.0852806140215624,0.0107518383974786,2.0,0
122666.0,2.09601607068306,-0.805240220538127,-1.30832166383013,-0.640877423072022,-0.678037007371221,-0.640195599516789,-0.935695221060434,-0.0480300827418415,0.143240212655783,0.0784050596530543,-0.55940507344754,-1.14316745033608,-0.352950453634317,-2.00740572576559,0.449768851661321,1.75610208648897,1.34266622151764,-0.301909756627093,0.25160916098981,0.0913715342756932,0.237976873707472,0.644264696720415,0.104605172258285,0.548986001652192,-0.146184249198113,-0.11812596880496,0.0142653375151171,-0.001230360186992,49.9,0
63509.0,1.23810374258684,-0.0881531571978775,0.386923453690142,-0.241933314076899,-0.192426702373796,0.209468123746059,-0.398466596280062,0.180042142828026,0.0915521352571286,-0.0363976306079969,1.10807868750147,0.814265135607553,0.222747694252161,0.304210490621807,0.836276253869707,0.597440922330056,-0.623915868881753,-0.257265793501048,0.197490270399581,-0.06462200002548,-0.213726744525679,-0.625865058880263,0.112375495669609,-0.629359102896335,-0.0071246582046912,0.798680434338927,-0.0544660531573816,-0.0072345221587975,1.0,0
153204.0,1.48482422386207,-2.94627203796133,-0.593283915948316,-1.43201894695593,-2.05283845612919,0.54684117630311,-1.51392201420687,0.185326463852034,-0.802914571309615,1.50680791594119,0.190650236316883,-0.555126349906426,0.01228206876548,-0.489892612714673,-0.162130255931685,0.433705077304287,-0.131705044321027,1.1865004632729,-0.105702477116992,0.371980883091295,0.146398672986588,-0.0230666166670742,-0.0109751591691933,0.319901224228007,-0.685828976517689,-0.299117409639479,-0.0203991310546264,0.0296165970643575,398.54,0
32320.0,-0.612401775161181,0.768164849896439,1.35511635729176,-0.609054655984642,0.445362066781369,0.245381705146213,0.585487762631318,0.234675308914498,0.245339921915715,-0.721280216547312,-1.51766326630596,-0.312650328604554,-0.639943688725074,-0.183566110536235,-0.415582300287174,-0.0851911547054997,-0.224356370527331,-0.756495782726487,-0.340900285805099,-0.0428776506418633,-0.273501557093382,-0.556733635481321,-0.158151298072409,-0.772531798320709,-0.109156518588737,0.230427455846004,0.318569341086839,0.165651611480676,7.0,0
82873.0,1.19943540549104,0.0995726741334209,0.470484429448699,1.07939162666052,-0.264435345062913,-0.134940851642868,-0.195942679486538,-0.0362036667768663,0.288491491589705,0.0174854563438722,-1.16782005931597,-0.0253366370887918,0.429391878346596,0.048985786760383,1.25030257368677,0.67566503500551,-0.919455244023854,0.457317693392837,-0.319925204354209,-0.0242365242277044,0.0974396636048031,0.26995035555608,-0.214049346678636,-0.434839552745371,0.632252878419234,-0.232798739292498,0.0361281984937206,0.0290288438188333,38.0,0
125678.0,2.05245889226585,-0.217292570062212,-1.81844352919192,0.221403644139503,0.537245523008493,-0.301070183009906,0.177565344589059,-0.0923578248251741,0.396449058536144,0.321890606579252,-0.234559542111912,0.025469156695393,-1.22077430639153,0.799641487102133,-0.508324077854549,0.232605094825086,-0.764602847041207,0.133154841154485,0.706987899473875,-0.238090718126157,-0.16989872299357,-0.471077256498241,0.066630665670808,-1.17549181212245,0.0069261330606685,0.239104387793155,-0.0860240693763855,-0.0858775956861324,24.95,0
32563.0,-2.19848999146348,1.11143320974078,0.962725077728573,2.77052583808009,0.265426260278977,1.73079411198295,-0.505490076071626,-2.98767261842919,-1.32296214492411,1.24622848353785,1.59058871276109,0.579803792361376,-0.0242800198854679,0.551343220753836,1.04944838874455,-0.320580505561183,0.482393763895435,-0.233357872438578,0.350470563065919,-1.43632081834615,3.0525198226814,-0.0832061406428529,0.490814556805422,-0.266094468147563,-0.420220730467843,0.340254833171115,0.667369854591193,-0.0634182364344029,136.9,0
132591.0,0.78820847144783,-2.69071435087195,-0.381695475517061,0.860535405186864,-1.99236402288639,-0.0794315682628643,-0.441600598319293,0.0393774857495178,1.7594706087213,-0.264727607219953,-1.31965637969598,-0.529608120113392,-1.15534562499371,-0.0441676919242353,1.18332520091121,1.00899409809244,-0.666274926467742,0.696087300509546,-0.605470245123124,0.977543695947798,0.549528240261654,0.312902991230319,-0.287611918618142,-0.0712761098605994,-0.826908899388691,0.57343653022855,-0.121728688178483,0.0669281111344096,619.0,0
128195.0,2.06304604362587,-0.0099415942451873,-1.04932376055294,0.413002647503941,-0.100578777724811,-1.20668574911892,0.220135532566337,-0.365528081494299,0.460850799262248,0.0579787877686793,-0.642904553386806,0.722991297136245,0.591605022205098,0.170519705080026,-0.0187700616888252,-0.132690104935957,-0.315084806249137,-0.93757666317569,0.139354087648225,-0.191820542895256,-0.282902616626899,-0.653841130139754,0.335410679984705,0.0607735447569763,-0.281482219056789,0.193663123299071,-0.0671663922693434,-0.058797906291299,1.29,0
127600.0,-0.0750386179766294,0.854048999938982,1.61245877856844,3.29061546738372,0.444649465329443,0.251094202056763,0.125598591924406,0.14825608226822,-1.0636644768589,0.872684094123938,-1.45376731154665,-0.0799788196673191,0.876988711428576,-0.505257038148883,-0.887478969992697,0.964808856961716,-0.912285970458042,0.197995386580828,-1.51234870131324,-0.0689217458070696,0.373792553181165,1.13566937690767,0.0174263002154468,0.0549449315793758,-0.789022344308034,0.0267807194983246,0.159478029998753,0.135197099789515,10.61,0
126732.0,-0.165691175169724,1.60000492038271,-0.179388740585849,4.37140450789386,1.73308827856204,0.128300422990287,1.17170721867265,-0.22561219385665,-2.34979026048012,1.92789267715779,-1.21621911686659,-0.531536597540918,0.605156928111433,0.478369547096693,-0.0947737684771933,-0.874390429320914,0.312336113379078,-0.235247538272703,1.38641598146257,0.279420475564997,0.208895221155288,0.875943339908689,-0.0085557627531026,0.710214775379611,-0.364277159010449,0.479974414486532,0.332345334205986,0.292491482444908,0.2,0
124028.0,1.94487252700618,-0.615483495106951,-0.644072579516057,-0.0885241679177483,-0.307240780570753,0.382528299312735,-0.747174058157929,0.177953214007294,1.2359936547718,-0.0690130026708369,0.299293706208463,1.10270066319177,0.442351773549452,-0.120544201956829,-0.142756075789112,0.462763717809306,-0.940030084191125,0.792746851255854,0.365754845650159,-0.0742462693977318,0.210420228092428,0.743478529953713,0.0658130331025333,0.246106463207006,-0.110215807535973,0.100687811915897,0.0034145211280622,-0.044917019323184,35.95,0
148070.0,-0.562531004337175,-0.506483675311787,-1.03946246854799,0.218594750871679,0.677859807828739,-0.750325710988256,0.246022231461141,0.247663219012693,0.20333813783214,-0.675190846884139,-1.40348106283716,0.871656247605528,1.04685914294632,0.298470241921543,-0.392649159218115,-0.773853699180577,0.121331795304367,-0.245943892024163,1.22053550280294,0.377078096504131,0.276118884122749,0.459273629547373,0.64291933073193,0.621261367690237,-1.98201250791452,-0.311335909138255,0.247869778898583,0.167263023808627,118.3,0
75046.0,1.0640588322156,-1.71476857211198,0.592918768885625,-1.23587097975677,-2.02299756301457,-0.662333565158353,-0.965495644533842,-0.0513658503118644,-1.92125595123844,1.51347528553425,1.32751596028812,-0.482276356378001,-0.315553104015732,0.0242823498237903,0.146656677448725,0.0094388669208414,0.298592792662867,0.477665373719345,-0.084827547975089,0.0324286323403339,-0.193143203449827,-0.725771350632401,0.0275817472167365,0.466530934362526,-0.0241741026393642,-0.458330438446563,-0.0025972393927694,0.0543023839735589,210.0,0
106376.0,1.93327755341226,-0.422345280013156,-0.233529857092954,0.584743092113042,-0.809940090850587,-0.795130121675635,-0.565872034286528,-0.133989427294833,2.49798812950745,-0.349890852489946,-0.0277345292907972,-2.7691817846764,0.492398185022946,1.64069864942329,-0.0811299187544332,0.441935023231776,0.313002549846918,-0.0735823860992544,-0.246283192867097,-0.240043548521381,-0.404403410678547,-0.960029121069273,0.437484673556323,-0.0593372835651783,-0.728729265052031,0.191569456662853,-0.0814418041093821,-0.0459739584212544,45.84,0
61952.0,-1.11738791978554,1.1034749512892,1.67431715372842,-0.496387344849636,0.456900206900511,-0.529579966832216,0.895919142060302,-0.0796142286510841,-0.574262553332088,-0.906100846023634,0.0280584347445649,0.205033540306796,0.495762483041451,-0.565073386200423,0.74413378947354,0.300233906261927,0.0160686378864256,-0.719441304643087,-1.04047078692379,-0.117557828457445,-0.178003950016422,-0.641705023248944,-0.104181490378912,0.0346128045872167,0.15792292917281,0.0142598645654411,-0.260215838188315,0.0973857268233173,17.99,0
82244.0,-2.72636093071726,1.44418416851263,-0.788270313428616,0.280516615559296,-1.51039279878604,1.07112960254261,1.33282138573667,0.515955613312004,-0.280293637196636,0.358989201383564,0.55594216309244,0.404553738001019,-0.306429619490183,0.757927298539033,0.493354321607348,0.459004367302382,-0.416567688623373,0.308048512688776,-0.0437433865412241,-0.867564801372635,-0.0224411530825304,0.319865014796599,-0.204295710242664,-0.6259985586648,0.335090221812669,-0.344564947270524,-0.319053577196467,-0.387783422377574,290.97,0
70903.0,-0.869727540583428,0.755792822893828,1.40947458088525,-1.20360878687769,-0.113379584316028,-1.10509171295859,0.513753143784839,-0.293985856371053,0.144656753013033,-0.421229995109122,-0.30601780164963,0.424510818702164,0.841710917949165,-0.348922594800814,0.449448151873784,0.568382621601828,-0.769242316175871,-0.495936477871156,-0.709263416496451,-0.174957994214564,0.0179956460483295,-0.149363932639507,-0.0294816825450853,0.454353983757876,-0.415979648835264,0.638223234923263,-0.603722207442598,0.107256907565767,7.68,0
103356.0,1.99681281591787,-0.0378735785274705,-0.471025705575437,1.15087260449553,0.150645781709861,0.527997917923286,-0.668394986929901,0.0607178655906751,1.91046117393244,0.0007525984209169,0.900283354404941,-1.57756969533182,2.48529658352901,1.44790311015262,-0.604685932531241,0.855685427377712,-0.683227745919517,1.30156506020112,-0.340088287099792,-0.224130949139216,0.0641505332435375,0.610287730482146,0.0065464137462608,-1.21730887294966,0.0111781160630345,-0.548625863625397,0.0332966332574424,-0.0574967529785135,1.0,0
15938.0,0.730026198497868,-0.925332422307428,2.00311631753725,2.44406932629355,-1.47339800754581,1.40733367463727,-1.32143780154891,0.483215929552892,2.37556547730277,-0.157239215982937,0.72524974810191,-1.6504912742252,1.19024101706394,0.381512581029157,-3.17786365867717,0.471410933510262,0.589100978413531,0.655047580158148,-0.0925741297020895,0.181304945758582,0.0075086355038321,0.291013023254945,-0.264117140132385,0.0431071597602831,0.183267238324843,1.12960129556005,-0.0434772223631273,0.0350668962524901,179.88,0
115492.0,2.18908981651935,-0.683260596524069,-1.4243983564198,-1.09412763756402,-0.257678768832666,-0.698785261682979,-0.408475452881692,-0.238581940023533,-0.923857660743439,1.0186952192304,1.21986364373874,0.448653653105047,0.901648123101063,0.0599401712494359,-0.417775389974997,1.05799117285196,-0.157435393197047,-0.878321578885646,0.705785161430158,0.057712507692258,0.490525951909062,1.39866852865026,0.0042617819792165,0.84567204228129,0.213844607718678,0.010060418693827,-0.0429083241109927,-0.0665089045953542,15.0,0
137629.0,-0.646951233724183,-0.368962415755988,0.748930821971303,0.702110093390501,1.17351174896577,-0.23720409261248,0.088696002647195,0.254680157583489,0.67335785412815,-0.592951923928339,-1.84975059040309,-0.0735589666636213,-1.11336375229424,-0.13005986833172,-1.56034833232195,-0.426405738537022,-0.149242184837836,-0.572697773146584,0.0253873881035239,0.0076188408945392,-0.279764234743673,-0.93455889344006,0.597461636528947,0.484106047752799,-1.32865928873139,-1.33088514470288,0.27416770036773,0.307133896206118,46.9,0
125631.0,2.05167792598642,0.01492155202324,-1.83062028734184,0.243623075945551,0.513547794304333,-0.414581378891218,-0.0023507235682722,-0.0044787813497036,0.430709328789236,-0.17481207347057,0.667780721331305,0.118934361355066,-1.13178435695972,-0.434009341262104,-0.34593995415053,0.653738674921002,0.181633381115941,0.427004395251099,0.461726063562082,-0.209376988606503,-0.345623462163563,-0.982075146136231,0.304552120789973,0.153942503687493,-0.288165115688497,0.17642002265289,-0.0745489709020419,-0.046091273362044,1.98,0
120352.0,1.83708868460743,-0.309435570276814,-2.05925511157011,0.465533107324144,0.261741216981524,-0.735162082057219,0.168076620416021,-0.0111652587379928,0.494265607923553,-0.240538694775035,0.941100895069339,-0.554530569001622,-2.70266274937473,-0.207912643576219,-0.218840852757772,0.472548940909743,0.693778774966237,0.492265086629442,0.150026973972009,-0.128321219062591,-0.18085268547825,-0.771690903312802,0.208466215712116,0.547409394926562,-0.283809187405047,0.273922886887122,-0.106576653847355,-0.0301406203186022,97.42,0
88962.0,2.0021626758865,-0.520793616270139,-0.536742940371499,0.347914025657106,-0.507547141213118,-0.161165058032639,-0.631990950355641,-0.0344045747402418,1.28530218433347,-0.0028632884183701,-1.62540434135393,0.234702242850376,0.535900765290325,-0.359608839318996,0.375306952876389,0.513994894990527,-0.768813765948393,0.26788143454631,-0.0221205275891975,-0.110516992982904,0.182618125903767,0.734455357441187,0.0140888526401354,-0.639624745345122,-0.130006635520047,0.668988434617398,-0.0222670011293691,-0.0512982777718251,29.99,0
168667.0,1.99749130393972,-0.217491629292182,-0.231697743061906,0.455687516080273,-0.663277412489015,-0.749143903694021,-0.413847571028631,-0.127598284473432,1.17922415470779,-0.17868631547386,-0.688468336273253,0.886303925841494,0.756749715485268,-0.169574746664679,0.576358447070151,0.156781220983728,-0.576881110957061,-0.282019170818565,-0.0814798512464291,-0.199943610712325,-0.1761288058749,-0.304342416874408,0.372099457614718,0.0194490542382272,-0.40460983955502,-0.626282917733405,0.0408947560584613,-0.0303458901497408,0.12,0
50029.0,-0.398222114655657,0.850107254243838,0.824578248178566,-0.592869401380998,1.0010436116267,0.870898681267842,0.465884585315101,0.346308872152587,-0.498292365252728,-0.177720052874074,-0.0720006737607655,0.0082629393827025,-0.044827515611348,0.319535822802553,0.55708889485233,0.619412300806775,-0.977814293529603,0.293544641974934,0.597400314567482,0.127751107736259,-0.261632112111758,-0.710105806031195,-0.202956523075319,-1.73786908867691,-0.0733716405345034,0.191439158383136,0.271932559089574,0.0899737216122361,6.25,0
35695.0,-0.553019511905124,-0.383668021740041,2.51531503909962,-1.17803624403606,-1.48948079791672,-0.0988759716863567,-0.45164305939807,0.212778374653758,-1.16688058846938,0.263357033744955,1.14390939088773,0.399632333045321,0.64068992823889,-0.32839826371962,0.506581525155159,-0.617652669692374,-0.531163998439757,2.23589087591458,-0.792804989144913,-0.1620427214789,0.0641712829863515,0.480006788278463,0.155586066467674,0.568732400170109,-0.710123887095529,1.0114830772833,0.0802071218787804,0.14120914042826,85.85,0
53641.0,-1.3507963010173,-0.805695618419101,2.62910941307429,0.308624041348628,0.301712766729765,-0.372628475094489,-0.940411461443645,0.398570931222392,0.37935424773616,-0.627195661080009,-0.565127652811736,-0.0385423078794376,-0.37829726583581,-0.31229647565116,1.04608356708491,-0.630402484774554,0.667225608290076,-0.445351155979436,1.07861119097661,0.428647697317898,0.0653586268283236,0.0192762539518451,0.0806120208872469,0.135544931138416,-0.132109210155053,1.2027014040378,0.000650211519269,0.0925222472798284,21.95,0
46874.0,1.29525730992347,0.40023495026007,-1.83261628017532,0.133846130915669,2.55145233792616,3.06013530222508,-0.285335459245507,0.756222477632341,-0.209661164491373,-0.504605995167711,0.263594185729275,-0.24198676296053,-0.102880743827448,-0.906357671820697,1.24929876707359,0.831598952688335,0.174897120873209,0.914020937041026,-0.210347367835386,0.0166303976154862,-0.105513209895159,-0.385454407721567,-0.154807647194638,0.881590642449145,0.849887574532662,-0.311819090710884,0.0340991809634442,0.0443435419495852,1.0,0
123097.0,0.134661315446048,0.171630669719899,0.164025900409569,0.775754814983069,0.188275637425125,0.044454648216109,0.931336438671706,-0.207559334218605,-0.57417198165769,0.569983990122395,0.790552376332702,-0.961677573501169,-2.02934222652776,0.956961931981282,1.42742639496871,-0.832402558235055,0.240227044952639,1.0264052588903,2.75789575267496,0.480518088568471,0.388376898076448,1.07680722365771,0.110171186566026,0.80220765120158,-0.79960606797325,1.05865655568767,-0.0484726599573833,-0.0219084121794429,123.14,0
155152.0,-0.523935099630664,0.69149653287202,0.36543975533318,-0.121575448134396,0.84210874166806,-0.215764088040429,0.494455132186935,-0.857452823065435,-0.636818206925815,-0.138612793366816,0.584833227302025,0.853108871228557,0.417568484600774,0.39238645024725,-0.425690190772713,-0.315896155755031,-0.269485418081446,-0.0573392959122516,1.53142340928483,-0.185045787783415,0.59731294932975,-0.536482258560098,0.322575544735614,-0.456912356392036,-0.686921167194309,0.322200570267565,0.224301323963986,0.14513264450414,4.46,0
171412.0,-0.267177139667153,1.11933331671646,-0.605862331065813,-0.564565213388479,0.516308138510307,-0.503540826276133,0.513515204467417,0.41268410724479,-0.392660800185885,-0.337507901930454,0.597703585156033,0.550480276323256,-0.455346801894331,1.0176487539367,-0.145826203928911,-0.144010503722105,-0.488579138064039,0.685765365762941,0.256475425052847,-0.130509925991758,0.458924661772133,1.37904348448694,-0.043368738431726,0.730600084569071,-0.811760948859692,-0.266330267358385,0.377050494541578,0.255760639455606,1.79,0
159626.0,1.91436961326151,-0.503246086959613,-0.25650579995678,0.481484198717525,-0.831003126488378,-0.39734465312383,-0.727918080121699,0.127594275439515,0.935597670433868,0.288531605585892,0.802960724700089,0.382515535479662,-1.05975184200613,0.372825672184339,0.316032676099285,0.681172599407825,-0.77575347661035,0.645741702056435,-0.282740823598464,-0.243718822371879,0.247170531768303,0.747099793354725,0.186073082923879,0.0243288383087297,-0.386581554362621,0.339176508076723,-0.02335453664875,-0.053857953213014,20.0,0
57014.0,0.884128286874853,-0.292591100024689,1.27889610310044,1.22546557094253,-0.321311355420824,1.66431734214616,-0.81414165058947,0.631990572200143,0.773569504435696,-0.422156151920174,0.545581500311218,1.2281672242696,0.399060029010692,-0.310437302277815,1.19286635321434,-1.30311849130923,1.0479607912253,-2.16826302299337,-1.8989363415451,-0.187960218951871,0.103039925402688,0.607947306660635,0.130141530391132,-0.623404926487006,0.0616835303781118,-0.305208216771808,0.141846748058151,0.0331604733711288,40.0,0
58739.0,-0.772258059275814,0.344287421350239,1.62043973822556,0.716752085934411,1.14791816519232,-0.695093827038082,-1.57023633713273,-0.657760346770804,-0.490728209658962,0.31647237651336,1.81244985225816,1.43016348964249,0.87385346513701,0.299041430986227,0.887457696035296,-0.376619915140839,0.111844999695061,-0.021997470778836,0.471206939871368,-0.20616012200795,1.11837957802814,0.479401444218755,-2.83054431275432,0.453481712344509,-0.934903137207247,0.54529630377277,0.302489777639987,0.105528833339859,102.0,0
119349.0,-7.741700327324,-0.572346175342102,-4.34625084369552,-0.298349809024626,0.842882620694486,1.7441002175274,2.26403809949726,-9.93828291627629,2.4940213701147,2.14716948779684,1.79767335008242,-0.599952226570228,-0.384528237750736,-4.75974677440474,0.130440442395145,1.66095763645194,0.97395530097284,1.32623512354866,0.17719826977117,-5.79008712700284,5.211561817935,-1.89746154032667,0.872988486026818,-0.317309114884139,-0.0659644735110124,0.340361607698623,-2.90905212220995,2.92876375691423,415.0,0
126050.0,2.04021105776632,-0.146974974784838,-2.95593366483195,-0.578355978867139,2.60935827084169,3.14264153108879,-0.41688284124123,0.784392948319733,0.359902378888007,-0.351075101407957,0.329650883701029,0.183508120624656,-0.272918545002545,-0.597436665174528,0.583896810292507,0.178675836476532,0.473898278297672,-0.498849798665041,-0.14009868476221,-0.120714034280473,-0.35233380052375,-0.996936774828093,0.36348490597863,0.60482656975204,-0.26455958625151,0.219670647442604,-0.0392094515896982,-0.0427869554036275,1.98,0
69506.0,-1.58324626593382,0.967987646985898,1.58608325376682,1.40750882778618,-0.961885610805684,0.245842031747557,-1.00517986336661,1.13530301690206,-0.0631550929199319,-0.520062626184345,-1.03514053222098,-0.202963527009418,-0.857240787001685,0.529038785302968,1.24905748333792,-0.218607663145028,0.628205847130371,0.245713113561049,0.310668486093467,-0.270563089538511,0.35581145055254,0.781908764595245,-0.181623418532189,0.0836225915800677,-0.204302061057564,-0.125223682750115,-0.321442601878332,-0.0070560182745725,1.0,0
38633.0,-1.62090484806229,-0.728446518662412,1.39836143812534,0.520840951623651,0.267567262868287,-0.79067020182257,1.78894092308901,-0.400589605368092,-0.581062457635218,-0.67144006190323,-0.525057431096754,-0.0390487246034459,0.363678278714994,-0.0296509575022004,0.328045061020561,0.253653143419842,-0.860041607264768,0.110171983174453,-1.08552972761889,0.891632464397102,0.37444128972655,0.401280892681621,0.584686380440494,0.352204390830955,0.45787072970299,-0.475489730467845,-0.221927724334886,-0.0734276910830338,342.17,0
96913.0,2.12380336159708,0.0807808064535794,-2.31596238096186,-0.0659281715448606,0.980548672418914,-0.758940338246821,0.497985165832855,-0.373200839112649,1.40139254869101,-0.16115043104413,1.35964654587794,-2.30293110081058,0.580086987516774,2.59858646236751,-0.874145421865218,-0.248469184574788,0.0692492898519074,0.551876453299776,0.407711424673942,-0.276062625170307,0.002028573596167,0.264361267674413,-0.0681425972403907,0.164512303262625,0.439156200381317,0.183654978396547,-0.130226357692891,-0.0944294894844124,11.93,0
115012.0,-0.223628217980368,0.928293164165,-0.303304541843773,-0.899439014887079,1.84668312887923,1.48435271977459,0.843001655663572,0.18129942432896,0.0033420850440083,0.170199880578699,1.06586626549665,0.926062079337793,0.71443804003345,0.240211123834829,0.97288173510465,-1.26059296446302,-0.169950049776302,-0.388357583853201,-0.0591134927534337,0.25520062286794,0.371885975223833,1.6748681032387,-0.268820632453498,-0.895629614265745,-0.479732423976033,-0.348859301318684,0.486086050299766,0.104267691099138,1.0,0
115479.0,1.97156062921737,-0.359512912312683,-0.209440616802334,0.529010365630963,-0.770114518799812,-0.609526360276087,-0.54724997805748,-0.106377713604983,1.36133159548593,-0.186949584788222,-0.858417137302497,0.86622786701266,0.822361721102581,-0.338096119888694,0.3954904202555,0.0368421187653576,-0.534290274777922,0.10595744714317,-0.242720831370806,-0.173567065304477,0.20371249232395,0.87779691528568,0.110460256591938,0.0911586077598072,-0.0748776820588529,-0.218307176478555,0.0461190908116094,-0.0343623754395851,11.5,0
78785.0,-8.20311608852939,5.38615288007431,-2.4567846031151,0.222826925835611,-2.72561690591087,-0.324802924963949,-1.52741985359971,1.22023489478723,2.22974036968759,3.61606470269675,-1.09801877701005,0.607718520559755,-1.00876063821499,0.433808977870324,-0.0594639079618196,-0.697497921046147,1.16937263959535,-0.905455106085406,-0.306702334169402,-1.09079511855053,0.759832329486773,-0.0546963150192741,0.355129980671057,0.342851909303646,-0.0465065477156021,-0.857820245929255,-5.74893413084303,0.452038945329193,22.31,0
97475.0,1.92979683620143,-0.329302254484475,-0.718324259829283,0.551478415869202,-0.560565302836039,-1.0239150294291,-0.215640266991323,-0.200735058318488,2.31030000520097,-0.374688783782032,1.89225998586198,-1.72069930555182,0.164795314390153,1.95311478489045,-1.78831807020264,-0.594288070794376,0.709673648236846,0.289380517970925,0.148208798529556,-0.333902118448225,0.0160181095653962,0.487477704173346,0.100890128291223,0.519119818145101,0.0248877974224343,0.103274311378842,-0.0672928877036409,-0.0724069408003628,24.11,0
17349.0,-0.759496546040921,0.978537869567133,1.36699810126997,-0.925379650491408,-0.570804253729867,-0.844671384339943,-0.0657004698581213,0.478574069375178,1.34823968053455,-1.26612730114267,0.682451481834201,-2.69654102985019,0.616456507724314,1.91616786492471,0.0778270980814505,0.401970139950631,0.662320813911033,-0.494397797774032,-1.44254440055084,-0.260390312726794,-0.180083839064552,-0.363605549814235,0.115739945715454,0.351869116105665,-0.405155885968826,0.699659921448269,0.0356047927012865,-0.0037170434324403,0.77,0
125190.0,1.72574816999812,0.0206139722582871,0.222103095681259,3.94269430332573,-0.419617967318695,0.334398697543469,-0.473755650744059,0.127110287051945,-0.223007014752649,1.34354264673479,-1.39930515140673,-0.304197768043875,-0.137500521654094,-0.210814581312254,-0.504047502057412,1.14358470678145,-0.843995967755703,0.0459654776409713,-1.86330975824686,-0.165963283434053,0.272337161434485,0.757278268623665,0.101014357700956,-0.0297740025488964,-0.234532010609254,0.0840931360359946,0.0054348603018983,-0.0212495060556151,73.24,0
140108.0,2.26949078829427,-1.353966836086,-0.641970558885727,-1.6490845266016,-1.28504128051742,-0.388286778159207,-1.27646696219133,-0.121109057274799,-1.44991024915313,1.69212580612321,0.593890808931036,0.454466512474678,1.62004087300384,-0.606136274562992,-0.881796988557657,-0.210287110166656,0.0088632531514543,0.458358827666887,0.183060508334605,-0.353037472921201,-0.102939441079674,0.277236593963851,0.199170743820741,-0.323452628551779,-0.228613627573642,-0.17923217946962,0.0314190216907884,-0.0562657487730242,9.6,0
163247.0,2.02145064256645,-0.999555508466646,-1.36574264285857,-1.30539492851562,-0.633552291887243,-1.06162855093884,-0.107360601359116,-0.402664127044246,-0.190153590533379,0.326858517336252,-0.376123765333998,1.04274235911105,1.42324146308995,-0.101673079736183,-0.11911268761083,-2.23501059518873,0.309329433524221,0.145822267820555,-0.300477238442787,-0.342505955678217,-0.525439133200064,-1.01113887346835,0.353449660153195,1.11924805752276,-0.353596298315361,0.378963146524835,-0.0685182941131743,-0.0357750336593105,91.95,0
75987.0,0.531677667103558,-1.10884388617723,0.276971636699877,0.386452987835261,-1.03890566954014,-0.81052626462466,0.395581565089388,-0.322635011125848,0.0684602577905426,-0.379351789365339,0.0279377951764169,0.964577730716519,1.55589116974767,-0.0469478966037366,1.14246851601924,0.483454973193163,-0.46296027518758,-0.606465996745094,-0.124975573639636,0.801042849218521,0.0005892458561635,-0.824565788499207,-0.174821233576279,0.479534682214854,-0.0943350382716498,0.698328817262256,-0.130715650314087,0.0832273075760608,386.6,0
127818.0,-1.28051452371994,0.252636749466036,1.40104831770828,0.360261649804066,-0.431084195460021,-0.345788004623072,-0.387442683708306,0.560725825768433,-1.40753855717141,0.321512572234197,-1.553670213594,-0.812231278631616,-0.602316864731983,0.401051944743505,0.667993546315247,-1.71481180374889,0.355581000963278,1.70320857543986,-0.204207438926157,-0.212511427332834,-0.268291693799172,-0.471365461400441,-0.237281501826718,-0.166157493785145,0.53296605470673,-0.342776640758464,0.245421654228444,-0.0031022287170291,28.0,0
69887.0,0.974853608359266,-0.391818573877252,0.666217604258827,0.275133318188612,-1.03688414576592,-1.104518744518,0.0229891084164306,-0.231424498314656,0.206158689213558,-0.241780445829639,0.167546940292579,0.59999870063463,0.586929461083952,0.0908015195087667,1.18359317390208,0.397381012752958,-0.302095816183424,-0.655606675092514,-0.164672570688367,0.2428141113737,-0.134383955355572,-0.708242588332274,0.0888063482893219,0.7694761290243,-0.078480620727256,0.706814758163076,-0.0903192021697727,0.0425966804076501,145.0,0
10529.0,-3.98449767507726,2.29224192655552,0.593174302420537,3.55756087345575,-1.30830190685916,3.5011220566211,-6.5373529919731,-13.2248555815179,-0.825259612495272,-1.90907578524179,1.29902522214653,-0.6650817992362,1.07280969897661,3.36377740868162,-0.638898595893791,1.38325062222898,1.1675381634904,1.10968282520935,0.0497619128756719,2.03525811746109,-6.60880084961881,1.73644109389278,-5.44774568343191,0.303198278522061,-1.67912116110754,0.179621695061308,0.970096958219228,0.069526579171774,760.66,0
142275.0,-1.85982123385248,2.80377015478942,-0.388425212377254,3.83404223135337,0.887402177288083,0.708822011347674,1.4394080596604,-0.464265558601754,-0.844511945918678,4.50101763153399,0.425863205869326,-0.213047730437839,0.399015955310577,-0.398394623630011,-0.433644004047433,-0.769795749110073,-0.381266696861051,0.459222651208983,1.56560163496619,0.82065867938933,0.0585116557303764,1.40662327047511,-0.478138828624034,-0.437425079056647,-0.167892053265959,0.445102757941565,-1.31600019087187,-1.22845533826686,43.16,0
108925.0,-0.0835653052396868,0.823405584574577,0.317839437907792,-0.558929121494432,1.10791596700604,0.48210092514493,0.664304196884996,0.168017560433351,1.24130692911501,-0.922712323617528,0.672034815216944,-2.14484182110537,1.53893433117579,1.64618936936811,-0.313764783185847,-1.04920457533943,1.20624441053985,-1.90265868899652,-1.42438358609856,-0.189073694927103,-0.327033742572127,-0.402785311455064,0.167839547376092,-1.10290488445538,-0.742416315333333,0.200008184791647,0.27376627069807,0.0790463564483541,2.67,0
47788.0,1.22019970789895,0.101706845651125,0.183796579789115,0.0235020595832555,-0.420291000659632,-1.12061608139145,0.21632535312679,-0.170918347751462,-0.298318618130714,0.0360806692048851,1.68295340940353,0.871163718602975,-0.3881890125838,0.69494512319159,0.168679857499849,0.268632422428499,-0.360909403021278,-0.54369217963663,0.490360470982687,-0.0653516530742302,-0.375008982523275,-1.21134824673596,0.214560601276047,0.535973644121276,0.028476080774541,0.592259640846777,-0.108632864423697,-0.0030372677092091,18.98,0
170638.0,-0.165702091166767,1.1059603028209,-0.448667841650442,-0.680385205647758,0.889659922341068,-0.523762108720865,0.84678052056713,0.0687928928707173,-0.109051244940216,-0.363776607488916,1.17207581521647,0.583473753978232,-0.208855047323849,-0.856222786684766,-0.871975226342708,0.420182953207154,0.212583027201649,0.149086408593835,-0.0864206441407979,0.14570375557393,-0.306773896467342,-0.708754317006511,0.125099854771603,0.594532710122658,-0.432102022265905,0.0973870449089121,0.326099699395806,0.141267318176578,8.94,0
121812.0,-1.1307221524391,-0.662812087267919,-0.595250641844777,-0.420529528893458,1.98873747395904,0.93465443591213,1.28016626179431,-0.538291710240469,1.02592395719322,-0.14125873274179,1.35644402581053,0.0817025581381539,-0.79830172370014,-2.02063263673909,0.0865518130102349,-0.799327724581098,1.09044954435964,-0.497719254530144,0.0305377504714159,-0.851243077704803,-0.442161330234816,0.339982818716225,0.586256129891004,-1.73722275444052,-0.786714564680826,-0.103333157039031,-0.482281904150342,-0.64923542728764,100.0,0
63116.0,1.36183590906812,-1.50946600881399,0.706278940284008,-1.18232018539715,-1.6040100080615,0.590088088048861,-1.54050856026256,0.317922470445915,-1.08194616713147,1.33085259175002,0.302647640699041,-0.379911684466339,-0.805890045275597,-0.615906831573231,-1.64308907710668,-1.08271266317554,1.11642235064592,-0.0425626325354717,0.341931541912765,-0.400072564890198,-0.232804096086645,-0.0546148500025787,-0.0618647382531086,-0.306266846621676,0.427004027446341,-0.056379761105674,0.0666426242132526,0.0048839250244964,32.76,0
51927.0,-1.329140980698,0.271383333011235,2.71446925535196,-0.583530531541077,-1.33344556156874,0.989503631093348,-1.03264071026242,1.27622002976369,1.28971162071317,-1.15837402869914,-0.191612763860799,-0.0048261667114849,-2.92039334824325,-0.306843475259315,-2.22801694606436,-0.178499187154099,0.631647748329695,-0.0474746348586902,0.0921532892256751,-0.256023325988595,-0.0342643347726767,0.178896285110226,-0.248159384007539,0.0643331224860568,0.162983183418175,1.09368172154055,0.140911865826416,0.0387984187061926,1.0,0
76816.0,-1.45803629592404,0.178505253006592,0.659666153502335,-0.0757014759251808,0.433937592123716,-2.18455878406042,0.406545307339628,0.210350585994435,-0.690744295916659,-0.805495650819969,-0.470732404921403,-0.399718345127752,-1.41760298342616,1.04837115178612,0.13555958949017,0.0517162616357485,-0.0330469358470573,-0.409353247289794,-0.805310847382491,-0.0563778650346592,0.240062888714761,0.110853567487362,-0.0811638982339978,0.941798766930079,-0.134497222507821,0.290384782093864,-0.0799230186428161,-0.0875408285187577,14.9,0
14456.0,1.11525866363626,-0.260823127754388,0.811221198743115,0.189364303058082,-0.716997307866187,-0.0579140839220517,-0.670598759318125,0.147799302203354,1.65700720324306,-0.370000054838182,2.34928827113744,-2.24848849365097,0.458630322072072,1.95002342242788,0.269952951446447,0.45295298625983,0.391866884440677,0.358785590202694,-0.470102324311913,-0.133264624664466,0.0123990119414795,0.181927887804691,-0.0037994186708679,0.0150080002013738,0.0543977550365285,1.04476543631625,-0.0892235975250702,-0.0063208965700837,39.0,0
70626.0,-0.542845725826707,1.03225301631675,1.58062900470188,-0.0119718681574265,0.32090358819778,-0.473471121383353,0.688440665129858,0.0341494369013379,-0.620164416804366,-0.827909583112387,-0.054700085933875,-0.157129553060585,-0.117849807264128,-0.29931336601195,1.17608348725598,0.0630433536115147,0.32775510723778,-0.531839506902001,-0.336901237434184,-0.0385924300231395,-0.178932096934675,-0.551222304716421,-0.061229880977709,0.0254305350617695,-0.256712168492228,0.103018376847631,0.0702424134708041,0.110483990493427,1.79,0
166493.0,2.04525895873457,0.145769325340054,-2.05127799824229,0.12306492537181,0.810831381102035,-0.884817230157233,0.67294855407132,-0.362057153463157,-0.19006028996566,0.179516883091739,1.2428871845681,1.37640900064002,0.620137928666315,0.834422137613899,-0.297676854230954,-0.469479435644967,-0.573536011204677,-0.140661852660856,0.209632270274388,-0.152573923694667,0.179170465120045,0.602616580699776,0.0062444021264988,0.754302344601548,0.413899181845206,-0.220560085213644,-0.0572565891885897,-0.0699877125144042,14.9,0
71606.0,-0.784313906827782,0.985304189605096,1.4676463666616,0.462527541915857,-0.40179665937265,0.0657464598472082,0.0251632594277366,0.412490454646597,-0.507365279969849,0.204821123895887,1.6518148610396,0.917583613552069,0.331479651354665,0.313945149315158,0.942330866913769,-0.218353353541698,0.0146881548775502,0.124408215990635,0.609725321409476,0.150570974681822,0.195029681490708,0.756271156666998,0.0463740255492644,0.265483337225461,-0.747153924266234,0.360209851311993,0.0022075876719297,-0.0744685569476095,18.87,0
43878.0,1.19218121972359,-0.0356655702437191,0.301636266641987,0.0053884288726379,-0.476105650590146,-0.774259004615356,-0.0068814785762411,-0.148113809943966,-0.194225163237851,0.0176169839758723,1.54201343668239,1.22227206012897,0.727492600605054,0.299075001255061,0.274113488781393,0.397502944466033,-0.597816209078283,0.0265335299466376,0.228839172822861,0.0494591502094412,0.09567080597095,0.240364462301838,-0.0958435679296441,0.443010059909658,0.364772905533418,1.04710641170577,-0.089789608061707,-0.0020853294328498,35.5,0
167221.0,1.89717896898877,-0.233850018645431,-0.875208558923273,0.422354768545054,-0.256622307693458,-0.222518810621726,-0.571390103892412,0.153146384134883,0.784617482556174,-0.358286947476211,1.25088583248833,0.686045461281545,-0.263675968689281,-1.15275480268959,0.0270982974584748,1.07814643976865,0.223737937099317,0.722289516419004,-0.0215404730325901,-0.0791036543930893,-0.220849581282442,-0.655429821497486,0.403824835949545,0.635290511451179,-0.646979543188057,0.102034800976183,-0.025793295513371,-0.0111186901945203,35.0,0
147107.0,1.97397806923479,-1.37370190792987,0.108158308661073,-0.532853192411848,-1.72568084285416,0.0046579445383462,-1.63335898060414,0.290829228368584,0.336311377052554,1.05913165054979,0.129637735761271,-0.490041893904005,-1.24654446341397,0.121595875405128,0.873682544630686,-0.0832769943573147,-0.916675477815322,2.61564989488308,-0.996065268465876,-0.569502298498554,-0.0854452771818944,0.094931760704386,0.278745749275144,-0.387944954518517,-0.789085857099853,0.602992844348446,-0.0041372278819807,-0.0387162108373636,54.94,0
241.0,-1.14232093108918,0.626404913442672,2.52691695277591,2.82797270628491,0.619263138091294,0.897473007435987,0.536277597522659,-0.0601631574142597,-0.813748587350364,1.42685913255743,1.20025966772766,0.0942292907655487,-0.633967682355432,-0.321429686954772,-0.117594042411491,-0.722018602060958,0.241443965806781,-0.264653094872861,1.22959148054341,0.263685556196764,-0.309746479413163,-0.269173011558445,0.177396349600755,-0.0195779129856252,0.0486506379621992,0.068830507176749,-0.24650275162834,-0.230836924381726,10.62,0
163701.0,1.94868969591614,-0.338924020584075,-0.236287626162059,0.254339826894312,-0.753987628330138,-0.58713229171361,-0.583443976696026,0.0693714098898682,1.1491308343961,-0.0389762877065836,0.960517609751285,0.906982963819803,-0.610090441907844,0.394069474434295,0.422718003201442,0.41804743156122,-0.839460027075794,0.549279887956941,0.111517072279862,-0.276894536372811,-0.0676710390038411,-0.119462203100327,0.360011057575072,0.0018592340965979,-0.429841583245084,-0.947359657342275,0.0518474519494576,-0.0374265333797629,1.0,0
131892.0,-0.761959725019026,-0.0391529431754274,-0.603944319189633,-2.28254578343434,-1.20498709294525,-0.513231194032301,-1.05641334821756,0.697733917222332,-2.2130509149872,1.16753751302628,-0.183900573032103,-0.608336906609532,-0.284805328383904,0.417954287142829,-1.10290861842698,-0.357141725154078,0.590483053948862,0.726668215524897,0.546976048193211,-0.818854354895236,0.112168898657807,0.560955905498365,0.355519504228065,-0.428435092007212,-1.25053743048413,-0.301592424320779,-0.29317375737448,0.0735075862090442,15.0,0
114577.0,2.12851277688543,-1.19093169718461,-0.898049677149875,-1.02571171199445,-1.20455144338296,-0.92383477553599,-0.634143127732905,-0.171924611723577,0.893280854751783,0.235209210816755,-1.62369924776002,0.0108559908911953,-1.07691980143344,-0.235258060569809,-1.38625021374909,-2.52297346281201,0.769103425527028,0.309678147620364,0.36692513320702,-0.675105858253683,-0.751230138773982,-1.35249959348337,0.361742642722733,0.0281681776159471,-0.346151232743665,0.448917092857128,-0.0394031790920884,-0.0606575336522895,22.06,0
31320.0,1.33638735391926,-0.452236950901362,0.478137363686384,-0.714976197942622,-0.829372829575126,-0.593703118042896,-0.490548888679462,-0.120564831198595,-0.940156091590707,0.539371761699176,0.178609139287728,-0.0628560339904399,0.873099567128153,-0.227005788344303,0.950644016623973,0.874897845934392,0.476098262464875,-2.19039448761934,0.280363706873492,0.114501910208601,-0.0920355151220223,-0.362254692568394,0.159252024980305,0.0751888292143222,0.1686548381879,-0.491503444730916,0.0243303697285756,0.0229546641617643,25.3,0
158833.0,1.96191086027066,-0.0135958228410503,-1.58978378950738,0.507500755174506,-0.02417177401228,-1.31019113856759,0.173771092784315,-0.304855261786457,1.00800661832608,-0.852408812911164,-0.460047423815167,0.368448923780727,-0.043316328773894,-1.45790404028863,-0.140044778086778,-0.026709829501672,1.08035454238182,0.0011568210660524,0.10988826154666,-0.119191645388408,-0.226302713886463,-0.44711679727834,0.159920351232432,-0.0648042028641667,-0.0732319382374506,-0.0947805091144824,-0.0116679242284719,-0.0156390475341797,40.0,0
156209.0,-1.26612393313096,0.454113758087098,-1.12294781276749,0.0955134592360132,1.78899860613871,-2.18816167717135,0.297781099204938,0.176186086748822,-0.524242810169923,-2.19644264292745,0.0055846962035237,0.116458275378,0.870090236083424,-2.45566651823946,0.649696164129496,0.860658121355695,1.84627844969563,1.29060968348248,-0.976541226672715,0.214239108502425,0.289683778857384,0.415928775375962,-0.430021401751474,-0.268240351569699,0.547136140695456,-0.100641661068151,-0.0761877905500095,-0.221992157724954,1.0,0
58650.0,-1.82538156423794,-0.829009618048335,-0.403553724604697,1.49000965245551,0.482814328078412,0.10654970324601,0.769079698498477,0.486022678613047,-0.822865764270418,-0.163788373171486,-0.250840613885871,0.530591146491941,0.275327655937407,0.735261641852952,-0.378102659826611,-0.149682848612653,-0.299387893151452,0.91568610132361,1.53433338886667,1.09647092987235,0.387041375016659,0.302571902782329,0.480810359410913,-0.840937374794531,-0.154390350239013,-0.227938678988983,0.253822238927382,0.0007936475603911,308.0,0
170239.0,0.208758702229882,-0.464463588638682,1.12257821809233,-1.77925634482693,-0.776496810357471,-0.438870872525731,0.25309388956626,-0.286541349604447,-0.491730745076759,0.208447311890174,-0.832397629910494,-0.865620216682805,0.437123402459931,-0.841234221342582,0.189629682434568,1.28417260880174,-0.23016310249486,-0.909076154610366,0.0168339396892684,0.284621848241768,0.475654331302893,1.40305314076725,0.0421522173683315,-0.055623901057909,-0.441074407645076,-0.165003239929053,-0.0989446490992052,-0.167635221440005,96.6,0
23267.0,-0.408694446465233,0.881913204495558,2.28532297581259,1.88256767959576,0.64988377881995,1.5803025470493,0.0008232479753825,0.201673728395544,1.28243438679093,-0.010746371415534,-1.29639324726612,-3.73007492605401,0.665260002572842,0.844873054514275,-0.738870366070781,0.557099419609839,0.0631648610506566,0.356752699244924,-0.697881805625842,-0.14609914129293,-0.266658044482322,-0.305341594232099,-0.283373972593909,-1.43685687980756,-0.159445874044513,-0.0447639018419992,-0.22505418154402,-0.173291886010098,0.0,0
105392.0,-1.0085178070637,1.25771468042849,2.49215167991457,2.47602258317624,0.872180047524609,0.978696292053762,0.533908241784289,0.243702948280089,-0.0824840166567959,-0.187956379694779,-0.885313481769414,-3.33382998678767,1.4954496260981,1.04547478265774,-1.87633112395073,1.37953746003043,-0.470496864301087,0.538961702475934,-2.40680055757451,-0.115996515996964,0.0615659368908653,0.25515325865836,-0.384959004591919,0.488929867400742,0.731256292661236,0.0493688299179583,-0.0258274130399625,0.0651608199896012,38.69,0
117225.0,-1.06011408034066,-0.361677861246579,-0.639162800117881,-1.56064140642479,0.0902386487516214,-0.428482663632882,2.66312173402084,-0.473524849273618,-2.54976094364379,-0.0937756199056601,-0.0209723832751978,-0.663279827749328,-0.82414250839006,0.938680120899547,-1.23157206307274,-1.8850074960354,-0.22587675424616,1.63670794805262,-0.293727267606736,0.263313632520514,0.11911292463657,0.154347729732446,0.0427708576473897,-0.47782122320272,1.46122724586195,1.14318905325278,-0.230471404194423,0.0180296850167646,359.07,0
68467.0,-1.01701665246815,0.853091238246934,-0.215479590172573,0.645178716968833,0.883627207270916,0.50898782276889,1.32145347093115,-0.721897067532363,0.714423887819421,1.53123363849476,-1.55274710258283,-1.49823218302971,-1.3600189234086,-0.0481434088486185,1.63611491257984,-0.572634036343824,-0.506469268804743,0.0609220164944794,0.948848390860116,-0.236283673478667,-0.0414250260824909,0.366769972454944,-0.0384952587303605,-1.36367992741328,-0.964629099065118,-0.461894564064471,-0.932141067740473,0.143252685305611,79.0,0
153193.0,-2.58701539354894,2.75211328589982,-4.22105384069463,-0.341061183812888,0.157375113399732,-0.686024076665135,-0.0157911232940112,-1.48024301753337,-0.0314303319897983,0.432391360031463,-1.70133945568718,1.07518996516329,0.925614452699617,1.56945906126674,-0.307829073927583,-1.03201237599182,0.519456424000408,-0.0776420478750627,0.663936810336377,-0.693700075102411,2.73453398498743,0.9787468865234,0.409052162041659,0.328369287307503,-0.673031858266814,-0.398444305529162,0.407780218164434,-0.0809624415800289,49.3,0
61052.0,-1.92698795742323,1.3407542826289,0.930818470451268,0.285218681170634,-1.46639883956882,-0.462544426391069,-0.70636896429094,1.1247358076278,0.384861216706802,-0.558769973283633,-1.48983375241589,-0.238104541630427,-1.2159264415271,0.448966941515146,-0.0669462199885738,0.175475691071781,0.353318055207346,0.222986395240275,0.100807361211293,-0.346683744177618,0.209594813359352,0.534200329442994,-0.12345880596025,0.415446119526593,-0.158590116162458,0.400741091328238,-0.55586071952476,-0.24454697111799,29.99,0
145858.0,-0.717701395223193,0.376023068036572,0.123033906257842,-3.2217592594568,0.906594446122325,-1.20717050498456,1.51516782508323,-0.290347608691812,0.501760352003238,-2.09869650633481,0.668691367553526,1.04866547844013,-0.432781794488193,0.685916482524806,-0.440441607713147,-1.55964566192769,-0.0975630164755472,0.263082702366712,1.64554173850265,0.024719360432746,0.126659707494094,0.47075031294285,-0.653108341592352,-0.341839850950137,1.41853548037053,-0.547827222267999,0.0106102672985568,0.0229131022241693,39.92,0
118140.0,2.33158143847576,-0.526940430068614,-2.70771674827782,-1.00585424355556,0.3976805279687,-1.39482214009696,0.343911769860015,-0.5270898819334,-0.828959848026656,0.979187595820612,-1.25211257510604,-1.58256996391736,-1.47397268975339,0.692464484383433,-0.318734018968664,0.239232997995164,0.501313896137783,-1.45498254128818,0.887459142236707,-0.131299791571315,0.434031763470086,1.2436189890685,-0.212508869979797,0.536422111153808,0.776938526964375,0.288023423063291,-0.10978551172556,-0.0924643781249106,10.0,0
50518.0,0.900986861322026,-0.32419237007002,1.24233415916617,1.50311286566776,-0.995228726649493,0.067369579935362,-0.475217995771452,0.144328184377601,0.639665602528783,-0.17997330577487,-0.154804216909335,0.663479957107601,0.291026080117731,-0.241461248278004,0.795303090780256,-0.101868886053285,-0.0360297286864865,-0.36418538145869,-1.00128145388211,0.050705785019157,0.238217273344625,0.672560813717768,-0.112443626202724,0.441353828331129,0.360499737254822,-0.2451518528867,0.0668343856458529,0.0544551362024191,109.0,0
126555.0,-0.0576196811913,1.3613199422317,-2.99591877680978,-1.09166531270823,3.6983005941511,3.15197797857919,-0.501702174701077,-1.96653750054911,-1.11173071313835,-2.31144526902895,0.725026217318429,-0.356753255405355,-0.937209312217503,-1.76877452399653,0.22134239604207,0.515923484227446,2.22121565439153,0.418352302334287,-0.89245957400208,0.659595307074157,-1.44629387363334,-0.204425464211026,-0.669091716602147,0.526910772277,2.23217844724836,0.963224240746126,-0.158070781603441,0.0680782902090854,0.76,0
126441.0,-0.595630629803623,-0.0591986055096127,-2.29637790771052,0.820261695415566,-0.436629142250291,-0.171325726334492,2.5197458229109,0.0920286074589118,-0.519387609067911,-1.33725581460097,-1.30912049078612,-1.08104381410007,-1.43504344474011,-0.177665893189093,-0.10844626137911,0.532860486116986,0.446340927138569,0.837441990463886,-0.920219049152626,0.664088556358718,0.442447262646393,0.275468728569825,1.18330207712128,0.354615083242258,-0.137682870977489,-0.718215281915658,-0.232171690254731,0.0153849794923415,505.0,0
153819.0,-0.172097439663517,0.0760499505880259,2.15157355127522,1.09512639505566,-0.0513374966340018,1.93247626043013,-0.256772571289266,0.435708070378012,1.08611837310924,-0.287243222205924,-0.525553884753135,0.86646977617434,-0.115838352538699,-1.14217909980428,-2.14858607915874,-0.65178519373849,-0.110843424318551,0.690429201239079,1.44902257915954,0.126917601984974,0.0204046934714083,0.648875977057621,-0.0810508562905336,0.232517152424996,-0.634242124263352,-0.594877322346948,0.146906583661672,-0.0061465853406988,40.0,0
43600.0,1.04127190185387,0.159006852926297,-0.560321317659759,0.561116755147766,0.761115734417876,1.07530653407682,-0.195673689457047,0.535727847943627,0.002941086494664,-0.707499161382957,2.35343190158188,0.486968908963217,-1.46228579829956,-0.757523043386367,0.719723892382325,-0.867630890370984,2.15474327984747,-1.29126081316844,-1.34554988084733,-0.285879495921961,0.0076689364312575,0.258722156782786,-0.0022517477443991,-1.11509148721303,0.282476236311396,0.670867139208763,0.025966667039194,0.0058308284878557,0.01,0
76933.0,1.25298266939348,-1.29882253143784,0.0001161562888538,-2.05221177956276,-1.29488385925951,-0.600058526508817,-0.649401197660974,-0.12459230379255,0.76642141994383,-0.359823021729899,-1.44141703330374,-0.172207371889373,-0.224952814330581,-0.0770439382684801,1.1010991056363,-1.87107297890958,0.0325469156853124,1.58516178053077,0.377729522492049,-0.288442847190415,-0.386585274007098,-0.676322903125986,-0.183998698576848,-0.437999605392094,0.477055775300186,0.0631912401262671,0.0229143758515684,0.0308982257475763,114.38,0
138569.0,2.11455548252294,0.0272793517805784,-1.35184300932652,0.227072227693488,0.345346280167944,-0.750276830586915,0.263834756959544,-0.365791801560004,0.383189464512513,0.0332913678178747,-1.17745289035821,0.927302625405165,1.58136316621936,-0.0452115309284686,-0.0568959010518496,0.0492475725773504,-0.640600760498644,-0.794077621287828,0.419921807141393,-0.109452009334943,-0.32224018436354,-0.724589736406045,0.229835275877211,-0.677819733814333,-0.151472962940879,0.237832047352592,-0.0628308428634834,-0.0644320472132232,2.69,0
37253.0,-0.988766462646356,0.183604920313887,0.571770599563527,-1.24731214020803,-0.25853620436599,-0.735884083526201,0.470037221353445,0.319799290360469,-2.14716514894021,-0.0178509019833916,0.575547356840987,0.565393042501184,0.45453271930173,0.652973790156036,-0.78538557041908,-0.842891328977781,-0.506349449732621,1.21575234628076,-0.851811168059719,-0.348546646137049,-0.508916599699419,-1.52022895305575,0.369370066012236,-0.065023842040782,-0.574427200825652,-0.1343898642653,-0.068969673755291,0.0302888238424484,95.96,0
157617.0,-0.91017914104879,1.19325088964021,-1.24499864085847,-0.764288140691489,1.2323498209158,-0.0503536858000829,0.85255353512906,0.108823302004932,-0.465643220467036,-0.0562320110196149,-0.227613906603902,0.813969213544482,0.499234806085015,0.460324265776393,-1.53123619166787,-0.0461713245186366,-0.696872523914302,0.0841076354967804,0.646714667780108,-0.389181819148083,0.141768099697796,0.253002969371801,-0.135003792022436,-0.0870984159184273,0.0047394327582821,0.243022442557747,-0.768439810186126,-0.0077796908806826,14.95,0
64782.0,-0.919610883970208,0.0679019881965776,1.66931482423486,2.46506934023145,-0.124781765624434,1.01849579232092,0.823901503344672,0.156050283352669,-0.748742715348972,0.0570556685034298,-1.91952809133132,-0.386067304190231,0.603079630818844,-0.473002191691853,-0.244432587713215,0.376721357113824,-0.485997877178728,0.496731677626526,0.265237895441586,0.643593610803099,0.285928767256534,0.515536295461106,0.275257451986777,-0.565806851207184,0.0296994732755527,0.228362615901549,0.0725854702365758,0.164252000894814,243.4,0
35313.0,-0.301831697188564,0.490498321456121,0.638592153221117,1.43314914976759,-0.366906989478724,0.719103184372312,-0.836812157121906,-2.53814372954494,-1.02542045876637,-0.440954035594028,1.46892309989083,1.08565461926197,-0.132554498990111,1.08139652227342,0.857197926108845,-0.134343979010551,0.0179818752061307,0.177849482192733,0.116906752507805,0.981326943663304,-0.986019455511007,0.867245857856093,-0.227716900127848,0.0336458380842799,0.611786663861055,-0.127501270870056,0.109575438871225,0.273655636868911,167.3,0
82110.0,-0.480046158979344,0.638160167300493,1.57464621511551,1.32867650560366,0.383328724442,-0.0504396166865625,0.631329496990058,-0.0296242097175105,0.0441654252677157,0.151685926179361,-0.737771557289984,-0.555237859008361,-1.36629282806116,0.0554425492237753,0.386720465093017,-1.2505063539779,0.597853357087712,-0.55107826667987,0.734615202118879,0.206656557755108,-0.0769436283943989,0.185770961581883,-0.111822277358051,0.0641407395825199,-0.143662385195531,-0.248382538196603,0.24717832702651,-0.0162987894008828,20.18,0
52259.0,-2.93289369765906,0.592107229405707,1.86998539147364,0.727920236058032,-0.967109322559106,1.0693826582248,0.808174077651893,-1.38905579986969,1.29297779657264,1.67294825257224,0.818196559010654,-0.375737888650115,-1.31186455810808,-0.848213255915635,0.620665412349445,0.0985576608130211,-0.739726065858393,0.920602312150522,1.05071435569905,-0.807752503076439,0.469791509256423,0.100813171673953,0.068675733935307,-0.0333911173302211,0.235224956192856,-0.440696276430765,-1.73097368052352,-0.222000524239451,156.53,0
118733.0,1.93876214065426,-0.10498729805418,-1.3547213087043,0.392470384113024,0.133337721992751,-0.363718059628909,-0.219376571335617,0.0182680933013691,0.478961708548183,-0.277340289886219,1.28383450184377,0.822191613764297,-0.0360396761517513,-0.908376498262107,-0.240297273426165,0.62588754813332,0.314412284136272,0.505614673444809,-0.0366162247702815,-0.094192112038955,-0.0472990083118992,-0.0793980565344835,0.230198161858084,0.634023486339797,-0.285080844309795,0.348605534883709,-0.0473784488112624,-0.0290766032444391,28.01,0
137303.0,-0.875460208370957,1.30346114702372,2.33283930587685,2.65851319203046,0.475436202697996,0.598275358321214,0.626426223813075,-0.078615405556577,-0.840710507828676,1.02114878993375,-1.55166765024092,-0.879481888515883,-0.352703071425346,-0.622498534433728,-0.840677526761621,1.02636169642965,-1.06171938807459,0.115220345783225,-1.86102760179427,-0.199119361232756,0.222184835075859,0.700129253083411,-0.262624150273975,-0.115509183257441,-0.129885739150716,-0.0213225641442411,-0.44713081716629,-0.0724630417036819,6.06,0
42218.0,0.968687455852599,-1.4953533348199,0.951861658243287,-0.177055388230151,-1.89505042136921,-0.294348750382712,-0.931034147692754,0.0589920019130703,0.269201448318926,0.322495811306964,-0.984745454606797,-0.781853730905893,-0.952947225044699,-0.66556016437912,-0.542206697828946,0.813543929546045,0.755461971135012,-1.37559862914763,0.861231256895311,0.373584467134868,0.106688865373171,-0.0028965314945218,-0.151314649686615,0.390921846337539,0.277905846967724,-0.260801447590709,0.010923961368323,0.0564640724891096,202.34,0
43331.0,-4.43268078011779,-7.04417740612021,1.60525669784894,-0.872433720967585,4.73558458952179,-4.47001162102308,-4.72176523981983,0.640093768357971,-1.72728173231896,1.61241039353263,0.424027736788988,-0.613655195709892,-0.508050574402686,0.17385146515452,-0.300730967239753,0.146205184993165,-0.050925928575672,0.955076270635437,-0.32712579656551,1.25654976654368,0.327225378924805,-0.728554730849393,1.41293041253232,-0.1135300033333,-0.706603575071472,-0.675937478272036,-0.0378332385974504,0.309354934622034,36.0,0
151064.0,1.71682188258502,-0.581987836980993,-0.273010503384089,1.3358933324894,-0.806678961770956,-0.289293462106041,-0.528524904006965,0.12221498954626,0.825818068717359,0.386264378372599,0.632545257318412,0.277996844975,-1.26829289754609,0.486013161798175,0.223664482193166,0.702834265045462,-0.928655619233883,0.989262947214152,-0.530941725899253,-0.124522092168279,0.327426398544091,0.777765460124463,0.0656518262263894,0.0313320861927173,-0.211969581923744,-0.593131219418204,0.0261254009847843,-0.0245476864489166,105.1,0
135739.0,1.9984810791316,-1.39026754632839,-2.4756228606799,-2.92791515379562,-0.115124825012416,-0.850031931119885,0.0985740944111025,-0.395248848319904,0.427775435163763,-0.293423287973215,0.541351563995844,1.38577696688093,0.970387608583355,0.529364603662235,0.302052251245995,-2.50102605015638,-0.312554662044575,1.84246348814513,0.818510897679006,-0.232149217030043,-0.141218652352243,-0.0119636406170203,-0.142032814062482,0.117840961015338,0.406981212357362,-0.731518987440749,0.0040263912008647,-0.0406071962017385,151.96,0
40020.0,1.07933981555564,-0.318671303026791,0.655790216462311,0.174267322004117,-0.937461883829872,-0.891313181549339,-0.149026942819838,-0.154201164819737,0.357758950181502,-0.214075941178556,-0.213133659976985,0.287908765765807,0.285043665416513,0.0815936889254202,1.27493047807957,0.544504816153022,-0.422769042825192,-0.421124776715495,-0.069233460165807,0.139649175662553,-0.135609848152797,-0.61269660733298,0.0695759828974839,0.419922915008169,-0.0209462800244004,0.7786651735787,-0.0794720571290715,0.0314642532639494,99.89,0
147214.0,-0.494230103476111,0.733319830279728,0.160413470328563,-0.51235107119657,0.665301645304887,-0.78357607957887,1.17169617066533,-0.344670225812611,1.18496243656818,-1.01450597794179,-1.14025057044886,0.120299546258021,-0.676340175016682,-1.86912690998301,-2.01555526606038,-0.665484369899144,0.928463470162969,-0.442303321403184,-0.0596552752199059,-0.107359261931465,-0.352182158763434,-0.40840085548777,0.0894956564549931,-0.127150823094119,-0.775118786634079,-0.590557497490941,0.0589969350389125,0.127518036380311,27.32,0
136112.0,2.16290043335783,-1.71430527033603,-0.321620371399061,-1.34188504027079,-1.93228477034412,-0.675998813198558,-1.49019821769177,-0.125303835725614,-0.710176999753653,1.50555949323859,-1.18971551905182,-0.876472039110716,0.270462904407189,-0.721798047852005,-0.0961415669549749,-0.368910372384391,0.448549655400308,0.344256216395676,-0.356309677997016,-0.352507334849294,0.0755648836621908,0.706462533140474,0.124295404432409,0.0548958221623068,-0.237712048177309,0.0045044539399362,0.0353656387897202,-0.0339790695063393,63.25,0
167686.0,-0.750705642234109,0.765212637380057,-0.757751528678648,-0.696003194452032,1.4949555390172,0.602221607476996,0.661765909403426,0.28987131799034,0.417154190628954,-0.407641547419758,-0.0749145475151638,-0.255239844448299,-0.792473324330836,-0.940088935992321,0.728374262230615,-0.581436582376061,1.26086760875823,-1.60321765252123,-1.35383426589521,-0.242834182923281,-0.336509639973436,-0.511151574945593,0.481419326857355,-0.472941764784867,-0.574118510290696,0.211354724119859,0.219839737910654,0.0598781062500012,15.98,0
142674.0,2.06475510415085,-0.92095881224286,-2.49753668310997,-1.12448394896112,0.266842048676792,-0.822539136448109,0.212705046820748,-0.358518693603919,-1.12630962085377,1.06539833221402,0.580826426771164,-0.506135160031856,-0.614142583019127,0.691029296188482,-0.609293148575901,0.830078796368242,-0.0370505732976033,-0.928696498396377,1.09309812044222,0.175441324152857,0.421512324284863,0.881849396289423,-0.186948730524944,0.33069774236842,0.435132028168681,0.0446276793430962,-0.113160421824992,-0.071318788069576,120.88,0
53636.0,0.839077620250374,1.58440889110039,-1.5214994542178,1.57922899606435,1.10346676603989,-1.63096516402306,1.08627678737915,-0.393050556998625,-0.538153614057025,-0.821074465051637,2.76332500146489,0.244514283596432,0.0877239396479657,-3.60950643579775,0.351794590932413,0.871606058766334,2.5209325412335,1.8635302753173,-0.19873122568203,0.200458448640743,-0.128501733658135,0.0443244901378379,0.0509244742588176,0.200757098087857,-0.53004208659801,-0.461084781187387,0.0929844546507756,-0.215325696747047,1.79,0
121676.0,-1.08070196585557,0.499790178186111,-0.503817373048144,-4.01700929334914,0.952523473450792,-1.3069637017191,0.811762353272543,0.257378054468824,1.15529695008801,-2.4564635213697,-1.55517797321281,0.431337871145235,-0.180638832690136,0.645327843413428,0.316859425805552,-0.33852063737775,-0.731211588421613,-0.0372202346803868,0.193181014571747,-0.099616483939853,-0.191239166314298,-0.657609610664833,-0.237166784205592,-0.0083748781724798,0.467871561548214,-1.26449882506638,0.230472004138395,0.0681426033956673,6.03,0
64809.0,1.0441713866276,-0.174941094127119,-0.160194069632977,-0.0743485785691413,0.065198324774971,-0.0969081390551124,0.203614215194031,0.0813593700130953,-0.33236875665798,-0.0595119229437795,1.90784046442843,0.861494908766976,-0.583361685782606,0.834436813287248,0.652246062695054,-0.334914916275736,0.171856809074364,-1.33656687192693,-0.175870621187095,-0.0185010389073324,-0.237882492539707,-0.872717279943295,0.142193592860934,-0.261954321405793,-0.0108516506115563,0.739956395865399,-0.094507485208698,-0.006013505879697,77.0,0
154863.0,1.93902227035442,-0.0967697197112874,-1.90156155877799,0.180532092264282,0.529362715974189,-0.24742683078744,0.0073831729440531,-0.0204570853828738,0.736790134955529,-0.70588955759386,0.944277134084861,0.988623434913364,0.117065718646579,-1.324518901098,-0.736502477667544,0.247431943426476,0.708839760567143,0.554691129664478,0.486053750175796,-0.0508357994662716,-0.195807857935088,-0.430577197368995,0.134952211712748,0.183322715481401,-0.0432038314343169,-0.117827993306787,-0.0177037030650312,-0.0221577259063993,44.87,0
138460.0,-0.979010630134402,0.410828524863793,0.959734733096646,-0.952497988248323,1.47600805296077,-0.17631309847959,0.783462794378762,0.0383046958809846,-0.124619836331636,-1.09336757241897,-1.98958931860695,-0.373627510085948,-0.302795640254479,-0.127867355685307,-1.07615064531158,-0.0465023619627118,-0.564542340462859,-0.135052515421502,-0.190602873646605,-0.0058298965355311,0.0481505024278988,0.107081255671497,-0.569273096418225,0.140979914285222,1.12403446182727,0.503064824279785,-0.0612458833745704,0.0389776964882633,7.62,0
125414.0,-0.0792926425823859,0.620155973263817,-0.2776372955928,-1.0818318410382,1.03045852657155,0.0255178145844699,0.897630524753019,-0.012544250985752,0.518338366966298,0.344266074302123,-0.734956550810786,-1.06294926814973,-2.44310511665324,0.46704318806137,-0.623656564440412,0.467110366402218,-1.06976561502994,0.382291490496427,0.643932179898251,0.0492172336657511,-0.404906182425794,-0.897123936431963,-0.0872878499119733,-1.52665934483714,-0.40869784025928,0.19655725259431,0.171633966920212,-0.090751452962683,12.99,0
78984.0,-0.600144755111116,1.19495958614974,1.14307197737663,-0.0361579586625863,0.0743832695026986,-0.552878183749674,0.554321962789067,0.134687786001444,-0.0531522975632925,-0.217222607023754,-0.142972442818641,-0.532198344904523,-0.931878698588905,-0.266830710281824,1.272865666535,0.116793836290189,0.336958791320559,-0.47815749751337,-0.472597404590499,0.140113112621137,-0.27896664350173,-0.680143376129313,0.0358911077968372,-0.0092946618617122,-0.217286988561273,0.109692730569073,0.361939300017486,0.15195552633389,1.79,0
145126.0,-1.16804489793285,0.0799625695925383,0.931862079213619,-0.439955233219709,0.644622629805085,-0.261232296291755,1.32809229508578,-0.0142721606745523,-0.633107681350725,-0.849680272384468,0.151698361006704,0.230236262485571,-0.76722350281023,0.359233598406825,-1.40271776082894,-0.192533566852043,-0.411679541538314,0.183913347503649,0.602052988583247,0.332537630784033,0.0784658290247813,-0.086817208178222,-0.132659757615786,-0.321292968779161,0.918170182955999,0.452019507964913,-0.103750066309457,0.0402939243260576,156.8,0
140054.0,2.30000489115205,-0.450767494680588,-2.61023697868112,-0.967185969926966,0.42270201939075,-1.4654859663238,0.457718869793283,-0.622593705135543,-1.05845691659686,0.932476145857262,-0.840466094684439,-0.763331461833578,-0.0828559336657736,0.422980502299866,-0.487350137978044,0.118746940376173,0.488989791300728,-1.68906827774446,0.80347561933741,-0.0259208154844915,0.468863535297334,1.38961630256643,-0.215048227855729,0.765043814247479,0.796188496138827,0.270477791961113,-0.102128762442125,-0.085752907789023,20.0,0
60422.0,0.999557368293202,-0.584802618619269,-0.388619686718514,-0.372230880276239,0.0793338786228951,0.353686759877622,0.0056955748112648,0.0598455263028997,0.029214569808501,-0.126911546748022,0.638687913779704,0.630584238629535,0.331177840778205,0.405700122093593,0.735930019643411,0.450264793790854,-0.684400752825007,0.0536454749281299,0.343829318323462,0.270989712735687,0.113223118445081,0.0281912855903972,-0.311994163295764,-1.04178196102653,0.378337760994211,1.16996143947993,-0.104158254866965,0.0019121246671703,158.37,0
44385.0,1.18790927612755,-0.168336511488756,1.24085514540311,0.862393561133156,-1.10800220123529,-0.307373272105508,-0.646790939375502,0.0891246026721284,0.970545177464547,-0.231079323037173,-0.781134228932911,0.301678092894905,-0.213174096723948,-0.356763913822208,0.228142560732166,0.176065603530259,-0.161634435904027,-0.203108795350037,-0.0357025716268555,-0.12341821890882,-0.0970548332245493,-0.0906379424023996,0.0369356791086619,0.421308039661302,0.247646817460122,0.317930615913644,0.0158031073017885,0.026165442675114,5.69,0
38862.0,-1.08425402487884,-1.04938153529696,1.1981848267979,-1.47094896256235,-0.390884122959923,-1.08151593698142,1.22715741981616,-0.484675365670475,-1.40782608056718,0.0180023933164355,-0.654321425987658,-0.432376946066598,0.443815613739908,-0.198504041288477,0.13046447966928,-1.18288715326726,-0.4537029004396,1.01405366271473,-1.49972545663158,0.271841986213737,-0.136337571846627,-0.41536496785375,0.561580916044917,0.388004283080413,-0.164796586610907,0.793912081167068,-0.247858457362565,-0.0812117668235865,263.0,0
77313.0,-0.636170532743628,0.722018580402496,1.66462492839237,-1.31767233716448,-0.0842900435330838,-0.615587933219152,0.50261803268513,0.128080856013541,0.0853867088665834,-0.752512526805902,-0.382452288332161,-0.332112614004237,-0.726060283420529,0.116227243527353,0.83526509840451,0.339458919284109,-0.355466657424514,-0.712208259863859,-1.0399158340494,-0.052841720085768,-0.0651431759045775,-0.128837577893284,-0.0434086523490847,0.0890110266280719,-0.441376561362247,0.751118446091271,0.271472557168169,0.169059711575355,0.92,0
3879.0,-2.25177445042303,1.91913527322763,-0.364439976494847,1.15458313938461,0.0985413522049039,0.969689296845493,-0.632993288129195,1.44167657797128,0.620567267664828,-0.280382304850679,0.620817604361497,-0.997778987009685,2.98354930030784,2.11466137230286,-1.29129775853295,-0.363352000041017,1.02677583299169,0.464490221347946,1.25590948741705,0.0583537002768887,-0.158449288081511,-0.0513122217963145,-0.144153955213458,-1.35924167328554,0.245645229664821,-0.193221960378455,0.167171342995619,0.0258434851403273,10.74,0
145234.0,2.0904785591008,-0.421305071404011,-1.13165983086643,-0.376639441860319,-0.437267369790032,-1.20989986691219,-0.0575894550959972,-0.320474351600275,1.26288388953954,-0.304027464627695,-0.96662704873557,0.525137827213925,-0.0989049716716134,-0.0026492617390338,-0.374051483432637,-0.609544677794109,0.0584594601194125,-0.636697165262846,0.526137611014934,-0.213941468393879,0.0459598193545064,0.467390860139205,0.0763090965152882,0.153867969761835,0.0257676827765947,0.999199210337733,-0.0869591672322621,-0.0754850601701617,1.0,0
163678.0,2.17493844182766,-0.84974985170286,-1.14379094213856,-0.60209671607739,-0.395527282591747,-0.0171998217631899,-0.726885024034778,-0.0526847784020934,-0.0974408584746764,0.843721848524876,-1.71089058475254,-0.359175685783166,0.236789469256976,-0.100535956587393,0.325360884372355,-1.18352442607354,-0.351964989060416,1.168525213164,-0.638166838330026,-0.556569265633491,-0.409249516837376,-0.606645330567839,0.250337183647416,0.0162929919624654,-0.288661008008356,0.571352580194235,-0.0373825839417765,-0.051185049361045,17.5,0
69536.0,-0.437678918677333,0.669792482266959,1.82704979803126,-1.1096626398264,-0.326594276854753,-0.786919560257083,0.403779204283727,-0.0713715443516735,-0.0626208010723142,-0.812187750337426,0.394562873465374,0.933537670953693,1.31298763284021,-0.384691310194781,0.655289850456378,0.192926513901196,-0.366968837460364,-0.867762077381471,-1.45234073667194,-0.110049425209503,0.264040317866467,0.782314122685109,-0.0382948078094197,0.707498375924373,-0.466946872688081,0.857302552652495,-0.137400869158548,0.0433791617062406,2.0,0
131515.0,0.068823539797547,0.633029212291843,-0.176943980627972,-0.932864906760116,0.830539405545326,-0.240583859630451,0.737714119468284,0.122984873646072,0.0718096075635402,-0.179768466939778,-0.532646383195691,-0.583171757320506,-1.86734839401394,0.63903447763442,-0.806843763613484,0.510659203939264,-0.938513466177529,0.342502137966422,0.626697162445821,-0.119132439029658,-0.30237503406962,-0.820946239426622,-0.0532015600467396,-1.15916435185214,-0.442213690058876,0.194525892122675,0.228979291047005,0.0721939404754206,1.78,0
805.0,1.07788325442774,0.0773615637088529,0.794272190277717,1.37359731735208,-0.355797256543877,0.238951285702831,-0.222875331204297,0.172581375154699,0.176570733362102,-0.0174773807427638,1.34046996348457,1.62089410643488,0.322497909484524,-0.029202677701932,-0.960707571425387,-0.559474406806029,0.0627240388490798,-0.487011083093523,-0.18873696994473,-0.139348488906283,0.0220402239460097,0.325054841570719,-0.0716960277920904,0.256368059926657,0.589476374389706,-0.301276664544235,0.0557483372997309,0.0139172161562075,13.0,0
162951.0,-0.0339658356960627,0.940081355085947,-0.0906975183620844,-0.915892277622699,1.03355641676721,-0.486531718063591,1.25480320201478,-0.387295439115264,0.278992134641006,0.088198828114388,-1.64752023163862,0.0047449382903029,0.721393369361296,-0.340579830994094,-0.340260652002985,0.0847230906614392,-0.932743955332847,-0.519058290438241,0.278990304485825,0.224938292125196,-0.407324351083173,-0.710233711589346,-0.0668563861785188,-0.999345518582674,-0.300244655315525,0.178216333369623,0.199638212871428,-0.0803212493543705,12.57,0
139061.0,-0.952606296829815,0.603167850599816,1.17143671662081,-1.42241924896294,0.184372504312754,0.129358854796938,0.225968300673587,-0.660182474765679,0.934700986625104,-1.14272294187559,-1.54125270015237,-0.229567832426061,-0.718175974422525,-0.270643510397018,-0.475381335778484,0.523777397281204,-0.951639295718383,0.34990273392217,-1.5538756930026,-0.527557659828723,1.0777061304548,0.711528410764693,-0.170807727177928,0.595908882500117,-0.0492862344530961,-0.413026367311151,0.0772267644436275,0.182528238948787,37.79,0
33740.0,1.06426276101938,-0.146013108215884,0.367279753127878,0.64564224526762,-0.335019133069728,-0.0549681395752218,-0.091382316191011,0.121492148223038,0.0976817319514782,-0.0196599124657857,1.30457375438083,0.881212638553535,-0.617948778724878,0.424882473854384,-0.188717639874299,-0.193283405621293,-0.0456685136107893,-0.515199241966589,0.0168359226719854,-0.0690964849769677,-0.09856166622684,-0.302495873573686,-0.0017946199536472,0.0317569250982243,0.298072917453372,0.269093027073319,-0.0296458531205555,0.006347331291405,55.31,0
117775.0,-1.43417220557358,-0.142506807747841,0.958946156134303,-0.608356129583238,-1.16817695248345,0.123348458375609,1.33097313201926,-0.0199457143565347,0.447599537042554,-1.18021027438657,-1.00182484814669,0.429445590791164,0.824740356920169,-0.404485550462465,0.182053736310671,0.108881338200719,-0.489059886396641,0.173949271061442,-0.201011089832673,-0.154145141704164,0.213198645262412,1.04980874729206,0.437913106061468,0.0486681420239648,0.0167287047700238,0.110005652095563,-0.0771356813567514,-0.268265710324463,300.0,0
158390.0,1.95978082708736,-0.405345348256973,-1.03609764011124,0.310253546156939,-0.416622741068209,-1.08044596247758,0.0414201298402905,-0.250009709443849,1.19326843872304,-0.207861123324555,-1.05786949208943,0.219422716340888,-0.783768883398552,0.24404409133026,-0.204584821613508,-0.478901777692582,-0.0552793047749578,-0.566819947947787,0.341724165517102,-0.20310876008822,-0.147846942881648,-0.291502444638719,0.188050452755558,0.0441422076694065,-0.104640852448866,-0.0934661238730631,-0.0368210143574735,-0.0498769284319889,46.91,0
40775.0,-2.15909939397106,-0.489645080888635,1.06473873213789,-0.732336836658936,-3.73100097479386,1.64573452767617,3.75419276802431,-0.919629695709383,1.16549937064095,-0.793533811759687,-0.832052244072759,-0.415442702669836,-0.588643049284851,-1.21843174554526,-0.640199892584235,0.382246507222423,-0.471261716688704,-0.575693103354004,-0.10237836068256,-1.17242829818515,-0.673076576542967,-0.1375780372798,0.184633772308175,0.502537266872044,-0.101475310629191,0.712318110772353,-0.47815163778554,-0.778250621869086,748.56,0
35853.0,-0.523869994311027,0.270111946400827,-0.238321138265651,-2.55010095842659,-0.775011966467034,0.982809378880141,-2.35377479950874,-5.35712715089809,-3.242410390577,-0.0202186508144368,-0.0613344346389235,0.139236484947057,0.619698749943245,0.705379446416124,-0.951906277061949,0.624758580278886,-0.169605004800136,0.299742251397398,-0.287356186330548,0.979410946218174,-3.13041735479754,-0.760006917032369,-0.0774781143226292,-1.11158014044969,0.881682386046984,-0.541131769529871,0.0460740686506359,0.207363444425406,94.94,0
144944.0,-0.814211292502312,0.837356784293499,0.36388841884631,-0.305607202583847,0.0439107055734943,-1.75225490995879,0.875299293751161,-0.188469784009528,-0.113167541176604,-0.216048197651771,0.0069600403165735,1.03580809576831,0.912713693845586,-0.0055327889187735,-0.544843405756169,-0.367895043578922,-0.100691406084331,-1.15621207649696,-0.396840160227646,-0.108280383708519,-0.187017612453184,-0.292896493318387,0.45276136797912,0.944577939067643,-0.530876959366624,0.0366537164703807,-0.311381826695056,-0.120749331017137,9.72,0
113706.0,-0.125807898056629,0.931106242918275,-1.77402731923991,-1.57868017183416,3.07053208576693,3.37299560461927,0.0827414693424449,0.13874423585039,-0.0931408919372935,-0.731150991369576,0.128676492352507,-0.095113791540423,-0.452516769974583,-0.725288637598824,0.138063502522118,0.220707355461089,0.41587207531214,-0.362160153415653,-0.414815632495572,-0.120395509215243,0.427691369896302,-1.16689720637284,0.222017701086345,0.57851355209916,-0.405276713669428,0.17046187871355,0.280669377078257,0.0788670540223055,0.89,0
155142.0,-0.114141708930319,1.05215249717847,-0.527244710910254,-0.57115161333772,0.762307980934947,-0.851162991350301,0.819853257336569,0.0158888345376657,0.387325517008581,-0.482983680742994,-0.859875802012388,-0.933955423740835,-1.6201684302067,-0.757233003439304,-0.0001348786042199,0.317412773169273,0.519791202918787,-0.135122496694765,-0.332689140798524,0.0333213313539524,-0.382930704519323,-0.960520353102938,0.134904784447933,0.522565880751369,-0.444304913471373,0.12526110106134,0.32264316940832,0.143553140906223,3.57,0
131598.0,1.55072191034182,-2.54697603124743,-3.49571053329803,-1.60540953920274,-0.0753552481045158,-0.400439776255616,0.466758824215912,-0.497171111704095,-2.22259396045702,1.7248482538426,-0.374802030414665,-1.14711882660392,-0.525713684718801,0.691736751876165,-1.1137557418132,-0.807532763910431,0.211117966418412,0.666640914764923,0.552777260710923,0.484742454605794,0.362495757502407,0.436546724595818,-0.656430831781452,-0.29235292982436,0.585000854548763,0.268280211176019,-0.173574312195963,-0.0231165184887374,478.0,0
142331.0,-0.302614708660741,0.767809828533264,-0.66609039663478,-0.446763093416601,1.43354794098555,-1.2323630722752,1.1400039431091,-0.198193227794623,0.0428226975250681,-1.06501923399948,-1.27446084862567,-0.496447157808733,-0.452053574881211,-0.883795135074724,-0.0974224019006566,0.0807394806393621,0.39484603112229,0.333421203874257,0.0848438768768016,0.123860832221051,-0.184606548074033,-0.456961113968415,-0.121440328012024,-0.787289863261039,0.15867123371086,-0.397850099880462,0.279657546250687,0.130800547125468,28.84,0
32159.0,0.954935054390494,-0.783404794515407,0.755859936039473,-0.602191965589305,-1.28619692856564,-0.720595533178914,-0.338235016646414,-0.133420112106477,1.67571564434223,-1.17219916618104,-0.290692050785465,1.29352832171109,1.09290550139635,-0.363195755155018,1.18312274608431,-0.489778893786709,-0.212042412764129,0.249751674742153,0.415895741973098,0.255195096687132,0.241320295782657,0.6828072946024,-0.278140110377267,0.472851680035795,0.605767341557186,-0.551105820365033,0.0732690243328947,0.0617123776022111,153.0,0
165325.0,2.19450728992658,-0.676751549725677,-2.35918712035774,-0.691861041078492,0.340479322052116,-0.485548249851669,0.06154247089165,-0.227339253861074,-0.900899075513367,1.15471498707134,-0.168778155250311,-0.322166379529491,-1.13718814252378,0.843931524898631,-0.942326880618403,-1.67431650523948,-0.245107241781989,1.44475893698082,-0.057203988954098,-0.615277195034968,-0.262811889891102,-0.27536726152939,-0.0062517362276958,0.101787300266606,0.260761940799644,0.816596444376902,-0.11922440043637,-0.0897989883525632,29.2,0
55596.0,-1.79187853865476,1.08035714801781,0.407957256578409,0.81023795855157,-0.506202198040185,-0.900860374500085,0.296819125307029,0.623079396785583,-0.502406707312404,-0.750428437160402,-1.29720941149264,-0.412787409145674,-1.43963044391656,1.01059334564165,-0.039207219520022,-0.201839318920813,0.328589183007163,-0.0292022616833988,0.144790217881899,-0.570305447741557,0.102687693399426,0.100040067029308,-0.469808822498964,0.394589391630881,0.280980027764826,-0.330077488586284,-0.243584171077918,-0.223186672442054,80.0,0
19454.0,-0.396223654646816,0.25199185986351,1.70897967162672,-1.18810963861693,0.429207771249992,0.748930346319076,0.13545982358097,-0.376039419333933,3.02822349733818,-0.986821573180284,-0.344642655122298,-2.49704831507023,2.07756749014257,0.568928557687084,1.12208866779747,-0.900283771198296,0.365754729623445,0.592844272062029,1.3349370735121,0.0536244228838316,-0.220539267366378,0.159210105432016,-0.340858094993687,-1.35445097169835,0.0460280683866983,-0.633630051868127,-0.598265465252509,-0.405209850271512,10.6,0
142462.0,2.22089142834281,-1.73502719428379,-0.451584558717095,-1.62113714027956,-1.72943045439601,-0.0470296064307122,-1.82737737700861,0.215457686121852,-0.775929925353162,1.76778289332891,0.277467748669172,-1.19768842480983,-1.50731347672413,-0.149947567844547,-0.337279192318119,0.0219686074729135,0.197451810142289,1.16796061627548,-0.130570835715806,-0.51219598237232,0.127919623812236,0.77503426972378,0.197295761097129,0.723855249170445,-0.288544126829596,-0.0093551828153998,0.0225484460200423,-0.0484821024780256,16.88,0
167508.0,-2.09565965212832,-0.280780375131578,0.49733842754943,2.63693383976586,2.96643610765873,4.59931092643004,-0.772617142739004,1.77013538253589,-2.04220019568509,0.481064696206144,-0.650265456142431,-0.597016847867804,0.0848438889638052,0.482606090177607,0.769513896856019,1.00169776914418,-0.571720559243492,0.422566318711816,-0.924459288118526,0.641937970298773,0.432053068848276,0.280175555014413,-0.0295812257811687,0.681449543797182,0.465147299642345,0.307104602049452,-0.0590054534341865,-0.177022146088982,133.97,0
58128.0,-1.0408133145591,0.297192443003175,2.31557974585815,-1.03376310113221,-0.372031866392097,0.297130831463872,0.0897055947549025,0.403327287500568,0.30582480186334,-0.840738892755164,0.708350915689288,-0.0779213182040644,-1.9088200558778,-0.0017569195126301,-0.774173787091533,0.204194973069405,-0.183474855867168,-0.0028093880090826,-0.528349126092166,-0.245603429488714,0.151699130755802,0.441454492264897,-0.353816689874701,0.079701826395544,0.206977693813621,1.05378502817226,-0.14040064237986,0.0166439837929499,29.95,0
34562.0,1.07971389097716,-0.338508253035087,1.61103400962239,1.69694351062855,-1.0330044343004,0.818904379063407,-0.90862838380262,0.266509035253396,1.52886879651604,-0.439527743363346,-1.67509909489121,1.35448769640442,1.26923641889993,-1.3898743546719,-1.71124851329412,-0.437540939995835,0.056270040752241,-0.223820179009628,0.346679056067262,-0.0159212829563844,-0.0706288122363795,0.322993212918748,-0.195608370263486,-0.0337394852526784,0.661593357219768,-0.200775912806439,0.112917626826535,0.0408042295004829,32.98,0
60724.0,1.28352650732404,0.422456322766104,-0.3828600136918,0.831089412998443,0.415157534253567,-0.479804778308216,0.422424301875757,-0.154951153994326,-0.46615131706293,0.220517753796652,0.693656444200358,0.58960176429402,-0.13404329800354,0.752136293994217,0.0499500713348182,0.18762515349863,-0.803824877640103,0.369599717791871,0.296983404885765,-0.133674232820316,0.0071698572079981,0.039173228551228,-0.240191661616153,-0.340657872801274,0.908933698282301,-0.27062350772189,-0.0136217517779677,-0.0066537835300717,1.0,0
141876.0,2.0638490357156,0.0223555954710782,-1.05058985579117,0.402907608149884,-0.0456071302032317,-1.18041848186957,0.253453216188621,-0.391672611265896,0.388983042808279,0.0434335136869308,-0.582698378300894,0.972909459762306,1.08169941060156,0.0725303166103251,-0.0701075921632668,-0.14800368830862,-0.351999122670739,-0.988759372592289,0.145381864655134,-0.15848724469435,-0.278563778301286,-0.619095060480648,0.325850066243119,0.0487881743385475,-0.261933702992823,0.193529844169756,-0.0641557711012069,-0.0578912975639645,1.98,0
156114.0,1.91344962989899,-0.611892283815337,-0.246177271410424,0.437258330163182,-0.93500452310738,-0.392643021878326,-0.765642920319083,0.122496883040713,1.14064660155821,0.212352449772612,0.595608861607451,0.45178207533684,-1.12625505445893,0.200358399606395,-0.268032044668667,0.492336629333317,-0.612817661429764,0.608751149385673,-0.0120824412387229,-0.230619197614129,0.24860023345577,0.823755937036486,0.132479907308217,0.112480575048518,-0.309722797312027,0.590364971024228,-0.0367106864805992,-0.0579845290586604,24.4,0
28722.0,1.1315623447606,0.147565819909022,0.115378531542845,0.900376351192033,0.0738688202154045,0.0151121137393725,0.0380985126621173,0.0890125682357182,-0.202006994725478,0.139790702527673,1.1667490513177,0.646734397184028,-0.436605124274556,0.678186218299731,0.54124232401975,0.0702301493010474,-0.494523505541401,0.0549505944157579,-0.321468696286153,-0.126897921935334,0.0962731622429669,0.247532343012637,-0.140348446493283,-0.30520041344281,0.605816222428652,-0.297235975978211,0.0185716330797723,0.0070699915333022,30.0,0
62069.0,0.877614052846938,-0.223855631902627,0.245040343789961,1.19603264417885,-0.268269191174936,-0.0478741904786028,0.105885873256491,0.0742145789598139,-0.224864834456628,0.13872814665786,1.42506077662179,0.708967139329601,-0.490057909486962,0.673963642353992,0.554792022838994,0.093055209820395,-0.415505924531029,0.0606259739940425,-0.584835811296834,0.0930110488831451,0.229051072511419,0.369881028751457,-0.210473816845295,0.0164846839657435,0.5042648362106,-0.28145936661024,0.001636244908509,0.0317446161498807,144.0,0
146586.0,-0.57332900233886,-0.301220654458714,1.05186127728549,-1.72754699677695,0.46145776241842,0.553750863659647,-0.155382785340154,0.321052705981515,-1.41308309021004,0.271612466725748,-0.384488460931853,-0.950847792207295,-1.28358058113859,0.416095392768194,0.217809100268241,-1.22327528862958,-0.102963047466061,1.54290441477809,1.41641796609568,-0.195334318249341,-0.890443177943797,-2.39064163767961,0.0701355990297998,-0.443615440742191,-0.204946921780365,0.97221836093468,-0.0596993140288401,0.0482763999622277,25.81,0
162218.0,-0.004812812340752,1.01801179005946,-0.537109567042304,-0.591306658447504,1.01975435164476,-0.740983656796237,0.936670273037843,-0.122561003474971,0.0678124185268853,-0.715366174394534,-0.905856966551962,-0.290313854542975,-0.14245694400676,-1.02906033699563,-0.191545766368359,0.392546807873304,0.291187641076718,-0.12867182238893,-0.138673917366917,-0.0112118393146613,-0.344613420195621,-0.884973464001934,0.131619847552178,0.362813258872384,-0.397055465171749,0.115495300222135,0.0923537977064806,0.0737274702350459,2.69,0
62759.0,-1.01522227760801,0.101048351860641,-0.671183658124587,-2.84228727101395,2.16626545179783,3.52154138895082,-1.06631407318961,-2.01936768094998,-1.48122494961603,0.0035353500656192,-0.278096922440686,-0.890574067434497,-0.22322807679399,0.094930861566539,0.113833075284433,1.57972781886824,-0.468471753387531,-0.83700173239887,0.132030723595034,0.927329506151639,-1.10632794995513,0.940164148619491,0.0438479133743282,1.00960470745165,0.0335355922295091,-0.343403541963368,0.235837354996342,-0.0318294049823368,63.8,0
159698.0,1.89851779334978,-0.828744429058921,-1.751834505019,-0.583203967273559,1.67871779137598,3.92910980393181,-1.21743078453458,1.04443935927577,1.31961634436008,-0.159843519765529,-0.237853719792901,0.483426312997545,-0.0435598785027444,0.0006329224749764,0.898197196295986,-0.0061213117872604,-0.583449792438149,0.139614088948323,-0.397869492847294,-0.0760162559649028,0.267078454278901,0.844784759670318,0.0927333426740156,0.737994269164054,-0.022194953895833,-0.136947480153181,0.0546223354701868,-0.0381977496947913,43.0,0
62824.0,-1.61837548743631,-0.0209538614263487,3.00125800304952,1.43302119907977,-0.553800873380539,1.608147032998,-0.7850354338069,0.4599357183355,1.42392744460676,-0.332529785230338,-1.8014466390831,0.27456749729024,-0.0457969016324966,-1.45263948740891,-0.849958555509291,-0.904254880379999,0.576938257375537,-0.0112756969164095,0.823368776847443,-0.271426504369001,0.114475082332464,0.915921730985303,-0.482546420927009,-0.378335804401517,0.382324152904812,0.0546664613762057,-0.323730632743367,0.260065675323262,50.0,0
76574.0,1.08787480757003,-0.535941674165052,1.21671436692215,0.704621786952499,-1.37750893756891,-0.300306090511256,-0.712076500445389,0.0344566082333701,-0.801583807179841,0.726780005354064,0.104133034165187,0.370873195202757,0.668823968983258,-0.0918166684219997,1.27720596180598,-1.40888648565383,0.0771560997184012,0.797107844730163,-1.91899356019106,-0.420752962703486,-0.274676580541226,-0.400453948033105,0.15580114268933,0.548297173542898,0.0556639709234459,-0.46912215969466,0.0848208579572728,0.0573742081149436,73.55,0
55788.0,1.19401100123957,-0.866743428587465,-0.314030341088187,-0.907995866582581,-0.414723714487987,0.0389651086908826,-0.269299684034192,-0.0933285042157174,-1.18464976733464,0.762767683421103,0.153425380986961,0.471318369123202,1.08680480680804,0.15621278761518,0.205244613012474,-0.676371142307346,-0.790548132868797,1.57331633068902,0.0811815563486981,-0.116480517723472,-0.539545878056459,-1.39946627027919,-0.11025681283302,-0.988540472334688,0.180605427918766,0.865999979559154,-0.0867567823393047,0.0108919957782957,139.0,0
55297.0,-1.21768913114851,0.637586463062716,1.56764699705393,-0.406727044850037,-0.553962714779817,-0.390038763846783,-0.0718793031490489,0.673074335858918,-0.135258332297283,-0.698815111905329,0.610709414279851,0.64717590119558,-0.515154601013526,0.267579575588734,-0.846380224850772,0.622409179748682,-0.543001003254896,0.568125620005816,-0.428127731382691,0.0168917551868731,0.262042918022319,0.655568315046745,-0.133967473890963,0.368225130090739,-0.0336451181190804,0.430151051578871,0.184073705507526,0.0772650504339692,36.75,0
129613.0,-0.796113716894424,0.11593851306628,0.0676460472920919,0.047624017912716,0.642286698188385,-0.401537209227969,1.26148747280051,-0.295349905034691,-0.33687182374041,-0.449859472615265,-0.787214005591304,-0.155464763877589,0.262965146830633,0.37008008287343,1.15006595593995,-0.611018608297747,-0.211848932362835,0.260748556893171,0.753251430230979,0.05266273691912,0.359446834726168,1.14384529773717,0.0917653180843896,0.728086101530912,0.0355103059894666,-0.0019850852114229,0.0951201968937077,0.185148269332984,153.3,0
37643.0,1.09911473190118,-0.0196102643544971,0.0747646652300734,0.504652410534213,-0.15264649268698,-0.109597180296222,-0.142243062976851,0.178506219679624,0.0206675199324414,-0.13436901710248,1.29617055981424,0.0778517373533651,-1.36268308847068,0.237141303969379,0.845605452075851,0.557414374478609,-0.0071017257018147,0.0545554424462345,-0.148330818921984,-0.0919432459954567,-0.218502634885133,-0.815983363704913,0.081925852102054,-0.388350362203783,0.0868617551197694,0.12708357840447,-0.0300809433693279,0.0189648032458706,49.99,0
65874.0,-2.66328193051757,-2.2260053996806,1.36980574201358,0.510117999956865,0.371078656553437,0.0681271374634294,-1.04196538756097,0.919812277318358,0.163436639163654,-0.864426108895622,-0.488835197195504,0.309644586728049,-0.523267066019167,0.162510617819987,-0.355040310617002,0.121865184931982,0.132055072938168,0.806038302427405,2.31338369498006,1.07930739116288,0.139195388904416,-0.650432893092244,0.136695720664818,-0.778478863856033,0.0966379268923481,1.15489076800727,-0.127064391203635,-0.344358537919406,193.43,0
64453.0,1.21239360386155,0.268213449328021,-0.29371824363923,0.881436646557682,0.286913210135415,-0.252101905478785,0.247584054904916,0.0489963578057624,-0.258576056651468,0.221285701707851,0.970553089120349,-0.0355790022866087,-1.77543776145413,1.11242656546554,0.446718330278733,-0.136430101817382,-0.305687847673323,-0.0051911742859726,-0.186593087273617,-0.275340802309801,0.0409843021698435,0.0916841473881531,-0.148226319324167,-0.334444325951803,0.73510364897901,-0.258076319276842,-0.0070066656736382,-0.0096301327335225,1.79,0
58654.0,-0.870187528358864,0.71146694879209,1.31991820862466,-0.0946164013067385,1.28983335257107,0.506879865942057,0.700325806389496,0.232156712852513,-0.142158890410433,-0.899235692853488,-2.16002058550307,-0.679309754067271,-0.849914016347532,-0.0046320296866796,-0.551753494937065,-0.0871023740365559,-0.456052939275245,-0.340311369640275,-0.448830995379476,-0.163777687803849,-0.140795848872087,-0.357526101350374,-0.512236953449578,-1.35506182080866,0.856108994383157,-0.326402542597022,0.0400550576473459,0.0431419024628973,1.0,0
109203.0,-1.76633182581473,-0.726055192659549,0.777378335688594,-0.771129577858593,3.51006690254924,3.60861880165564,-0.696081188624263,0.764197674273275,1.61318954860744,-0.687166009309335,1.09697438271751,-2.54815273105006,1.60442352854208,1.36213125235687,1.28691211006949,-0.411180077885016,0.265689860901211,0.406760350972799,0.783695296149534,-0.198645348657083,-0.410432384407377,-0.507408263390459,0.212192430431601,0.613809630404343,0.386024043680655,-0.658190152874516,-0.175466750528364,-0.107662691749995,2.12,0
79345.0,1.18359040434583,-0.488008683059165,0.756634946484432,-0.963829399445219,-0.844146297365108,0.147544388553343,-0.789941446370596,0.298284868849027,1.64651085917694,-0.941810845289402,1.11347631702162,1.17475077986958,-0.524034676474983,0.143232177479933,0.895475860528371,-0.422327329860674,-0.211691570887065,0.394782593939223,0.613844980404561,-0.163720202955609,0.0403803289095144,0.344982014122468,-0.0539516208208018,-0.296163152672928,0.42632559428254,-0.652515093908354,0.103032686000046,0.0174395269586746,1.0,0
47302.0,0.894947446216789,-0.421650253811209,1.00329288731045,0.958750025621824,-0.022773215335093,2.34968137094108,-1.0062973272728,0.881774334451253,0.712688211344395,-0.220868965149776,1.48022729370485,1.15941581979194,-0.582540240680867,0.0467980703305847,0.652117003513578,-0.866523632337966,0.614276411982732,-1.33325180822627,-1.35203493187833,-0.22792441592997,0.0971186181042743,0.516879652187281,0.0523684914742929,-1.35258948920173,0.0873258076278225,-0.27850893399897,0.131209851410831,0.0135401599923905,35.99,0
39115.0,1.20105466395375,-0.289562081683346,0.409880451696285,-0.28084270443334,-0.551442448448977,-0.0799946308837794,-0.503315649474558,0.239179440464523,0.420635939384031,-0.0400038638359819,1.09892741554134,-0.0500931252857553,-1.68156047232923,0.688578748532192,1.02218698471761,0.489865819150833,-0.35440891196045,-0.0467849419228202,0.0922660056084426,-0.16948586170703,-0.0909113876784032,-0.356276784676328,0.0867239073451585,-0.293427728951192,-0.0046836128478264,0.941897539007885,-0.0718150354530035,-0.009631053770374,11.53,0
122814.0,2.08051287850217,-0.887374908353398,-0.396313143778558,-0.8687582866881,-1.09170420095291,-0.887711936452086,-0.773120809875539,-0.2420676152751,-0.314491885551846,0.712227851976079,-0.251142639191437,0.271829354979702,1.70787014533569,-0.552081892315033,0.69195137582546,1.38531586880697,-0.101767026221452,-1.60508080863812,0.33042138850967,0.144792663279648,0.0717605624120784,0.126647244927792,0.341400574663468,-0.0051084948515627,-0.515501941860864,-0.485052860421338,0.0120033938610588,-0.029135584657004,52.5,0
131635.0,1.49877125795158,-1.08350792787141,-1.61024277748826,0.54598397357772,-0.135793449531392,-0.225774820618287,0.289767616037159,-0.058749961633431,0.816522764265204,-0.073083397908804,0.556642004610906,0.628118459907186,-1.31515676581408,0.66761305321463,-0.871606394630175,-0.432336267849628,-0.224593164931129,0.0688084959073733,0.388358383428296,0.220492068318449,0.143193458600349,-0.01054090813055,-0.0754135426916405,0.703111989531968,0.0192833527338406,-0.368634576643158,-0.071006277279908,-0.0178946908783705,262.9,0
53630.0,-0.712002235269299,0.178700109551155,0.943996934652829,-0.76791444217024,2.15981726728219,4.47947954887544,0.0825750375311199,0.716528174240338,1.14810045801616,-0.0537076552113485,-1.01278722626403,0.118821517751475,-0.529046156224716,-1.26969476515677,-1.82022905164418,-0.790261420664926,-0.113153526907666,-0.501345728947216,1.32726293948687,0.222474918671911,-0.57879289708958,-0.956090357408886,-0.0831955759166172,1.0289031218883,-0.0179924229855454,0.0810549574577446,-0.187942094202948,-0.305205537677617,31.68,0
156249.0,2.12699820888629,-1.23799560931856,-1.24644940558077,-2.80005266788891,-0.891571941324092,-0.854737537279265,-0.619447116713598,-0.22696586553035,0.937428932097537,-0.356832376535269,0.779977538943114,1.84707008639851,1.39454023282982,0.0156514119364734,0.341654551302391,-2.31818068106247,-0.28169527518493,1.79687705227709,0.600222824796655,-0.472774204474232,-0.241033764165879,0.0583306964543374,0.0914115865594062,-0.45441871436912,0.0474755115938909,-0.833551526747885,0.0830487554078015,-0.0470316373704079,36.37,0
147038.0,-0.934224858098579,1.42854287109832,-0.223808337528599,-0.340900650950295,-0.876794271789854,-1.67617073858477,0.231586263349979,0.714619354629616,0.0020115493129787,-0.519264134449281,-0.647770880712842,-0.131206274711576,-1.72730322787806,1.07016871722991,-0.295184745623015,-0.101264376478696,0.392239290405958,-0.855281865132338,-0.518417335073159,-0.274739427599979,-0.163412309254957,-0.567994267889711,0.333883455033135,0.812756451914107,-0.578561777466625,0.104114810923793,0.102125482331367,0.0330050449472894,17.99,0
90452.0,-0.750050429175329,0.939436097632514,1.58614018010262,-0.199149120085295,-0.160984957030466,-0.185853475241031,0.425985319714939,-0.279873894482525,2.41720958502794,-0.278253751259403,-0.0579148434591284,-2.59133944838,1.53220903736595,0.817969828912697,-0.269826267385334,-0.37575943251923,0.269012125825252,0.611735508750311,-0.180038479381539,0.135470363221995,0.0840117773549033,1.01711074111904,-0.240123112475088,-0.0418013397430393,-0.249622898663865,-0.188220202827186,0.112676003733119,0.0768310449520658,24.58,0
144968.0,1.43780102931818,-1.36419721000231,-0.976284588477288,0.344207696573624,-0.510232005794303,0.178333600410188,-0.163407689992258,-0.0306190263729439,1.03563829129535,-0.173534128509249,-1.20375106657897,0.363386128961157,0.586120190726512,-0.135862592229883,0.67295384198506,0.600617860834238,-0.689061339488397,-0.268477677091816,-0.0258888107415147,0.505658848293974,-0.0606518744730723,-0.782527487566,0.117840229503202,0.191339975205639,-0.664778273131599,0.242710528502038,-0.0941413326458115,0.0131484002582864,320.0,0
146747.0,1.83229365709472,-0.394621847783881,0.0500509596343162,1.22464439059947,-0.658364999892503,0.208455292281867,-0.775663741738742,0.195687107542897,0.89978388043211,0.291876243888746,0.463424473126671,1.09155253421776,0.380942382777509,-0.0872803823994426,-0.0617391000651069,0.84676207808305,-1.15026806320179,0.834337417940947,-0.273170589754664,-0.131264657169732,0.109382242898828,0.378075573402876,0.189148127607447,-0.37159048100245,-0.332501195651249,-0.75949528089698,0.0685989583862799,-0.0260325011897656,45.0,0
114686.0,-1.30564542961108,-0.725479332889028,0.42577691426089,3.97345292144828,4.40734317428415,4.26094616015132,-1.48848802918997,1.39292431726665,-1.54872778230854,1.41015860795498,-0.876093558452774,-0.437475340752139,-0.169740134508229,0.0541780823265423,-0.183742567205468,-0.866261210834775,0.571448716082257,-0.0372435214967072,1.40332984093278,0.66891583974536,0.297525331318503,0.561839417234101,0.0287914619072616,0.739998590769704,0.0025943927493987,0.614032095508178,0.150268954770383,0.181981327558992,0.0,0
146309.0,2.1089062200793,-0.0365050711884789,-1.72932174768056,-0.0067987700434224,0.594976607121086,-0.414453952360293,0.167961966699844,-0.220672222880371,0.3301883753486,0.170453661475715,0.128669906042685,0.914493564635765,0.705247919420814,0.512780722038945,0.0602493088919393,0.269673880956105,-1.177070616189,0.717076442810391,0.461637906624614,-0.166839037401605,0.231472524698164,0.833534588547577,-0.151936789926576,-1.04612527007365,0.40070417406441,-0.0628154939248451,-0.0211973587884024,-0.0787446085877661,0.89,0
48536.0,-0.524155008528787,0.969817626973731,1.75784150451836,0.0546639939879246,-0.116701257513122,-0.749096339007851,0.629315030162189,0.037281588155442,-0.441272411675041,-0.358099714697309,0.305879352177265,0.238421273035848,-0.0325931707488244,0.194884733314377,1.05736306788452,-0.25167470657306,0.0764358066505131,-0.978472701314274,-0.546085508874659,0.0678749890606612,-0.159832856892361,-0.380727438448941,0.0877956825589126,0.587959439302737,-0.333352757001934,0.0676568778265508,0.280307875534343,0.124052625453119,6.27,0
49987.0,-0.918563178787979,1.18402178268974,1.66317854277812,0.940418165431516,0.0682957657081621,0.168617002735496,0.562745494634772,-0.0431035353148062,0.0078108715414661,0.0227769156671022,-0.434447907466874,0.596167883985193,0.611783011528611,-0.413768881464132,0.186954114256226,-1.06789525881873,0.373063777662718,-0.862702317924664,0.530258965715367,-0.0381976972980528,-0.131320872143453,-0.0425350132702523,-0.156329912965582,0.0827328618911119,-0.316604156285378,-0.555492377888153,-0.643353413474045,-0.406255951839479,12.24,0
37190.0,1.12319625408217,-0.504490055954762,0.647142197288941,-1.45498117808505,-0.957243017940038,-0.53613046757117,-0.477133850757479,0.0715012324045617,1.11039069995781,-0.940524752216091,2.09826138140081,1.70956740686463,0.461053066065342,0.275231900377081,1.46592597470781,-0.313689787365311,-0.21730887422165,-0.0573830326273296,0.425905415114221,0.0108396069053204,0.0501443206783206,0.179997862750024,0.0506868744899412,0.279084991555848,0.151901708190564,-0.0900629161421126,0.029816129490904,0.0205755107247758,42.1,0
65890.0,-2.80121180741545,-2.19622068551261,0.60214510060625,-1.04642052169387,-0.948529810307169,0.362579267081782,-1.2809006685832,1.20561250868855,-0.357711825560218,-0.621788455952791,-1.03240903961552,-0.18494110393135,-0.5463148335541,-0.363036786313339,-2.37874284255544,1.67408162360433,0.255449329810583,-0.24885086211046,0.951351704724928,0.0766236556510596,0.371625216906671,0.587742382305174,-0.253312890589453,-0.765052281942363,0.551720843669311,-0.111257044903776,-0.156500608176658,-0.59819139968314,135.0,0
84079.0,1.24064589820417,-0.522247120653592,0.108068608710545,-0.444724010921063,-0.997904344303467,-1.37916795197191,0.0263887499313302,-0.439764630361745,-1.23463819487118,0.638773035236404,-0.0280294249765687,0.482872442534418,1.21294921324507,0.0778052671069075,0.58027664163831,-1.59233761858105,0.11670231371868,0.506359611361544,-0.825174941136463,-0.266757403708474,-0.36308508643534,-0.695717077262099,0.0085331322490446,0.781775858351504,0.277256501917311,0.978071752275481,-0.0841651859899188,0.0205812527882905,87.8,0
140945.0,1.86533387549543,0.323016012055129,0.324305476928491,3.87864968642954,-0.286725651111856,0.253945324128565,-0.473483715007386,0.0658585900450727,-0.370179287572657,1.34982814339604,-1.28251264413254,0.204450614198355,0.837616495916889,-0.420826973327758,-0.666131273571147,1.16352660970452,-0.963551913459052,-0.0516460059586425,-1.7414818740344,-0.233230302638299,0.180671188531386,0.676071338920843,0.176463536877492,0.0181953897832542,-0.209442969718364,0.0249373215537154,0.0214054547886506,-0.0293448985096477,6.06,0
128782.0,2.07928603670399,-0.0050015192922312,-2.0324587563809,-0.0243415282960875,0.354047737932082,-1.50846508339758,0.608365971141826,-0.379956933283024,0.139402445119789,0.223014225030979,0.973966569749109,0.283712996670004,-1.54458807175676,1.28859300203112,-0.141968173778511,-0.470953427006731,-0.337725284192101,-0.0080043664017307,0.299792548435363,-0.334932008450217,0.194141173432999,0.622445839379683,-0.0185363453127596,0.0406097798320059,0.338080153055137,0.225581980055821,-0.0947020299970431,-0.0920409899792382,0.77,0
113071.0,1.95867624259086,-0.279191596986693,-0.614822522826232,0.271621857720163,-0.220084919739304,0.415800471581143,-0.964077132250027,0.285547355236766,0.98833823432092,-0.344022803697246,0.894680213844484,0.94733978848332,0.732717658335421,-1.46379240369541,0.267641707800424,1.32168957958208,-0.161604899836378,1.10488897515733,-0.13929936298887,-0.0688278885383793,0.0075739620470275,0.161660010412428,0.264348575619429,0.154886822454674,-0.517695208542425,0.350712104764516,0.0095865855920853,-0.0175308377860933,4.94,0
66535.0,1.20011085510737,-0.900131684370257,1.02490371837413,-0.710115091818649,-1.44373006888876,-0.0549550737750314,-1.1770339207633,0.219435145189901,-0.619348850687083,0.72679928851582,1.71707690457788,-0.0023011526459289,-0.217807130121463,-0.123628200214343,0.698522054380967,1.34643290419121,0.182200688641135,-0.818170970764671,0.0673744945026458,0.114907822897534,0.492777441947129,1.26991273171146,-0.0891487792628491,0.258420643736259,0.269327945803204,-0.0522273917585422,0.0407561698033026,0.0200688723585141,49.99,0
100563.0,1.9131416764058,-0.945483148026949,-0.223461044138294,-1.15774308529273,-1.22827344257786,-0.865865085106466,-0.869388572665485,-0.151923802202885,3.77407975352343,-1.35817401611834,0.0983409309354422,-1.95829546738305,1.45255715516856,1.32064768543097,0.756559772898706,-0.109308429741535,0.281366402168748,0.620058618915044,0.364864822795822,-0.105188287045283,-0.0795626746558303,0.105418520637014,0.199023437853222,-0.158574040749998,-0.414877873691666,-0.372908574963021,0.0083690189516093,-0.0297883791356044,75.93,0
150831.0,2.00870670391009,-1.64610303213182,-2.72259625600533,-1.56753033365714,-0.362837995075868,-1.14235871587418,0.107572356129872,-0.484285665575953,-2.23393357059913,1.85881664298674,0.580219219863655,-0.904465934066137,-0.982876579421942,0.737958173475664,-1.20671847977182,-1.15871019809524,0.619580043897252,0.272789031021688,0.223505202242166,-0.130493785295921,0.264940481263947,0.770623916733644,-0.271545635497583,0.802068711661889,0.53126206060138,0.229605142791117,-0.121034176581765,-0.0606427024973096,200.29,0
171228.0,-0.32415563455496,1.29241669028907,1.15262359136757,3.19646781851088,1.09451490402311,0.222879766754042,0.907823952973417,0.0178940122350368,-1.64232295665666,0.745235211379275,-1.29471552332484,-0.136548655569276,0.329614497719551,-0.149166345209132,-1.75282574969175,0.111228114148997,-0.343166264180743,-0.445006966603384,-1.09636761384614,-0.0847380679161558,0.228659187974068,0.739923693534637,-0.111050935897584,1.16320498965454,-0.354887666409451,0.0223838344592627,0.168714521698275,0.210023766637253,8.68,0
26487.0,1.09891554925973,-0.206671145434541,0.999465611360533,0.952225284854144,-0.807691315668248,-0.0404614964581931,-0.379313733799786,0.0763987917056813,0.853622450579468,-0.394191553727535,-0.352282220668636,1.14602298763367,0.476192848589807,-0.564390110839159,-0.736978672662675,-0.89830800513209,0.618669499553509,-1.27239549217599,-0.131019958675117,-0.0869398152412504,-0.0769207267689843,0.138409974461604,-0.0174755139755725,0.489679903602125,0.411655433434377,0.53333393354437,0.0128419346466792,0.017782865893885,25.75,0
22661.0,-1.07135983931596,1.06353476721315,2.07387544947684,2.19508633359931,-0.607501990317722,0.740633217327202,-0.591467428502954,0.779789421261002,0.873810431165235,-0.089038863267711,0.778628735274936,-2.94695881732255,-0.299028316769283,1.71949446078596,-1.72336916294229,1.00098251752928,0.223067265894733,1.10321368945986,-0.476606990643704,-0.408442608879469,-0.0876021867781912,-0.252267783439514,-0.107079950501957,-0.117156166954398,-0.226301195425527,-0.136874100165129,-0.343962418600944,-0.0733821578413061,26.52,0
157800.0,-4.71915049006679,1.59252490416968,-2.77258664723401,-0.498435936843101,0.0862327867792849,-1.28217641634285,0.110770674355989,0.621997425154314,1.78121060829476,1.89354129619428,-0.89978516738163,-0.049430419132411,-0.256056578737117,-1.12021664474182,0.136701657768248,0.646386275540903,0.509462863953576,-0.276863394154898,-0.144206613551039,-0.840948552959527,-0.969393619172675,-0.848938034479947,1.01278059333581,0.478191586938237,0.169007371363003,0.0875961383361338,-0.324330891455179,-0.515202678666404,8.96,0
67987.0,-0.814067421764321,-0.362348993091862,3.34358762880508,-1.40266677657042,-1.04570341162885,0.211108319085263,-0.297465724867201,-0.131344837497154,0.478788788500313,0.200011804317778,-1.12804142101974,-0.460791331226522,0.0912457047486565,-2.08326404065705,-1.89886106605816,0.51502547018731,0.442936486504623,-1.37029030984264,0.478777547495209,0.324492590830402,0.0545942572334679,0.860475145787446,-0.408479958490914,0.461204673115918,0.514936711626232,-0.180924771782079,-0.10846723469486,-0.312469267234869,14.9,0
150208.0,-0.131126732219358,0.5857884808867,-3.03949300899655,-0.396254528847549,1.03350817814485,-0.12289694473349,2.13482224038937,0.0185408889778999,-0.717750503348853,-0.335503434179537,-0.473658571431788,0.422468348209802,-0.0046781448344854,1.35891145360465,-0.871720084777395,-0.813025788403255,-0.516751057533943,0.850090318645602,1.32254805589569,0.440609217442654,0.67627082469619,1.72292311712549,0.415166898483742,-0.309713150489992,-0.791577183712586,-0.395354270113232,0.378574909130628,0.343541839548462,257.98,0
78959.0,-0.775260758930128,0.109084291047965,-0.169089450806538,-0.67254922972932,3.09510242201511,3.35232831222109,0.182049741672287,0.940704022084206,-0.291167965460576,-0.644186418230314,-0.83574925092281,-0.0313628270018196,-0.368314250539756,0.0918097472277124,-0.843931463686919,0.0545451453136434,-0.7833710094489,0.055310086519528,-0.223109450151005,0.111528948858623,-0.0048437220682421,-0.226272540087972,-0.0486467227709587,0.98944394477095,0.165095908706864,-0.551541598370722,0.114618293681675,0.153882155625747,44.69,0
125467.0,1.97600261939234,-0.469127856489309,-0.752547028994807,0.354373948105537,-0.25967858438385,-0.111036280631083,-0.472533959137328,-0.0778146368507129,1.01650366647178,0.0637270477040434,-1.66577334682102,0.193287923750583,0.903273511569017,-0.221151053843161,0.872521263373905,0.797492913025275,-1.08432464533592,0.408381118518124,-0.0997677903664765,-0.0307151672249184,0.157032367783295,0.521650342122264,0.0006480367097481,-0.949646129786025,-0.148293696394257,0.411706100622054,-0.020154977447431,-0.0445725905214121,56.5,0
37297.0,0.566592777807674,-1.37768405483658,0.438796016374745,0.458683684455406,-1.45385055873584,-0.477246206623292,-0.165218259471397,0.0912949319921156,0.686576555397043,-0.153186146806717,0.963215616993494,-0.154323424859668,-2.36040320746338,0.604887850809033,0.0532269242140999,0.42065440834168,-0.168387276231806,0.33799968923804,0.24594854820976,0.439434227454508,0.162691478748027,-0.282378644328775,-0.239334759661212,0.578152773494537,0.0099767933250949,0.956824697756391,-0.137795352435726,0.0517011416887368,330.0,0
138244.0,-1.54751083890455,-0.65969742781273,-0.411016760300224,-1.01999494277981,3.17500708643696,-0.0704927289396507,0.911940761673947,0.18468136670794,-0.779976736602524,-0.958796037889253,0.753857603466681,1.14844178013925,0.369369412672915,0.698775877888798,-0.849646922701992,-1.25734268076991,-0.0540860562630246,-1.13366080249542,-1.02720349085606,0.263192525576889,0.45771781295182,1.00250780225226,-0.0956936937598075,-1.58060284673776,0.614104228089807,-0.0619315827362754,0.0318682811793956,0.117044892045971,87.84,0
158240.0,2.03301400700994,-0.332926515316488,-0.674341711159015,0.23100888477886,-0.0656658272442663,0.265851421462661,-0.562360340890853,-0.0093246012608499,1.27406524209344,-0.218577109042143,-1.4120859759285,1.01806726979373,1.81127249308445,-0.564221769880808,0.403908303706524,0.246675469171185,-0.882023884170219,0.287567399106377,0.0489659276600916,-0.0617788918880474,0.158524102810908,0.748708228020029,0.0412474421148938,0.0984340302063149,0.0728573185251193,-0.208445370633688,0.0453173406591369,-0.0329547953220297,12.99,0
164336.0,-0.930734773394685,1.91297912901651,-2.89203957430876,-0.447126478424923,1.58684555626732,-1.18999717220097,0.721358267564063,0.679067235122101,-0.888746673334665,-1.63302004857226,0.523124971386113,-0.373809517127929,-1.25453397827871,-1.53692658765869,-1.14378898449965,0.920587817759064,1.99065109949885,1.57783143685573,-0.0052126041465595,-0.237393589485971,0.141794199838744,0.277372196800513,-0.25335042524154,-0.001661488336713,-0.419828879750372,0.528643537203328,0.0498210046754607,0.149489468131373,0.76,0
154980.0,2.06682103527576,-0.085971776691799,-1.48200504016129,0.330095711404111,0.112372247450208,-1.17735126140524,0.33161576758528,-0.454052197529489,0.378776676759498,0.0938867804772369,-0.753881535325554,0.710427844821697,0.91374669950592,0.13696135571078,-0.102034835567919,-0.44991775770453,-0.24193497748508,-0.516775280540601,-0.145824334298956,-0.145074435884787,0.350486669512273,1.28770211319911,-0.129263763324818,0.0618647528633445,0.364789309976159,1.01237825143344,-0.0873372947950069,-0.0768486030102732,14.6,0
142936.0,1.91024551409866,-0.443019592998428,-0.951392512886375,0.415159147371628,-0.229649879325879,-0.264008379312583,-0.298397102057879,0.0642729709282042,0.668733012618933,0.269826886720789,0.666568881456237,0.374109740739075,-1.19580202410591,0.549817460329357,-0.26908824539398,0.351320896913695,-0.612097463115058,0.274786187533092,0.146033306430025,-0.170366415908884,0.0247652029866584,0.0045468214503776,0.227264183595267,0.753369532527028,-0.272827393514916,0.169984253067521,-0.0638184503109009,-0.0512285948922848,47.9,0
141251.0,1.98403857080362,0.694235955718457,-2.94867179236402,0.603826367762928,1.17436493638856,-1.39349343373435,0.675074184816033,-0.374074574962785,0.0609504525597317,-1.35868001536666,1.93236705411135,1.06034843272239,0.97855159675303,-2.83339072264302,-0.0414370707861096,0.637394590095972,1.88119547461137,1.52303556369229,-0.128269619986669,-0.0293292920270536,-0.0133372287847538,0.177145428960218,-0.118087351015413,-0.633251571065103,0.409932804653048,-0.517691493296483,0.0356122376176334,0.0069667595790328,25.0,0
40293.0,1.18132132391103,0.713316968666004,0.101009989087692,2.49968882649939,0.229886237603292,-0.818227107988178,0.636398839212281,-0.319719362283105,-1.14043890024563,0.709393242714762,-0.439351292997576,0.169862730935486,0.511954729420018,0.416814103590725,0.149754158649347,0.306808543245327,-0.507265023082757,-0.562926656667178,-0.898718450384092,-0.0796432311370125,0.0063550033099373,-0.0319989771547885,-0.132661938530129,0.413196845719175,0.739343581815176,0.0636599626057116,-0.0409518849109981,0.0156958991863985,28.14,0
62084.0,-0.4501194336804,0.34224998758876,0.777372229044131,-1.70103928911744,0.157910909094639,-0.9586284566376,0.696911204016995,-0.114918673649551,0.0883447200782022,-1.02583160934427,2.06369308343611,1.27925479476339,-0.0466740583843672,0.673121505968027,1.14652828020219,-1.23039611806511,0.332155535483743,-0.491913071830921,1.64902019672903,0.0433131170359335,-0.164815688637806,-0.495084353056168,0.0632128374571156,0.229592263869454,-0.227029747940917,-0.276933419717274,-0.10678298858733,0.0551457760554413,29.3,0
145381.0,-0.365811592863908,0.650761793866144,0.449025649098313,-0.831635277713615,1.42302847281044,1.01859508244619,0.815190405134865,0.342917578619857,-0.299140837449229,-0.912854280234265,-0.169166597960361,0.402597204009159,-0.195949233477714,0.284802992951644,0.425056227961765,-1.55466151926453,0.909385406710256,-2.64872601841709,-1.41277113873979,-0.291327372483517,-0.0317927159697735,0.158339480643721,0.0483500342097545,-1.35522133722439,-0.81347687076041,0.336649733846832,0.171507554164777,0.150091094497766,1.0,0
167258.0,2.06957376599524,-0.357562918607211,-1.49576069377954,0.629254299772622,-0.128055088574539,-1.08200562413645,0.214480172926622,-0.472329186016746,-0.987663186603194,1.08422933857072,-1.11670319331516,0.20218375921116,0.82103307480541,0.304470546655153,-0.108896246030407,-1.79522217287646,-0.267783133729984,0.998118010506944,-1.11165064970593,-0.548091288502626,-0.231327701756798,-0.122177563155436,0.0430751726746613,-0.139167484890635,0.260608121804351,-0.516890956561387,0.0102734444919518,-0.0430824425764153,53.63,0
41431.0,-6.48844807693684,-8.31359649945034,-0.422454952626805,2.37832108734406,-0.495731689607049,-0.700788364589102,0.518900838226798,0.704060215582029,-1.42596764837193,-0.216932753276819,0.0161284895612236,0.0561116619588969,-0.146819335399228,0.770447413745748,0.155696954667503,-1.12626146092081,0.0613921061560358,3.0345251107136,-0.256435557197702,3.68089908032135,1.03701447001456,-0.39193249032981,2.45768400313999,-0.119983670246931,0.279375433921523,-0.254798784993393,0.0217570067374514,-0.639976966091926,1140.0,0
83765.0,-0.918638458246811,1.06975287189704,2.14738123399497,0.897879506096449,-0.654287622008168,0.273123672922541,-0.16267657485189,0.590853162607557,-0.277849186088061,-0.787500058523587,-1.26080130915152,0.196200842403046,0.625595023222117,-0.0922931280708696,0.804730480499889,0.141342773600898,-0.1378956215549,0.491383345001562,0.704794688549204,0.0304118719057933,0.0763589208902711,0.200928868327619,-0.247790387634939,-0.106111066858701,0.329744584175304,-0.23492391045425,-0.0024392854591474,0.0277591463989963,27.37,0
161081.0,2.01653015915168,-0.429586004651784,-1.21751660746505,0.605933166781129,-0.426739977933085,-1.09458857879864,-0.0453485125769846,-0.187325075428807,1.18558258309962,0.0977727001686015,-1.49545528805732,-0.857099644020608,-2.47745328132605,0.531041907923957,-0.406705803423099,-0.416925452993523,0.103451030938342,-0.265201108280744,0.13549445938892,-0.352486579523364,0.110956227301151,0.482741157436225,0.0146375482628329,0.0742737209877283,0.11680987106726,0.729018740980571,-0.0870908938260022,-0.0735204464517838,23.0,0
156547.0,1.9246314979553,-0.292871813541825,-1.48059508182723,0.0397916888504317,0.983409006177652,1.21262504146173,-0.181811085387346,0.321651712408374,0.605428586183569,-0.110244993260296,-0.439375938344318,0.464625199913571,-0.115208635926723,0.399209844692373,1.20469421605953,-1.15918981679156,0.677475575630727,-2.56073405437829,-1.1427011948685,-0.353736085334233,-0.217837239107821,-0.348863152617973,0.385218388644893,-2.00880939660476,-0.528404909711217,0.368172738171748,-0.0016421557789865,-0.0822325234199452,1.53,0
24907.0,1.2624167706854,-0.604216203749068,0.785079733326827,-0.440476708383216,-1.080290655232,-0.415875208672637,-0.727121688369715,-0.248865555624383,0.52567616907809,0.196009189128017,0.254333924248611,-2.03515773270789,3.5746670855476,1.01430666477686,0.372100570906312,-0.829718310207163,0.26929929563199,1.34718207453915,-0.93040432420641,-0.252509173915327,-0.597412490555182,-1.10339862705797,0.0735604386775722,-0.135878276521696,-0.0267615844545363,0.836986491975017,-0.0616239110746836,0.0253726101570035,79.2,0
35507.0,-1.36345572419836,0.457922868668702,1.37271739541275,-0.196490890313837,1.18863349951718,0.120294274580864,0.806935776694222,0.119521984588289,-0.877178086005859,-0.536407481129279,0.783900844855524,0.6507987605156,0.341243348716872,0.31192967388389,-0.0619180161203404,0.290679887195072,-0.900350143431527,0.167885386614373,-0.667895260204713,-0.0306492367420632,0.150224762186248,0.27322252877893,-0.360679344796454,-0.652704594529953,0.724608563075619,-0.371117673495805,-0.114085035427307,0.135203475188742,65.0,0
28019.0,1.29621561728093,-0.0686336083166399,0.0544543901548642,-0.55834493054047,0.220780256419259,0.568888268922504,-0.337682326159079,0.138129469324469,0.0448347928609931,-0.120287918818157,0.681443489145976,1.18339271030614,1.45518179429507,0.0358245288767131,0.770824818764826,0.649867566660809,-0.898157507147041,-0.076216198104558,0.464074342010641,0.0312167142842471,-0.131031848708352,-0.297185888402219,-0.0675201646943585,-1.25942357307394,0.236579401480876,0.997692627444367,-0.0517215425442095,-0.0157185441752949,0.88,0
35056.0,-0.536040265808376,0.243543179486114,1.32146187841838,-0.936724318315367,0.311883239973603,0.757655382085888,0.415765055592301,0.273257770418465,-0.199942522909903,-0.667493539071944,-0.369668615208976,0.154980483837503,0.546257630778877,-0.134668463618167,0.168636474172766,1.5583357284255,-1.73323908038382,1.14462762686966,-0.0542942066878602,0.189367545497325,0.0622997956792536,-0.0866290002421747,-0.106405127630094,-1.38376158886855,0.10349245002395,0.327647927675914,-0.0468194388959063,0.0036819185977025,97.8,0
130148.0,1.2329073078716,-1.69330572414075,-1.04464842897199,0.530329200043325,-0.904650476859874,-0.211999587184939,-0.0698022547365546,-0.0032737904562969,1.54258235918066,-0.368824050849995,-1.22373364556186,-0.556790041638321,-1.61075875049404,0.51082424404665,1.36619659797397,0.43912804157717,-0.634503704866959,0.404049846720992,-0.165941652929544,0.50616912315713,0.0786412209502305,-0.691689043847712,0.0297370490014711,0.485434261057003,-0.534366940439488,-0.993556171848802,-0.0359491903515061,0.0451466844247662,410.0,0
130803.0,-0.341014254942234,1.84047000538648,-0.642743455217893,2.0185967350646,1.12396380983043,-0.0467743129368161,0.781901788773972,0.299864966852466,-1.7261886546918,-0.495436160922183,1.27103146067016,0.766944593452252,0.655587571358384,-0.551301613717324,0.122706835742241,-1.08992680470663,1.8963385926243,0.953433993529551,2.61320083709176,0.191663414900843,0.141189832118355,0.536979495232596,-0.373056074297656,0.642676208042964,0.288528540364091,-0.0841429891628657,0.0735481032906955,0.101023029372797,1.0,0
140437.0,-2.72472360124664,-2.11544405489976,-1.82474411977607,-0.147801624358332,2.35299881490174,-2.02262527182745,1.19516905113191,0.115391645207538,-1.00461915099813,-0.96075291549936,-0.0254495967233895,0.371571319693703,-0.784225304702085,1.59612308367259,-1.22237194414435,-0.477469788183402,-0.439840321737217,0.464032627918732,-0.0107167896862513,0.953210526360103,0.850383072560485,1.03233855415066,0.055751866551185,-0.500878047404202,0.550818878821428,-0.0284238331885384,-0.0760372475401924,-0.306170310540219,271.92,0
140824.0,0.0687532347755688,0.564939105585085,-0.0109184963524949,-0.923941637486507,1.01502411708306,-0.118462350236028,0.773218596350106,0.0654367936187924,-0.203941266274816,-0.433209113231575,-0.378541203346678,-0.193018458288244,-1.12794312400768,0.537639349900205,-0.8355568617132,0.415960634122244,-0.914762011611685,0.179397592782125,0.610146463304787,-0.200565057366504,-0.239303770201602,-0.728846320348882,-0.0884164343489729,-1.19386464521531,-0.437212533739507,0.192586160405353,-0.000735064674825,0.0252615174625839,0.89,0
45250.0,-1.52414620103957,1.29181094403901,-0.43821985733724,0.753996684833493,0.355318920754409,0.0101969239887108,-0.0363378863823818,0.801464948218769,-0.598505550393092,0.0550154456879942,-0.368902512768312,0.704679876914435,0.223165558233549,0.798573418490729,-0.568491952156201,-0.0250033637352384,-0.270163979762045,0.7486252907252,1.43346984366628,-0.30911382998473,0.117232851208267,0.458601317047101,0.164555316973743,-0.809782427004584,-0.13479468220706,-0.286152930746264,-0.140860972932619,0.118010877049495,5.93,0
50795.0,1.21582340293134,0.0762103102182538,0.447048835029338,0.58703993153009,-0.445726696259363,-0.561219487887364,-0.13276626611038,0.0312509088614098,0.302852651436616,-0.0592383832923326,-0.292887071459144,-0.464623205413495,-1.42927172744744,0.610780431741102,1.4734315280373,0.0926172613230275,-0.047680209767462,-0.778070519119774,-0.464002972842659,-0.2350395217175,-0.249837890694597,-0.772258255968704,0.185978925678316,0.0160551217048251,0.0867859405739961,0.130340109730652,-0.0238939593168305,0.0118887231556456,1.98,0
83095.0,-0.438419533026143,-0.137296578136334,1.94103987604835,1.09634541418434,-1.48326650929219,1.29869426017487,-1.7925659646438,-2.35954477211597,-1.02684544468943,-0.190729835685425,-0.932655351585057,0.464503360505103,0.146693724854614,-0.0924552292228802,0.114927128670938,-2.16045451663117,1.00777100882756,0.761511197558969,-0.405269786098978,0.535391992411051,-1.72903543701029,-0.505761524333054,-0.154892048283404,0.0379003182786027,0.956773202483967,-0.146865638862722,0.112525691851979,0.221620459366386,138.38,0
81348.0,-0.918447357775408,0.741616714371643,2.37835214922285,0.143923101141509,-0.750574128856387,-0.187079436933966,0.0083058204836727,0.189659491168575,0.671244397385022,-0.299852368112716,-1.05721188613061,-0.491284415025344,-1.14225301245785,-0.384080132388825,0.14923636378697,0.0505129552783868,-0.0879715172545924,0.0615258300008414,0.159640062460707,0.0120146797424721,-0.0402838126760858,0.003801793163889,-0.152259859751715,0.397481169311304,-0.130620246115191,0.290528163785482,0.0549884465587604,0.183607060823894,11.5,0
33429.0,1.32340948381294,-0.873381080643078,-0.174896423995907,-0.918050280709241,-0.419742309162517,0.480193392788374,-0.745263155302254,0.240691161927092,-0.535035640018152,0.708076208217317,0.112069193036193,-0.994197845761585,-1.615578214895,0.20968602114288,-0.241404264250127,1.06555475875579,0.250588867677557,-1.03409309024273,1.18877047116992,0.035748844433544,0.0154362675955337,-0.102145646337614,-0.168369569642761,-1.1631872541858,0.517336858023239,-0.167480628958268,-0.0018428468629524,-0.0092088614264203,49.95,0
58146.0,-1.09862236481288,0.0654672225412697,2.35072049618936,1.52126788180205,0.7909532691954,0.570195884720969,-0.433491219786122,0.597937894881832,-0.582907314388959,0.121597440279116,0.363861859298802,0.138805877971658,-0.702332811991233,-0.0760512972967261,-0.900714858335979,0.957747086912667,-0.894877915493881,0.427655556470927,-1.58242039584041,-0.0451695133560694,0.336742545081168,0.768930942636838,-0.0227326569916503,-0.320433948894032,-0.412933464413336,-0.0821557629683406,0.136899455532513,0.160257501623234,11.41,0
84552.0,-0.58786839577609,0.87480694608673,1.59245194637663,-0.143854842946239,1.1860119783777,0.557605960703283,0.9432966057623,-0.334158919939955,-0.260949418476565,0.241256105255476,-1.04318608000098,-0.343516097943846,0.895365106229041,-0.442346062839568,1.65335549193056,-0.166603637675337,-0.588651025678753,-0.399834852729616,0.923437913768259,0.389077120536444,-0.398648097206987,-0.693614188097704,-0.384851525750606,-1.31404435699151,0.165850721982313,0.291772602068858,-0.154061007590064,-0.333216037957366,10.99,0
124941.0,-1.1376089071514,-0.0310428427191166,2.67112780961959,0.906963213101745,-0.0415054436300246,0.807781787077895,-0.255604730234705,0.424146765530035,-0.234878846711697,-0.450232021027299,0.517850293780723,0.919333625604372,1.13755851154186,-0.40993810952839,0.508026567221261,0.456534959234404,-0.814244757010489,1.36223301651451,0.599381941125022,0.473465447072281,0.405624665116417,1.00446798786758,-0.161766710768645,-0.381949851391625,0.433743725039782,-0.28322335044873,0.110970476684808,0.100404037128083,100.0,0
132638.0,2.22147241112716,-0.698272340563469,-1.58792859394695,-0.597005969631996,-0.319383650877236,-0.76482302564539,-0.37361663276102,-0.225324888954689,-0.416431788851531,1.01509944686724,-1.44659586252002,-1.03853490687208,-0.979565514058527,0.519943013626528,0.696483391876184,-1.28517321957887,-0.269931818994468,1.36403442013759,-0.854994186974787,-0.655679106219807,-0.192891147340806,-0.0744169315197134,0.142209106204428,0.466092320218232,-0.0426155519360544,0.775971863532773,-0.0791816450042885,-0.0641348998498324,8.0,0
146557.0,-21.0635524748085,-31.8748376387106,0.836133364422204,6.78688403250333,29.1621720203733,-20.3678363803227,-20.9066513180909,2.66502229163999,2.73688715014506,2.50186751101742,0.14308306132885,2.98244680160901,0.77820219349082,1.54945240456228,0.042256438907432,-0.508766133973799,-0.208435947674973,1.34942775204241,0.197867919059391,7.88927169077028,3.11931850539445,-0.0200739420966208,6.0793956220016,0.775016690030969,-0.619492356441634,1.12345479965924,-0.847250775334921,0.95205461621846,1.0,0
57604.0,1.19489093085844,-0.796557148211552,0.487856828206322,-0.705959564740624,-1.19548665870875,-0.707884775441529,-0.567860717167349,-0.0427857841878914,-0.967610758359621,0.753641217722886,1.4315010761996,-0.121038358353893,-0.400097993621016,0.165356781000371,0.181277458186649,1.46818066808731,-0.0013757681182086,-1.00420070314072,0.873981351269209,0.223701231047056,0.0032231092671267,-0.371826108470454,0.0516162286296241,0.293139650051524,0.150340072398421,-0.505934345366417,-0.01344564528599,0.0265152883775595,96.06,0
160622.0,2.08194483020039,-1.19760735216011,-0.203826772223635,-0.771072712574839,-1.01437766845212,0.73953833760152,-1.56122262202682,0.248602901060806,0.146476350314059,0.962747090180671,-0.477371868706675,0.530960243162125,1.37190763061026,-0.532136696180295,0.409499495644578,-0.0024077568524894,-1.34872333439625,2.60168685801419,-0.533102364757955,-0.423895129594801,-0.153449283432444,0.114297908209849,0.129581970870234,-1.36640166018025,-0.538435635826632,0.674351111237139,0.0187616284116541,-0.0478030983103384,34.45,0
80559.0,1.13648281801222,-1.67240235069007,0.338868616670859,-1.06762805945342,-2.05056941874956,-1.13988423740194,-0.810314462561961,-0.237567300536702,-1.62781316376267,1.40747647406083,-0.472414892520055,-1.53715086179768,-0.870660645977641,-0.0199098340319138,0.736624656958792,-0.425135335283118,0.69607360797234,0.285820059662562,-0.534053649407512,-0.0448158966414632,0.107403189335098,0.252255442821173,-0.201492086588558,0.708190511412708,0.396220264428452,-0.0313316601837991,-0.0117967093418202,0.050794590485009,199.99,0
117328.0,2.0928630414384,0.128866822661487,-2.04326056728797,0.405814073240448,0.545399154287957,-0.932583073258423,0.256593395265762,-0.227217835813669,0.555837287655517,-0.361321849940847,-0.872046225191437,-0.523284992496813,-0.997062195532855,-0.6596005051959,0.264375072085461,0.313288311012803,0.594074534260999,-0.0617691162135128,0.0929106824650606,-0.212924194673448,-0.292714233583744,-0.776819801982679,0.237040633259051,0.363151670489519,-0.10701405779494,0.311560942445431,-0.079905124429566,-0.0377888552976052,5.04,0
141897.0,-0.241092406036004,1.14615999234016,-0.260722980367677,-0.475736244073641,1.16048706937957,-0.584758000009271,0.943375136384451,-0.0571602241318588,-0.486397262939254,-0.635371200121481,1.30308237594527,1.06886222629825,0.825913220854096,-1.14120425098119,-1.02288200111523,0.42555982069883,0.214081898993607,0.237304974074786,0.0145370167803066,0.0762575371155617,-0.241711256449435,-0.58139262510712,0.0448668981505893,0.669828200423497,-0.468932368219834,-0.106846957359906,0.163524456420364,0.148112346721464,4.92,0
155620.0,0.334706563092677,1.68022034590785,-0.282256044391449,4.43419940632594,1.16290080320136,-0.441142807229198,1.29902598374766,-0.309483047100917,-2.36738295690673,1.98281943109755,-1.04778649458179,-0.811013119499248,0.0564800780297691,0.822247957295118,0.40279082183296,-0.594655335764563,0.161834632974277,-0.130808473797841,1.07375380964574,0.272437678120946,0.258937733767946,0.913412603982223,0.0766281170950894,0.0564350765268589,-1.17184603375315,0.309035760569484,0.522668596829417,0.353963652358451,22.76,0
77377.0,-0.89278544942776,-0.663103260276957,2.14582334961764,-2.91504940479937,-1.63586562106532,-0.99518816110834,0.356684969651171,-0.0841775565312299,-2.21354600505494,0.241799622999853,-0.661530791915834,-1.69884582505031,-0.927763535681117,-0.325730487529372,-0.302099703265076,0.33650599671859,0.0075788567862653,-0.0160337383663203,-1.88860596626547,-0.224896936490162,-0.235159855706286,-0.781927828099715,0.244139583253401,0.579535409144123,0.252455265061763,-0.672841905329573,-0.0277444971511143,0.071254672898287,150.91,0
53979.0,-2.20282152413115,1.74141731341537,0.447273537175371,-1.36179992730356,-1.1779602680772,-0.569580743050892,-0.61233798225165,1.53765815755845,-0.363036218485903,-0.659187355264996,1.15759987573244,1.09368690998565,-0.330888469277694,1.06729632186828,0.002086945523043,0.794270523942162,-0.0659399265184445,-0.238512697072647,-0.90463074190611,-0.0984889741856402,0.0682720125974262,-0.0306955979600201,0.168603076601618,0.238572356630861,-0.308468749844034,0.736638640990688,0.116838660996375,0.0772025610300268,15.37,0
163647.0,-0.34088755064541,0.806102849360987,0.0419485351082331,-0.459135958094104,0.937351599133788,0.4812766499284,0.551931961375035,0.104700273283352,0.509254675177253,-1.16655422037684,0.223345137835619,1.02041053182527,0.491461063630075,-1.76694070495698,-2.11586339592143,-0.276366449238265,0.550044758654154,0.925029833390618,0.329630509045328,-0.110277529725429,0.290063613644684,1.15151016069742,-0.479187771443248,0.219362424029562,0.456601477895556,-0.0037300348886321,-0.173189298971349,0.0527373984038854,11.09,0
148584.0,2.12098622736352,0.533060795549802,-2.68883200820187,0.372148687101808,1.16481694765875,-1.45067666195424,0.950852729657098,-0.590711406363775,-0.0942972385678661,-0.48062132522451,-0.194581414698718,0.637412566425677,1.15472978895067,-0.675662327905007,0.379690571891947,-0.269012730324777,0.516992354873883,-0.014401019952178,-0.139410446848963,-0.10242914444425,0.0973404698033619,0.463415570856626,-0.0743278275508509,0.631738658766322,0.589986444299535,-0.130682016515368,-0.0426712251093566,-0.0372781112929991,6.99,0
135420.0,2.00551399496437,-0.28998998353418,-0.549052399019356,0.17338689537575,-0.271477012253299,-0.248056630024704,-0.399490969318232,-0.0782306501479395,0.841455573486616,-0.0479913340932566,-0.761448824696309,0.946548371851873,1.39375351264724,-0.322239861167794,0.440418590450783,0.441532781442367,-0.664645879909236,-0.550783782959294,0.0410335896040612,-0.0504076118242058,-0.26032386891217,-0.653568894827618,0.427085700914184,0.597211307734145,-0.564835632123281,0.203598432191914,-0.0390191409589491,-0.0336808182715747,20.98,0
38696.0,-1.27071150448012,1.83464613785887,-0.204742129530022,0.894318389435112,0.286633791166567,-0.21260201523613,-0.0992606646225334,0.981575994296524,-1.12954022567157,-0.80496488640203,1.29670099564575,0.743361639130682,0.278594871798069,-0.364301307588929,0.64968015430021,0.346377410481142,1.13848713297105,0.912708172696023,0.236129969956612,-0.0700106241769087,0.188282547295212,0.428908147845595,-0.165301411495422,-0.404625269542213,-0.224196016641831,-0.293803124334301,0.090124729800354,0.0726466504219456,1.0,0
72827.0,-1.11784233733243,0.697598724024562,0.968168967710694,1.38831880329962,-0.566002104699493,0.364928837215823,0.5269917509621,0.679939332955485,-0.65558492538027,-0.254295434196746,0.960819296299166,0.585297296728851,-1.04809267311702,0.734006449153397,-0.427970297377496,-0.891238834069009,0.662436710477164,-0.048467222466808,0.901478990381871,0.311481614811643,0.154647521101951,0.317708136762145,0.249586266477444,0.208670979374518,-0.0974431698662973,-0.254102091163878,0.24954389754121,0.121652937302353,148.69,0
115288.0,2.08880347710225,0.250300539388746,-2.24825362013018,0.881998823717377,1.13132596959972,-0.481538179685922,0.658164373363759,-0.269518515155695,-0.265228003505848,0.550715773750928,-0.0648389295084858,0.256478035615775,-0.499891546640706,1.04554050404646,-0.3395473097201,0.0650544760277181,-1.00071273236357,0.398506230719733,0.246267891084776,-0.2710555365028,0.103686325620971,0.361889960969518,-0.151039352808138,-1.17079991956894,0.556196342034825,-0.429886857519213,-0.0378801195584553,-0.0856122102530991,7.9,0
77519.0,1.17951582490054,0.240265905504047,0.714998098173027,0.693126046448016,-0.523100462428589,-0.81946998242709,0.0188962216472333,-0.120547275975622,-0.0468354071601066,-0.120714924245911,0.539883620724103,0.811600838500062,0.543023959179353,0.231767258002022,1.20744226316821,-0.160947909801662,0.0294917384898632,-1.20681971789997,-0.680383757352573,-0.120050937217089,-0.190766607497358,-0.504117162117473,0.22756985915095,0.610550342996792,0.0850238005352853,0.090109119244531,-0.0096816760012502,0.0217733863600878,1.98,0
79370.0,1.03372163747426,-0.551569393188062,1.15873694982652,0.0156105542999204,-1.13622405446631,0.122165988227524,-0.801006832305843,0.292078995724086,0.717288081351807,-0.225844340021191,1.5420984746197,1.07093619944428,-0.264689995371131,-0.0322201789388374,0.312378753496131,0.218573746176464,-0.113525084578625,-0.233822123630154,-0.0801908890146324,-0.0036978633881647,0.0570945593888652,0.176414106625529,0.0629358664127864,0.292082224089058,-0.0693696312931688,0.994658700470246,-0.0351971295594044,0.0133511319443975,55.55,0
7386.0,-0.588208960216349,1.31276123794071,2.05374256138956,2.84081423356039,0.679454396151462,1.70734341422004,0.0981938458097438,0.579235823678149,-0.0628256311295011,0.308535304177739,1.56131316482994,-2.95500124935265,0.710994319240074,2.02761542843964,1.71507090934244,-1.32716057477337,2.08649693976681,-1.76344108304138,-1.02053510871041,0.0390301085851781,-0.209903052174286,-0.187784962014544,0.210605547597951,-0.754713217555052,-0.821775248265635,0.0320520006567213,0.416545125758702,0.183878970465256,9.5,0
81781.0,1.18196227326813,-0.0749931168624668,-0.314231833478739,0.158391538708736,-0.332295446668159,-1.40510908363783,0.478689830925466,-0.370992382206635,-0.0374408036267327,-0.0923196135416069,-0.375749835691799,-0.254640470414217,-0.749689252103798,0.649899178459573,0.854249942802254,-0.0448104147623656,-0.113772406880531,-0.579487539895729,0.103251475267924,0.0213702007303854,-0.0134357269415997,-0.217118619102161,-0.140533563076583,0.457369657502912,0.498325728958693,1.06527019723787,-0.132501963645955,0.0019549998608318,79.95,0
69022.0,-1.17463719944575,1.00307761336257,1.64967234646357,0.526730227978079,0.293577101717228,1.53642693786851,-0.257407388907833,0.733389921803186,0.0533036661976264,0.0600780629370678,0.0361352576591048,1.27309406658282,1.59724816308191,-0.545835491423312,-0.125331425253789,-0.0499822899029355,-0.464993148522915,0.506137799030953,1.02863836584632,0.350802796610187,-0.070345768754661,0.3334067474709,-0.236378378876624,-1.3087435621219,0.206861357767458,-0.236723804782941,0.27078099052613,-0.0761183663587958,10.0,0
72904.0,-0.011293510495754,0.986685800695961,1.17043501477125,0.63755644066781,0.13817350295732,-0.371859331580433,0.482452842558212,-0.0039606950457937,-0.591857598327208,-0.432769049963031,0.108489556325389,0.100080304668421,0.419859241570227,-0.342839563869814,1.6146205253759,-0.272503022066155,0.606692625938964,-0.493138970305946,0.492966735928182,0.0509935428045766,-0.155396652923012,-0.38101562551631,0.0951385326120658,0.0437866934546495,-0.691481386032483,0.181323151256594,0.087956726981628,0.0766908568142346,0.89,0
121955.0,1.95641280003628,-0.152503862164607,-0.131982369444853,0.677579758572726,-0.821527446472875,-0.565071710461478,-0.916482818258419,0.0280748019617102,1.13328896418465,-0.443316444155232,-0.209198852758008,0.441877241159073,1.08708675115315,-1.65946661145013,1.5496479329926,1.31783539985303,0.0097603284004242,0.851443536748503,-0.995128025096154,-0.106470337123671,0.194818295893639,0.741161470655069,0.236838039006034,-0.0728880628433469,-0.53114644909415,0.305975552154745,0.0422518334753517,-0.0024624263931476,1.45,0
61990.0,-0.19626412280202,0.0733540711356857,1.14403145795506,-1.48111351581839,-0.545172181174712,-1.24125087981843,-0.0198122201982255,-0.0151009452855945,-0.895364930689935,-0.30707802020502,-0.470020285484625,-1.81729615229196,-1.4722119523069,-1.02938896082131,0.464819413192273,1.82806505586949,0.723197921989151,-0.63078328442133,-0.259400813339496,0.0010702531791403,0.145219615938669,0.154622492881758,-0.0053387504976069,0.256596171401225,-0.293852848047858,-0.479278879255829,0.0511588239701623,0.0744059522165907,19.99,0
121363.0,-0.137228641408101,0.349977482122709,-0.624323183309974,-2.17949471450388,0.387463007685891,-0.0437680870030244,0.0103546504379775,0.339621256558085,-1.42269351457794,0.122401353832449,-0.423011766808827,-0.0142547107382053,0.776913549272816,0.0635006643288803,-1.32891848534146,1.3981921028434,-0.329730115001246,-0.945214096248308,1.37245470243409,-0.0588154363005927,0.0354061170635098,-0.117680541214271,-0.109294339459164,-1.44692323166812,-0.263271189424837,-0.422091645058686,-0.212099476575144,-0.0540982482474257,9.95,0
38706.0,1.24189964912329,0.248407008229765,0.0384014394948921,1.01427926264417,-0.07490691321361,-0.665121866931312,0.199700281952529,-0.17527908130101,0.0943479451542686,0.0211874732027813,-0.960310630958155,-0.259617918859829,-0.415648345246531,0.463327318894785,1.01748884833159,0.232092020196477,-0.591391025072348,0.0902262784820272,-0.17151097233768,-0.117275746481295,-0.0011819557481871,-0.0249079273588793,-0.177399935641804,-0.153429387420767,0.734425187174997,-0.295590203828316,0.0057982477911749,0.0174148103685319,25.0,0
42482.0,0.768103598510112,-2.1207631044105,-0.185976093713647,-1.42231531995142,-0.9254115072579,1.30395321337966,-0.918190974437261,0.427780635077983,-2.10134844041342,1.34446078586475,1.99950581878,-0.399411109035269,-0.699333777889148,0.365361761077015,1.04090955042823,-1.49867541274623,1.56870740550809,-1.30902824110096,-1.5852283949061,0.0375155595070008,0.178420823101066,0.352802327171903,-0.150520913128495,-1.04125023872025,0.0383709794197931,-0.0296668269167668,0.0282030912618165,0.0366213515477856,290.4,0
130686.0,-1.05954038992622,0.389006052589097,1.13875130957184,-1.01015326061126,1.10239667421909,-0.441040037351362,0.748161690830307,-0.114741608443433,-1.55824501435195,-0.873515738234733,0.740478345237318,0.08940844289966,0.691007787627343,-2.6121486217638,-1.32013443142583,-0.066627118338019,0.37497682188528,2.80218773939246,-2.31875004154805,-0.275587004576168,-0.40572644139537,-0.698973589753177,-0.385400941868658,-0.661087355421019,0.841456811753029,-0.756617777037716,-0.105500723223283,-0.118073706650753,47.0,0
73257.0,1.13326573397773,-0.445517078032545,0.219903886851168,-0.22804778824327,-0.312616067251881,0.295962281935861,-0.415360260650495,0.0834821966673939,0.26176491447141,-0.0425472601232332,0.302579065491644,0.717915048172689,0.907270035554046,-0.0026975312495092,0.659886160787308,1.10419285297178,-1.20210968849341,0.821566618930685,0.517805450774416,0.215854019117474,0.14586735762726,0.267650254513552,-0.293070295816116,-0.851277294604179,0.367724618739944,1.15818719649195,-0.0737675370094555,0.0051814760350057,94.99,0
141430.0,2.01385426394564,-0.368508300849037,-0.613696781274389,0.159004219437611,-0.317552777365656,-0.215429542488214,-0.476875114172862,-0.0095150595257899,1.01352044011066,-0.0153981491432985,-1.03920999633378,0.333355731491721,0.322553147484203,-0.111900142259499,0.567305881105896,0.522494820274732,-0.63984613432701,-0.383803172745458,0.0874782356738394,-0.118844968647551,-0.280203901237183,-0.761190068278978,0.428302445839572,0.464296085933749,-0.587592981111416,0.213732845481476,-0.0460881877834662,-0.0372337979705522,20.0,0
49317.0,1.29847660522705,-0.720785432128653,0.572038416913579,-0.49413870934454,-1.25129855042534,-0.632534803860995,-0.684696599241474,0.0103287930551911,-0.582454682266197,0.677337061696886,1.13534912126717,-0.0556726194179514,-0.976757575923033,-0.0744008488127096,-1.10387982818007,0.757597765553123,0.556086467487651,-1.22676808775195,1.1514202994558,0.0308413187666833,0.0450119772348297,0.0983999408801476,-0.0264625687325074,0.538787545841042,0.462344287028607,-0.27322513055651,0.0008825037015599,0.0064862993384784,29.0,0
35745.0,1.05354693846724,-0.606807493992279,1.18227680222516,0.325556453175379,-1.29931881862179,-0.114321636463591,-0.718357673166692,0.207122600441937,1.30516335238665,-0.492972147904591,-0.426940963588954,0.311256867874528,-0.960147415012136,-0.324322731092662,0.0252562440041959,-0.461774321820017,0.593189992150296,-1.07969907869238,-0.0253236773529395,-0.0801713875071197,-0.166120205137437,-0.332768406175435,0.118678190339932,0.453044752386848,-0.0269858364600341,0.950096916129659,-0.0312746873033774,0.0205267918906643,55.58,0
129607.0,2.10322462820034,0.118540033505616,-2.17863779616317,-0.158189724361651,0.76214952290971,-1.10314071634845,0.681259995142694,-0.404240475030918,-0.129194546763888,0.173455943317505,1.15526640736545,1.1217398567183,0.211820351880437,0.922263150521446,-0.330383759571231,-0.451121683003591,-0.534923314972428,-0.0779977942566694,0.390675668604598,-0.185984888116775,0.198985438456862,0.673789033023767,-0.0161888703331517,0.832697462880696,0.436866509837665,0.183541217806707,-0.0916616481869741,-0.0812371696674174,0.77,0
151145.0,1.90472844726327,-0.569130512884673,-0.256311656167095,0.388253901812418,-0.842159689625149,-0.33114955058692,-0.733374774006906,0.101845800727765,0.986803497323937,0.213025924649208,0.80234576961806,0.743095510079666,-0.481451560068715,0.137834783955522,-0.0546121162481158,0.507055037875336,-0.677789262261683,0.545169761672225,-0.178098722066789,-0.18705902207674,0.315344233196838,1.02053591904377,0.113129875081993,0.0721692228113832,-0.298221775698388,0.622371360516733,-0.0315013854545616,-0.0566992587063937,27.0,0
162064.0,1.99759039220533,-0.285063533273721,-0.290811373876714,0.349790915953278,-0.764222955597955,-0.861979247497417,-0.477194676415427,-0.0765949432183184,1.40326750754911,-0.209909745869254,-0.800795659529403,0.230291357541065,-0.435841785440206,0.17753424758122,1.12113026014136,0.242704390252225,-0.623634130762735,0.0722296243938013,-0.146734980335715,-0.280450405832185,-0.124054359094382,-0.241328984609038,0.361134187676821,-0.0272438962544233,-0.385948671119182,-0.924920721400801,0.0560441744605384,-0.0279430967869854,1.0,0
171400.0,1.20906994646103,-2.3383531444828,-4.42211260634635,-1.10057772862925,2.14698829554913,2.88594888310213,0.657054117053647,0.267980878428159,-1.38334906766735,0.808357759168512,-0.225477528310495,-0.154596072359273,-0.0032692847117696,0.999172017442362,0.0921428161710857,-2.29633116518791,0.121113408897352,0.577367610920732,-0.963344155231621,0.527938348261948,0.218439446624727,-0.0542862597448482,-0.523361300474442,0.804463018218506,0.346024910803608,0.983194473487468,-0.203300800214319,-0.0052874657270272,544.0,0
146680.0,-0.579343953172453,1.54265281384785,-1.46421573967813,0.68311243204222,1.97709503361088,1.35742860589377,0.707753609730867,0.872849874757791,-0.946145943586224,-0.769095693790377,0.659586674712688,-0.207589035750084,-1.44931938601016,-0.248177614128259,0.0351633480492517,-0.942424467754442,1.83347198209399,-0.0221171512892597,0.0978586797742294,-0.0979741234657157,0.139199391590013,0.57960058140222,-0.215716848835114,-1.09085896736066,-0.104539044814626,-0.289777513427801,0.359950674276639,0.191712501971774,16.35,0
146696.0,-0.884035588884018,0.201900010206302,1.88086383199974,-1.27642198479,0.359873668171996,-0.709939164420022,0.539752151930893,-0.168269046477297,0.974358336282518,-1.01147404880235,-1.39544258012865,-0.388275867336697,-0.872992836349782,-0.46082572229325,-0.448228787320911,0.445371068414149,-1.08270932930991,0.293374327258622,-1.42377875244639,-0.271404553052473,0.192336394124818,0.74423403317516,-0.415817945380451,-0.0266224365637775,0.173561052378234,-0.420752652002401,-0.175923153304038,-0.0814790594760596,11.5,0
128448.0,1.9666162766948,-0.229719710015875,-0.901302038833968,0.914645767599295,0.349516012177184,0.855593608942687,-0.526757540867295,0.227837594353942,0.668475793845822,0.337163925464721,-0.162467582606504,0.767180330550909,0.39917059578775,0.0693159751972472,-0.187393412870889,0.688079117170299,-1.24030277699172,0.899194850609806,0.017095300691631,-0.148637223649259,0.144480397877469,0.530702849811058,0.0259877480481925,-0.366832121039384,0.0785019673444245,-0.570077608874623,0.0435249181273271,-0.0444196347062391,19.99,0
931.0,-0.516713815431799,0.371676235864372,2.39780304059918,0.193085270005114,0.0374891160040353,-0.278550152361641,0.637185077784706,-0.47261302290494,0.423690219959379,-0.146642527586683,-0.579749080711184,0.469483462986382,0.976982842591352,-1.07782614938947,-0.204634557919679,-0.360653316412893,-0.375352849955176,-0.187641966005513,0.134977703699407,0.110640313188788,0.0778524784936713,0.81087732553029,-0.350431928096264,0.500578801229133,-0.212113808280677,0.366690174914743,-0.290944188064248,-0.331017031278457,29.9,0
163826.0,-2.16948125628232,1.18487381418557,0.212193483647672,-2.56895326861857,-0.452288912449606,-0.589444322773444,-0.0989777122612314,0.63587413766659,-0.593351891972903,0.612925648872646,-1.39337796078075,-1.10699334201461,-0.524756495456331,-0.146875259013326,-0.512255882083176,1.25029811582607,0.186962608632584,-1.25122347884518,0.0671572624163145,0.311453985173863,0.0446958740880697,0.230510981508265,-0.348882644100358,0.571479117074885,1.08001800248196,-0.145336275228751,0.054887720221323,-0.150135030883666,2.95,0
145775.0,2.14611529284814,0.226796021550394,-2.88762624636171,-0.0444927269097053,1.58032794035368,-0.514670482470658,0.970130505887704,-0.440743043732287,-0.320716867527344,0.19219963343372,0.357895665902694,1.25025097243417,1.03208060233492,0.798785395865045,-0.800946253576456,-0.672977606920546,-0.704429979608854,0.0593632889968773,0.64602673140933,-0.124933579070258,0.303817935134266,1.08345051841177,-0.319120542865545,-0.0970214638763724,0.957101252728289,0.124076902792965,-0.0770268580283981,-0.0942619002201127,10.38,0
113205.0,2.2323827541925,-1.39677471628949,-0.560509138288424,-1.43092179478801,-1.54254450921594,-0.893383057065854,-1.13535800494391,-0.290290091938317,-1.19858399518312,1.51250962238601,-0.830375523235408,-0.186442962573325,1.53606814116077,-0.753208242600838,-0.188898789423689,-0.493177820941496,0.386558225698166,-0.123899201310085,-0.23888056839707,-0.322346430332058,-0.116564236131725,0.200220975639465,0.227705933229757,0.0571702538731362,-0.257076745333231,-0.184887939525977,0.0293521071069511,-0.037887349113829,39.0,0
164552.0,0.0182565936666432,0.627450779627132,-1.08725645839486,-0.649833782329558,0.931402011844763,0.29191386330355,0.388059467309527,0.431932512835441,-1.77875222087076,0.360071213288851,-0.849741213143,-0.0195713186569788,-0.264468175464939,0.736286996164563,-1.65358631022627,-1.48656343974128,-0.472186687416974,1.75584003819933,-0.519681095160941,-0.738419513192354,-0.265587287067117,-0.367366990313195,-0.179314835260829,-0.423636779723404,0.206762174575216,-0.590714054275304,-0.0804903687738922,-0.0839217193616737,5.0,0
81515.0,-1.12700671431868,1.31152340359312,1.30042755382726,-0.631404155962033,-0.349167532897144,-0.878366047860178,0.396062750161248,0.478201521991436,-0.625614630475641,-0.507472378928065,1.13409314790944,0.602143306387043,-0.651897326755725,0.701133821483879,-0.374859077709515,0.779778239846475,-0.704626140995087,0.0834897011182344,-0.617934904780116,-0.168458457516125,-0.0906821096301605,-0.483595228592441,0.0465256441330853,0.491440860748752,-0.315062909565406,-0.129354728773321,0.030644359793331,0.109096765411847,5.36,0
160628.0,-0.700299746621482,0.987682948534718,0.915464010750161,0.241181282949186,1.18274824096077,-0.951662169025782,1.89017790650173,-0.502548299283878,-0.698189686774632,-0.538841093518669,-1.19398155764309,-0.62233805255348,-1.08126789685719,0.352029503025405,-0.741993142724462,-0.767513773805443,-0.258983719054949,-0.347882337000461,-0.167238879177107,-0.0176853463586492,0.0149257669944223,0.182974608263349,-0.581119972490926,0.0335329588290766,1.24457536870353,-0.400199606325919,-0.176423508803091,-0.1809519071791,39.9,0
39661.0,-2.89047055978158,-2.58619300214993,3.70660037937452,3.90264536978862,1.95092786955476,0.737577499579116,-3.11097983574449,1.33605758297306,0.459119943187961,0.703367211856737,0.336696579774948,0.635816043648175,-1.0308215129025,-0.734666732973659,-1.08324821050496,-1.06785133102159,1.17161622847641,0.0797197483106248,0.871274795858743,0.958776164281873,0.424888378055161,0.932225200915893,0.283724174845127,-0.241654649463749,0.157326896029011,0.597801071205642,0.337977262091909,0.206481791934902,12.93,0
46954.0,-2.81346318777656,2.07375447601309,0.780403041472733,-1.15333628179201,-2.06180671596728,-0.541993694557411,-1.42378753243526,2.05008262692818,0.242394989604463,-0.750010247843849,0.473696819448922,1.59616097813566,0.0562644624894289,0.622792495358456,-1.23735903779078,0.90936777975229,0.107188894019974,0.208600560011191,-0.348907109282174,-0.0134885832257975,0.0514968623326464,0.0066667243575538,0.0912881069923619,0.579818859736292,0.0947440605006572,0.843488269749912,0.0728429959375872,0.076013928680407,1.0,0
148335.0,1.98753424009444,-0.422851783874328,-0.358103771414951,0.0362221733740183,-0.159283902200819,0.77372242578978,-0.900387252503019,0.234030317300137,1.12288158034258,-0.0556399091826719,0.273711173260684,1.65295327915842,1.81332568685072,-0.433134930033857,0.152159018016571,0.833745465756533,-1.35851781097794,0.896740923501462,0.294342790625728,-0.0439045633682548,0.0847447824105553,0.440436876137571,0.16435974823817,-0.119430875453666,-0.231472404809519,-0.414240500359099,0.0580515668870953,-0.0342066661910978,8.72,0
99999.0,-0.309640758214573,0.771214559112181,0.679051225308463,-1.06967295753635,1.41404212061418,-0.379637710679766,1.31583870525354,-0.449971384710343,1.16282637958005,-1.10598829459525,-0.866322256601574,-2.86634295173228,1.70733967072491,1.32338348652528,-1.27717075696956,0.20604072193005,-0.265102107320129,-0.265534020461651,-0.372734250171373,-0.0866370147634122,-0.463373799330583,-0.943621020049374,-0.200362128792062,-1.1299949620885,-0.170942813196538,0.0874319983153967,-0.149035191501586,-0.106370763033437,19.17,0
70640.0,1.00291487997202,-0.211365643237651,0.228268104572921,0.670051782339294,-0.599696005711465,-0.848700358842306,0.152663267610629,-0.106321239996779,-0.155000801971065,0.115474035719634,1.42460449530069,0.523464216776904,-0.816808044736435,0.719874699721746,0.318074841584467,0.318388280926195,-0.48356681706403,0.214090039725289,-0.0177829619791307,0.0705108263573516,0.121558301608538,0.0638173796304097,-0.138955245353696,0.559184687850206,0.404568882074129,0.358439502125872,-0.0707696169056182,0.0186790211605705,113.65,0
163660.0,0.0368512826678813,0.861040495476964,0.293357502415147,-0.581068103763563,0.397740537010046,-1.12279526083107,1.03145772988767,-0.213779796622015,-0.0581275077283987,-0.41671547276142,-0.905682287769048,0.180275534569563,0.0859367653145361,0.0980179946637562,-0.412078413387873,-0.0986046920661747,-0.410040975156039,-0.759147386570408,-0.088780887480772,-0.0252507219556587,-0.256681105398323,-0.563743039550081,0.0793525431004663,0.0410136396609884,-0.486194731009405,0.137352702399851,0.246279955325583,0.0979694200497793,7.18,0
69139.0,0.416697448474692,-0.667951178969676,0.601648298766613,2.53492398079277,-0.316162945412792,0.968314656332662,0.0672205804325055,0.336474223254709,-0.822487531834411,0.599488070247274,1.57076279053097,0.569486385677173,-0.467328737391745,0.600143890237637,0.589800414809479,0.589438916753195,-0.366235698443248,-0.612869659418289,-1.53494222013565,0.425993926702272,0.0858651588769698,-0.550286996058696,-0.0737596689136988,-0.329615269545599,-0.133668408507814,-0.249496105915623,-0.0287118647608842,0.0715492724009627,325.56,0
4927.0,-1.22251529411008,1.31941950709764,0.851871177743584,1.65278536021179,-1.34565896204807,0.600803072127285,1.3509401225368,0.109842480335903,0.799709110383832,-0.682045878052686,0.611639845241635,-1.90483987878522,2.03958390756266,1.58480567407243,-0.565842726139071,-1.13853742836261,1.55875872030491,-0.542529983946582,0.379566466028306,-0.181021501211811,-0.163681685146631,0.174470439719513,-0.05499030590067,0.401030382984169,-0.134560495828,-0.299316086072711,0.209672261517678,0.013097274951585,278.15,0
64063.0,-3.13129621300103,-4.14320567184897,2.86817863261943,1.52869325243435,2.62468908441837,-0.657291841782812,-2.7581407253115,0.885029552059588,1.83329430658145,-0.338373568725861,-0.358509863790474,0.681179949435592,-1.46993292837905,-0.930795206096308,-2.34592373300107,-0.321426898723771,-0.128984272989329,0.573374624474973,-0.513023229484871,0.909668942204315,0.580549700964789,1.03187319609975,0.71397545749006,-0.320049792132485,-0.441211247627742,-0.375938040975069,-0.038043000603137,0.0471766793917152,100.0,0
123820.0,-1.12301521774814,0.877992223880739,0.124689409623496,0.0068748341112808,2.10023427091856,4.65930208470168,-0.186972839265437,1.66963199925852,-0.306405752708045,-0.750202599390205,-0.720708972249822,0.330023038164258,-0.402411480867927,0.196942334022109,-0.425861187996342,-0.8498811780608,0.451787973159324,-0.651044992616571,1.18020317299054,0.229435534729033,-0.49325998559268,-1.42716320604649,0.0568912695996617,0.622505421529921,0.476644515427762,-0.761795141516068,0.232044943310074,0.0770310812024324,64.33,0
43995.0,1.11693130845022,0.0304554514773206,1.09013061575025,1.52646788566826,-0.720969857077716,0.0255214987531989,-0.371508528166683,0.134323176326545,0.511743613917793,-0.0570035849860014,0.909428036904135,1.65434881767936,0.278503480039189,-0.330983589970234,-1.73785373164215,-0.419734053417137,-0.0493397815202556,-0.0861029698466571,0.313076534560245,-0.138613469645113,-0.0445109104762592,0.217297159484067,-0.0895664423020364,0.574713115305503,0.651619193988078,-0.318695210521446,0.0582260662206485,0.0180429235901499,2.0,0
67784.0,-0.959190812621469,0.41897516968433,3.2442379647541,1.5623177035515,-0.45305796541595,0.70875446987105,-0.262098441943909,0.15144138210174,0.753523466059635,-0.154772262594556,-0.62458272538797,0.293524022498376,-0.323094321456811,-1.00915335887907,-0.192874887411488,-1.26197962276455,0.792515060840858,-0.496387662999884,0.750739579447423,0.0165282137200847,-0.0144756778566312,0.45456405579295,-0.307117094948413,0.43170874342407,0.10663448836172,-0.176862086854578,-0.256701582242256,-0.0923768704675878,1.0,0
22394.0,1.03985264695612,-0.164645211878871,1.40117319149007,1.51418030185942,-0.940842546672892,0.417267557135539,-0.963207037703854,0.385492408544033,2.06665222045573,-0.265796109833733,1.94932287170338,-2.54358078222024,-0.676573834198982,1.8654508167616,-0.367440769811873,0.207912716287049,0.542811848925999,0.736533604200664,-0.823283055695636,-0.320745289541326,0.0483576302427528,0.416121412289413,-0.0194790972189971,0.130473535246944,0.270760927683803,-0.275645473941578,0.0364106639782156,0.0156944007843484,20.0,0
120621.0,0.410249339086851,0.652857836209947,-1.51249413601946,-0.341946488988482,0.415475148632097,-1.10224737836159,0.0491572213807771,-3.10114695367533,-0.443721729032617,-0.759644430574243,-1.28566455659037,-0.559730005405437,-1.82311514337731,1.51165038645127,-0.0703787489789986,0.0249345648236501,-0.326072877316554,-0.385400029568832,-0.58705422075714,0.460369656960046,-1.08329376208168,0.734530377748318,-0.0313531098038762,-0.0937306827420895,-0.0082168956394798,0.493425618802277,0.100844049544953,0.356563214562126,72.58,0
86073.0,-2.33412937339593,2.3349271371471,0.714799413617597,-0.450157556953696,-0.476187905962253,-1.00891525923646,0.709300968283616,0.0021123797004493,1.25340563391473,2.25855072276049,-0.23963552615375,-0.22886633041512,-0.32911848424909,-0.479118841609727,1.04430900732068,-0.0101401435288462,-0.515178346396901,-0.452216844313514,-0.184752861460789,1.01335406912057,-0.574438943502444,-0.698571718589739,0.0150335876609672,0.323222333586669,0.100599147739178,-0.0039413954548068,0.0900252525707742,-0.441320393572161,8.99,0
68771.0,1.34169327988502,-0.283635252426688,-0.990800684423835,-1.24247290378022,1.74069432119567,3.23437785473535,-0.788747986588198,0.832401088957428,0.258927490415575,-0.152514188010901,0.005362003105986,0.0652914842648719,0.1125895552001,0.264663677722806,1.43590973810733,0.730770552449007,-0.86531103910866,0.0220315994871004,0.401110339490974,0.0573722217698156,-0.187809677955115,-0.674559963310323,0.0623534679752769,1.05426914480658,0.278506580350784,0.920090099935038,-0.0678914889654412,0.0024022845390797,0.69,0
127905.0,-0.208321481972075,1.0085161466214,-0.64498546750708,-1.42841203892171,2.01495944754877,-0.280269088495178,1.63585042313947,-0.248437245757917,-1.04390443618021,-0.651505904733921,-0.0281997622569661,0.892793338792294,1.00444591898709,0.357286059285844,-1.84786297585738,-0.0530466341131438,-1.05160718262098,-0.0142990234143539,0.0803154023598025,-0.0909678269616518,0.200508853390885,0.664116657527623,-0.502153807506748,-0.0368765547324239,0.304292001566912,0.551545731341904,0.0382336529103846,0.127492418669152,0.76,0
46837.0,-1.68491973846761,-0.897452688968231,1.23597195758941,1.54564802037674,2.34696471366696,-0.880637741744751,-0.806910027043045,0.0828807634857235,-0.0700203155442281,0.0223378385162648,-0.973085845663779,0.528972139234844,0.684539123527768,-0.180447279377664,0.169520180411664,-0.914843913492954,0.284059681430527,-0.692870991120757,0.712112866139769,-0.320524197175536,-0.139005874918095,0.0133170487313903,-0.543602096781306,-0.378397148783835,0.153869486154273,-0.216162681322937,0.232401513484625,-0.0852644729926751,0.3,0
94709.0,1.95874736135053,1.1986230793558,-2.02985749008053,3.94380647373137,1.72505972747215,0.411553133184787,0.201864396443983,0.0202754754033203,0.0915585965341762,0.113637730912462,1.06080981275421,-3.11943166650966,1.20991704318492,-0.86679422066607,-1.8508508822066,2.19270133256872,1.47707924546435,1.56810443603499,-1.20550613311571,-0.247020524439941,-0.615417226006083,-1.5247785172045,0.157152812140874,-1.83708203707793,-0.152633562908177,-0.307236460108242,-0.0344890439788404,-0.0147260552769959,1.51,0
42872.0,0.179512304409225,-2.59201919992185,1.08612757886487,0.52592644613983,-2.2177492502795,0.933574789922489,-0.840161007951133,0.313534602183669,0.0106224479434402,0.322297597667228,0.86095846183321,1.18229797770899,0.285216477865276,-0.610496699902175,-1.07418969885793,-1.66176327808608,0.442063841025378,1.18613738423683,-0.924714637121017,0.506149688140428,0.0002467678785393,-0.34755890577975,-0.355438142192598,0.28086467206632,-0.125187010202374,0.527597635320735,-0.0283873632165905,0.108679464777131,519.9,0
